area,manure,urea,npk,nitrogen,rain_sow,rain_flow,rain_cycle,rain_year,tillage_ca,tillage_till,village_Ambohimiarina,village_Ambohitsilaozana,village_Ambongabe,village_Ampitatsimo,village_Antsahamamy,soil_hillside,soil_lowland,CA_year_num,x24d_bin,glypho_bin,interaction_till_rain_sow,interaction_ca_rain_sow,interaction_till_rain_flow,interaction_ca_rain_flow,interaction_till_rain_cycle,interaction_ca_rain_cycle,interaction_till_rain_year,interaction_ca_rain_year,interaction_till_nitrogen,interaction_ca_nitrogen,interaction_till_area,interaction_ca_area,ratio_N_urea,ratio_N_manure,total_npk,sow_day_of_year,rain_cycle_squared,nitrogen_squared,area_squared,interaction_rain_nitrogen,interaction_rain_area,water_stress
22.0,0.0,45.5,90.9,30.929,169.0,40.6,926.6,1062.2,False,True,True,False,False,False,False,False,True,0,0,0,169.0,0.0,40.6,0.0,926.6,0.0,1062.2,0.0,30.929,0.0,22.0,0.0,0.6797433023450034,30928.999999999996,90.9,362,858587.56,956.603041,484.0,28658.8114,20385.2,0
0.3,0.0,0.0,0.0,0.0,33.4,363.2,896.2,1105.0,True,False,True,False,False,False,False,False,True,3,1,1,0.0,33.4,0.0,363.2,0.0,896.2,0.0,1105.0,0.0,0.0,0.0,0.3,0.0,0.0,0.0,355,803174.4400000001,0.0,0.09,0.0,268.86,0
50.0,1666.7,0.0,0.0,0.0,49.5,6.0,1307.7,1331.2,False,True,False,False,False,False,True,True,False,0,0,0,49.5,0.0,6.0,0.0,1307.7,0.0,1331.2,0.0,0.0,0.0,50.0,0.0,0.0,0.0,0.0,352,1710079.29,0.0,2500.0,0.0,65385.0,0
0.1,200.0,2.5,0.0,1.15,13.1,3.1,933.3,1142.3,True,False,False,False,False,False,True,False,True,1,0,0,0.0,13.1,0.0,3.1,0.0,933.3,0.0,1142.3,0.0,1.15,0.0,0.1,0.45981607357057175,0.005749971250143749,0.0,353,871048.8899999999,1.3224999999999998,0.010000000000000002,1073.2949999999998,93.33,0
20.0,1200.0,0.0,150.0,16.5,111.0,82.0,824.0,875.4,False,True,False,False,False,False,True,False,True,0,0,0,111.0,0.0,82.0,0.0,824.0,0.0,875.4,0.0,16.5,0.0,20.0,0.0,16500.0,0.013749988541676215,150.0,355,678976.0,272.25,400.0,13596.0,16480.0,0
7.0,1666.7,0.0,0.0,0.0,43.5,62.8,925.4,1108.4,False,True,False,False,True,False,False,False,True,0,0,0,43.5,0.0,62.8,0.0,925.4,0.0,1108.4,0.0,0.0,0.0,7.0,0.0,0.0,0.0,0.0,354,856365.1599999999,0.0,49.0,0.0,6477.8,0
3.9,0.0,77.3,154.6,52.564,168.2,5.4,817.8,1062.2,True,False,True,False,False,False,False,False,True,1,0,1,0.0,168.2,0.0,5.4,0.0,817.8,0.0,1062.2,0.0,52.564,0.0,3.9,0.6799912032185871,52564.0,154.6,6,668796.84,2762.974096,15.209999999999999,42986.839199999995,3189.4199999999996,0
9.1,2738.2,32.9,65.7,22.361,86.9,1.2,665.5,844.8,False,True,False,True,False,False,False,False,True,0,0,0,86.9,0.0,1.2,0.0,665.5,0.0,844.8,0.0,22.361,0.0,9.1,0.0,0.6796449955928392,0.008166310654331073,65.7,3,442890.25,500.01432100000005,82.80999999999999,14881.2455,6056.05,1
0.5,0.0,0.0,0.0,0.0,90.0,34.4,928.6,1105.0,False,True,True,False,False,False,False,False,True,0,0,0,90.0,0.0,34.4,0.0,928.6,0.0,1105.0,0.0,0.0,0.0,0.5,0.0,0.0,0.0,0.0,345,862297.9600000001,0.0,0.25,0.0,464.3,0
0.2,0.0,0.0,0.0,0.0,37.2,346.2,803.5,939.0,False,True,False,False,False,False,True,False,True,0,0,0,37.2,0.0,346.2,0.0,803.5,0.0,939.0,0.0,0.0,0.0,0.2,0.0,0.0,0.0,0.0,358,645612.25,0.0,0.04000000000000001,0.0,160.70000000000002,1
4.8,4968.9,0.0,0.0,0.0,168.0,30.6,757.7,806.1,True,False,False,False,True,False,False,False,True,3,1,1,0.0,168.0,0.0,30.6,0.0,757.7,0.0,806.1,0.0,0.0,0.0,4.8,0.0,0.0,0.0,357,574109.29,0.0,23.04,0.0,3636.96,1
57.0,3156.2,78.9,136.8,51.342,81.5,82.0,824.0,875.4,True,False,False,False,False,False,True,False,True,2,1,0,0.0,81.5,0.0,82.0,0.0,824.0,0.0,875.4,0.0,51.342,0.0,57.0,0.6507141861319881,0.016267024818761543,136.8,354,678976.0,2636.000964,3249.0,42305.808,46968.0,0
6.5,3225.8,0.0,76.9,8.459,6.2,142.0,1132.1,1288.7,False,True,True,False,False,False,False,True,False,0,0,0,6.2,0.0,142.0,0.0,1132.1,0.0,1288.7,0.0,8.459,0.0,6.5,0.0,8459.0,0.002622294431677589,76.9,350,1281650.4099999997,71.55468099999999,42.25,9576.433899999998,7358.65,0
0.2,0.0,0.0,0.0,0.0,31.3,107.2,709.6,1142.3,False,True,False,False,False,False,True,True,False,0,0,0,31.3,0.0,107.2,0.0,709.6,0.0,1142.3,0.0,0.0,0.0,0.2,0.0,0.0,0.0,0.0,329,503532.16000000003,0.0,0.04000000000000001,0.0,141.92000000000002,1
8.0,3125.0,37.5,50.0,22.75,129.0,8.6,704.4,1062.2,True,False,True,False,False,False,False,False,True,1,0,0,0.0,129.0,0.0,8.6,0.0,704.4,0.0,1062.2,0.0,22.75,0.0,8.0,0.6066504893202849,0.007279997670400745,50.0,10,496179.36,517.5625,64.0,16025.1,5635.2,1
0.1,0.0,0.0,0.0,0.0,31.6,339.4,894.2,1105.0,True,False,True,False,False,False,False,False,True,1,0,0,0.0,31.6,0.0,339.4,0.0,894.2,0.0,1105.0,0.0,0.0,0.0,0.1,0.0,0.0,0.0,361,799593.6400000001,0.0,0.010000000000000002,0.0,89.42000000000002,0
0.2,0.0,0.0,0.0,0.0,119.8,4.2,1041.8,1105.0,False,True,True,False,False,False,False,False,True,0,0,0,119.8,0.0,4.2,0.0,1041.8,0.0,1105.0,0.0,0.0,0.0,0.2,0.0,0.0,0.0,0.0,334,1085347.24,0.0,0.04000000000000001,0.0,208.36,0
0.2,0.0,0.0,0.0,0.0,131.0,2.4,962.2,1105.0,False,True,True,False,False,False,False,False,True,0,1,0,131.0,0.0,2.4,0.0,962.2,0.0,1105.0,0.0,0.0,0.0,0.2,0.0,0.0,0.0,0.0,339,925828.8400000001,0.0,0.04000000000000001,0.0,192.44000000000003,0
40.0,3225.8,75.0,125.0,48.25,28.2,210.0,1144.3,1288.7,True,False,True,False,False,False,False,False,True,3,1,0,0.0,28.2,0.0,210.0,0.0,1144.3,0.0,1288.7,0.0,48.25,0.0,40.0,0.6433247556699243,0.014957525278217719,125.0,340,1309422.49,2328.0625,1600.0,55212.475,45772.0,0
0.9,0.0,0.0,0.0,0.0,104.4,21.0,914.6,1331.4,True,False,True,False,False,False,False,False,True,3,0,1,0.0,104.4,0.0,21.0,0.0,914.6,0.0,1331.4,0.0,0.0,0.0,0.9,0.0,0.0,0.0,323,836493.16,0.0,0.81,0.0,823.14,0
0.1,0.0,0.0,0.0,0.0,90.0,34.4,928.6,1105.0,False,True,True,False,False,False,False,False,True,0,0,0,90.0,0.0,34.4,0.0,928.6,0.0,1105.0,0.0,0.0,0.0,0.1,0.0,0.0,0.0,0.0,345,862297.9600000001,0.0,0.010000000000000002,0.0,92.86000000000001,0
8.0,3125.0,75.0,75.0,42.75,162.6,45.0,870.8,1062.2,False,True,True,False,False,False,False,False,True,0,0,1,162.6,0.0,45.0,0.0,870.8,0.0,1062.2,0.0,42.75,0.0,8.0,0.0,0.5699924001013319,0.0136799956224014,75.0,363,758292.6399999999,1827.5625,64.0,37226.7,6966.4,0
15.0,0.0,0.0,100.0,11.0,167.6,41.8,931.0,1062.2,False,True,True,False,False,False,False,False,True,0,1,0,167.6,0.0,41.8,0.0,931.0,0.0,1062.2,0.0,11.0,0.0,15.0,0.0,11000.0,11000.0,100.0,360,866761.0,121.0,225.0,10241.0,13965.0,0
22.0,0.0,40.9,0.0,18.814,2.0,122.2,1013.2,1062.2,True,False,True,False,False,False,False,False,True,3,0,0,0.0,2.0,0.0,122.2,0.0,1013.2,0.0,1062.2,0.0,18.814,0.0,22.0,0.4599887533312144,18814.0,0.0,331,1026574.2400000001,353.966596,484.0,19062.344800000003,22290.4,0
0.3,0.0,0.0,0.0,0.0,20.5,133.9,929.1,1089.9,False,True,False,True,False,False,False,False,True,0,0,0,20.5,0.0,133.9,0.0,929.1,0.0,1089.9,0.0,0.0,0.0,0.3,0.0,0.0,0.0,0.0,352,863226.81,0.0,0.09,0.0,278.73,0
18.0,1666.7,120.0,244.4,82.084,89.4,180.0,1106.1,1288.7,False,True,True,False,False,False,False,False,True,0,0,0,89.4,0.0,180.0,0.0,1106.1,0.0,1288.7,0.0,82.084,0.0,18.0,0.0,0.6840276331030575,0.04924938546265947,244.4,335,1223457.2099999997,6737.783056,324.0,90793.1124,19909.8,0
50.0,1500.0,60.0,50.0,33.1,0.0,291.3,803.9,844.8,True,False,False,True,False,False,False,False,True,2,1,1,0.0,0.0,0.0,291.3,0.0,803.9,0.0,844.8,0.0,33.1,0.0,50.0,0.5516574723754605,0.022066651955565363,50.0,346,646255.21,1095.6100000000001,2500.0,26609.09,40195.0,0
32.9,2276.9,30.4,0.0,13.984,3.4,298.3,803.72,844.8,False,True,False,True,False,False,False,False,True,0,0,0,3.4,0.0,298.3,0.0,803.72,0.0,844.8,0.0,13.984,0.0,32.9,0.0,0.4599848689187856,0.006141681171030272,0.0,339,645965.8384,195.552256,1082.4099999999999,11239.22048,26442.388,1
0.2,1000.0,0.0,0.0,0.0,92.1,106.8,929.3,1142.3,False,True,False,False,False,False,True,True,False,0,0,0,92.1,0.0,106.8,0.0,929.3,0.0,1142.3,0.0,0.0,0.0,0.2,0.0,0.0,0.0,0.0,358,863598.4899999999,0.0,0.04000000000000001,0.0,185.86,0
20.0,1666.7,50.0,0.0,23.0,138.0,145.4,970.4,1108.4,True,False,False,False,True,False,False,False,True,3,1,0,0.0,138.0,0.0,145.4,0.0,970.4,0.0,1108.4,0.0,23.0,0.0,20.0,0.45999080018399635,0.013799715725856048,0.0,326,941676.1599999999,529.0,400.0,22319.2,19408.0,0
0.2,0.0,0.0,0.0,0.0,69.4,130.0,928.8,1105.0,False,True,True,False,False,False,False,False,True,0,0,0,69.4,0.0,130.0,0.0,928.8,0.0,1105.0,0.0,0.0,0.0,0.2,0.0,0.0,0.0,0.0,347,862669.44,0.0,0.04000000000000001,0.0,185.76,0
0.0,0.0,0.0,0.0,0.0,17.6,129.8,1031.2,1105.0,True,False,True,False,False,False,False,False,True,4,1,1,0.0,17.6,0.0,129.8,0.0,1031.2,0.0,1105.0,0.0,0.0,0.0,0.0,0.0,0.0,0.0,321,1063373.4400000002,0.0,0.0,0.0,0.0,0
0.2,0.0,0.0,0.0,0.0,31.7,147.6,1025.5,1089.9,True,False,False,True,False,False,False,False,True,4,0,0,0.0,31.7,0.0,147.6,0.0,1025.5,0.0,1089.9,0.0,0.0,0.0,0.2,0.0,0.0,0.0,326,1051650.25,0.0,0.04000000000000001,0.0,205.10000000000002,0
54.0,1851.9,0.0,0.0,0.0,17.8,88.8,1307.7,1331.2,False,True,False,False,False,False,True,True,False,0,0,0,17.8,0.0,88.8,0.0,1307.7,0.0,1331.2,0.0,0.0,0.0,54.0,0.0,0.0,0.0,0.0,349,1710079.29,0.0,2916.0,0.0,70615.8,0
27.0,0.0,59.3,0.0,27.278,14.7,268.1,1213.5,1320.5,True,False,False,True,False,False,False,False,True,1,0,0,0.0,14.7,0.0,268.1,0.0,1213.5,0.0,1320.5,0.0,27.278,0.0,27.0,0.4599922429638624,27277.999999999996,0.0,341,1472582.25,744.0892839999999,729.0,33101.852999999996,32764.5,0
0.4,0.0,0.0,0.0,0.0,31.6,370.4,894.2,1105.0,False,True,True,False,False,False,False,False,True,0,0,0,31.6,0.0,370.4,0.0,894.2,0.0,1105.0,0.0,0.0,0.0,0.4,0.0,0.0,0.0,0.0,360,799593.6400000001,0.0,0.16000000000000003,0.0,357.68000000000006,0
20.0,0.0,50.1,0.0,23.046,129.9,14.0,616.5,806.1,False,True,False,False,True,False,False,False,True,0,1,0,129.9,0.0,14.0,0.0,616.5,0.0,806.1,0.0,23.046,0.0,20.0,0.0,0.459990818546536,23046.0,0.0,2,380072.25,531.118116,400.0,14207.859,12330.0,1
16.8,2028.6,59.7,71.6,35.338,109.8,52.5,770.5,875.4,False,True,False,False,False,False,True,True,False,0,0,0,109.8,0.0,52.5,0.0,770.5,0.0,875.4,0.0,35.338,0.0,16.8,0.0,0.5919163833101623,0.017419886907282408,71.6,360,593670.25,1248.7742440000002,282.24,27227.929,12944.400000000001,1
0.1,650.0,0.0,0.0,0.0,123.8,21.8,916.4,1331.4,True,False,True,False,False,False,False,False,True,4,0,1,0.0,123.8,0.0,21.8,0.0,916.4,0.0,1331.4,0.0,0.0,0.0,0.1,0.0,0.0,0.0,322,839788.96,0.0,0.010000000000000002,0.0,91.64,0
0.3,0.0,0.0,0.0,0.0,45.5,67.1,946.1,1089.9,True,False,False,True,False,False,False,False,True,1,0,0,0.0,45.5,0.0,67.1,0.0,946.1,0.0,1089.9,0.0,0.0,0.0,0.3,0.0,0.0,0.0,345,895105.2100000001,0.0,0.09,0.0,283.83,0
0.1,0.0,0.0,0.0,0.0,45.7,357.1,804.5,939.0,True,False,False,False,False,False,True,True,False,2,0,0,0.0,45.7,0.0,357.1,0.0,804.5,0.0,939.0,0.0,0.0,0.0,0.1,0.0,0.0,0.0,355,647220.25,0.0,0.010000000000000002,0.0,80.45,0
20.0,3000.0,75.0,225.0,59.25,0.0,390.0,1308.7,1331.2,True,False,False,False,False,False,True,True,False,1,1,0,0.0,0.0,0.0,390.0,0.0,1308.7,0.0,1331.2,0.0,59.25,0.0,20.0,0.7899894668071092,0.01974999341666886,225.0,333,1712695.6900000002,3510.5625,400.0,77540.475,26174.0,0
0.1,0.0,0.0,0.0,0.0,144.6,13.8,928.4,1105.0,True,False,True,False,False,False,False,False,True,1,0,0,0.0,144.6,0.0,13.8,0.0,928.4,0.0,1105.0,0.0,0.0,0.0,0.1,0.0,0.0,0.0,343,861926.5599999999,0.0,0.010000000000000002,0.0,92.84,0
5.2,1500.0,134.6,25.0,64.666,140.0,32.2,722.1,844.8,False,True,False,True,False,False,False,False,True,0,0,0,140.0,0.0,32.2,0.0,722.1,0.0,844.8,0.0,64.666,0.0,5.2,0.0,0.48042733709259217,0.04311063792624138,25.0,360,521428.41000000003,4181.691556,27.040000000000003,46695.3186,3754.92,1
0.4,900.0,15.0,0.0,6.9,44.6,4.0,1023.4,1331.4,False,True,True,False,False,False,False,False,True,0,0,0,44.6,0.0,4.0,0.0,1023.4,0.0,1331.4,0.0,6.9,0.0,0.4,0.0,0.4599693353776415,0.007666658148157614,0.0,353,1047347.5599999999,47.61000000000001,0.16000000000000003,7061.46,409.36,0
0.2,0.0,0.0,0.0,0.0,45.5,78.7,946.0,1089.9,False,True,False,True,False,False,False,False,True,0,0,0,45.5,0.0,78.7,0.0,946.0,0.0,1089.9,0.0,0.0,0.0,0.2,0.0,0.0,0.0,0.0,346,894916.0,0.0,0.04000000000000001,0.0,189.20000000000002,0
0.1,0.0,0.0,0.0,0.0,56.7,177.8,836.3,939.0,True,False,False,False,False,False,True,True,False,2,0,0,0.0,56.7,0.0,177.8,0.0,836.3,0.0,939.0,0.0,0.0,0.0,0.1,0.0,0.0,0.0,347,699397.69,0.0,0.010000000000000002,0.0,83.63,0
7.0,3571.4,0.0,0.0,0.0,13.2,135.2,1132.5,1288.7,True,False,True,False,False,False,False,False,True,1,0,0,0.0,13.2,0.0,135.2,0.0,1132.5,0.0,1288.7,0.0,0.0,0.0,7.0,0.0,0.0,0.0,345,1282556.25,0.0,49.0,0.0,7927.5,0
0.2,1000.0,0.0,0.0,0.0,97.7,169.3,758.9,1227.0,False,True,False,True,False,False,False,False,True,0,0,0,97.7,0.0,169.3,0.0,758.9,0.0,1227.0,0.0,0.0,0.0,0.2,0.0,0.0,0.0,0.0,329,575929.21,0.0,0.04000000000000001,0.0,151.78,1
5.2,0.0,57.7,96.2,37.124,181.8,6.8,706.4,1062.2,True,False,True,False,False,False,False,False,True,2,0,1,0.0,181.8,0.0,6.8,0.0,706.4,0.0,1062.2,0.0,37.124,0.0,5.2,0.6433857298833643,37124.0,96.2,15,499000.95999999996,1378.1913760000002,27.040000000000003,26224.3936,3673.28,1
12.0,4166.7,30.0,150.0,30.3,44.7,6.0,1307.7,1331.2,False,True,False,False,False,False,True,True,False,0,0,0,44.7,0.0,6.0,0.0,1307.7,0.0,1331.2,0.0,30.3,0.0,12.0,0.0,1.009966334455518,0.007271940079213748,150.0,354,1710079.29,918.09,144.0,39623.310000000005,15692.400000000001,0
0.1,250.0,0.0,0.0,0.0,42.4,308.6,987.0,1331.4,True,False,True,False,False,False,False,False,True,4,0,1,0.0,42.4,0.0,308.6,0.0,987.0,0.0,1331.4,0.0,0.0,0.0,0.1,0.0,0.0,0.0,306,974169.0,0.0,0.010000000000000002,0.0,98.7,0
15.0,4166.7,53.3,0.0,24.518,138.0,98.4,912.4,1108.4,True,False,False,False,True,False,False,False,True,1,1,0,0.0,138.0,0.0,98.4,0.0,912.4,0.0,1108.4,0.0,24.518,0.0,15.0,0.4599913697679219,0.005884271513602728,0.0,329,832473.76,601.132324,225.0,22370.2232,13686.0,0
10.8,3333.3,0.0,55.6,6.116,44.7,6.0,1307.7,1331.2,False,True,False,False,False,False,True,True,False,0,0,0,44.7,0.0,6.0,0.0,1307.7,0.0,1331.2,0.0,6.116,0.0,10.8,0.0,6115.999999999999,0.0018348177977326376,55.6,354,1710079.29,37.405455999999994,116.64000000000001,7997.8931999999995,14123.160000000002,0
0.1,0.0,0.0,0.0,0.0,49.0,45.0,1053.8,1105.0,False,True,True,False,False,False,False,False,True,0,0,0,49.0,0.0,45.0,0.0,1053.8,0.0,1105.0,0.0,0.0,0.0,0.1,0.0,0.0,0.0,0.0,329,1110494.44,0.0,0.010000000000000002,0.0,105.38,0
0.4,0.0,0.0,0.0,0.0,32.3,112.5,946.0,1089.9,False,True,False,True,False,False,False,False,True,0,0,0,32.3,0.0,112.5,0.0,946.0,0.0,1089.9,0.0,0.0,0.0,0.4,0.0,0.0,0.0,0.0,348,894916.0,0.0,0.16000000000000003,0.0,378.40000000000003,0
0.1,160.0,0.0,0.0,0.0,92.1,109.9,925.8,1142.3,True,False,False,False,False,False,True,True,False,1,0,0,0.0,92.1,0.0,109.9,0.0,925.8,0.0,1142.3,0.0,0.0,0.0,0.1,0.0,0.0,0.0,360,857105.6399999999,0.0,0.010000000000000002,0.0,92.58,0
0.2,0.0,0.0,0.0,0.0,79.0,55.4,836.3,939.0,True,False,False,False,False,False,True,True,False,2,0,0,0.0,79.0,0.0,55.4,0.0,836.3,0.0,939.0,0.0,0.0,0.0,0.2,0.0,0.0,0.0,344,699397.69,0.0,0.04000000000000001,0.0,167.26,0
0.5,0.0,0.0,0.0,0.0,32.8,199.9,807.0,939.0,True,False,False,False,False,False,True,True,False,1,0,0,0.0,32.8,0.0,199.9,0.0,807.0,0.0,939.0,0.0,0.0,0.0,0.5,0.0,0.0,0.0,349,651249.0,0.0,0.25,0.0,403.5,0
0.2,0.0,0.0,0.0,0.0,88.7,299.5,685.3,801.7,True,False,False,False,True,False,False,False,True,1,1,1,0.0,88.7,0.0,299.5,0.0,685.3,0.0,801.7,0.0,0.0,0.0,0.2,0.0,0.0,0.0,364,469636.0899999999,0.0,0.04000000000000001,0.0,137.06,1
0.4,0.0,0.0,0.0,0.0,65.2,102.3,716.3,801.7,False,True,False,False,True,False,False,False,True,0,0,0,65.2,0.0,102.3,0.0,716.3,0.0,801.7,0.0,0.0,0.0,0.4,0.0,0.0,0.0,0.0,346,513085.68999999994,0.0,0.16000000000000003,0.0,286.52,1
0.0,0.0,0.0,0.0,0.0,52.8,50.6,981.0,1331.4,True,False,True,False,False,False,False,True,False,1,0,0,0.0,52.8,0.0,50.6,0.0,981.0,0.0,1331.4,0.0,0.0,0.0,0.0,0.0,0.0,0.0,362,962361.0,0.0,0.0,0.0,0.0,0
0.1,0.0,0.0,0.0,0.0,124.6,34.4,927.4,1105.0,False,True,True,False,False,False,False,False,True,0,0,0,124.6,0.0,34.4,0.0,927.4,0.0,1105.0,0.0,0.0,0.0,0.1,0.0,0.0,0.0,0.0,344,860070.76,0.0,0.010000000000000002,0.0,92.74000000000001,0
0.1,0.0,0.0,0.0,0.0,61.4,33.0,981.0,1331.4,True,False,True,False,False,False,False,False,True,2,0,0,0.0,61.4,0.0,33.0,0.0,981.0,0.0,1331.4,0.0,0.0,0.0,0.1,0.0,0.0,0.0,361,962361.0,0.0,0.010000000000000002,0.0,98.10000000000001,0
5.1,0.0,0.0,0.0,0.0,40.2,15.1,682.9,875.4,True,False,False,False,False,False,True,False,True,1,0,0,0.0,40.2,0.0,15.1,0.0,682.9,0.0,875.4,0.0,0.0,0.0,5.1,0.0,0.0,0.0,10,466352.41,0.0,26.009999999999998,0.0,3482.7899999999995,1
3.9,0.0,0.0,0.0,0.0,22.6,8.6,642.62,844.8,False,True,False,True,False,False,False,False,True,0,0,0,22.6,0.0,8.6,0.0,642.62,0.0,844.8,0.0,0.0,0.0,3.9,0.0,0.0,0.0,0.0,18,412960.4644,0.0,15.209999999999999,0.0,2506.218,1
3.4,4360.5,0.0,0.0,0.0,91.6,72.0,990.6,1062.2,True,False,True,False,False,False,False,False,True,1,1,1,0.0,91.6,0.0,72.0,0.0,990.6,0.0,1062.2,0.0,0.0,0.0,3.4,0.0,0.0,0.0,352,981288.3600000001,0.0,11.559999999999999,0.0,3368.04,0
0.5,0.0,50.0,0.0,23.0,23.6,166.2,757.9,1227.0,False,True,False,True,False,False,False,False,True,0,0,0,23.6,0.0,166.2,0.0,757.9,0.0,1227.0,0.0,23.0,0.0,0.5,0.0,0.45999080018399635,23000.0,0.0,335,574412.4099999999,529.0,0.25,17431.7,378.95,1
0.1,500.0,0.0,0.0,0.0,33.3,107.2,719.1,1142.3,False,True,False,False,False,False,True,False,True,0,0,0,33.3,0.0,107.2,0.0,719.1,0.0,1142.3,0.0,0.0,0.0,0.1,0.0,0.0,0.0,0.0,332,517104.81000000006,0.0,0.010000000000000002,0.0,71.91000000000001,1
4.6,2608.7,0.0,130.4,14.344,198.2,43.4,934.2,1062.2,False,True,True,False,False,False,False,False,True,0,1,0,198.2,0.0,43.4,0.0,934.2,0.0,1062.2,0.0,14.344,0.0,4.6,0.0,14344.0,0.005498522061363107,130.4,358,872729.6400000001,205.75033599999998,21.159999999999997,13400.1648,4297.32,0
10.0,2750.0,0.0,0.0,0.0,111.3,280.0,1258.0,1331.2,False,True,False,False,False,False,True,False,True,0,0,0,111.3,0.0,280.0,0.0,1258.0,0.0,1331.2,0.0,0.0,0.0,10.0,0.0,0.0,0.0,0.0,364,1582564.0,0.0,100.0,0.0,12580.0,0
10.0,3928.6,0.0,0.0,0.0,62.2,15.4,1299.9,1331.2,False,True,False,False,False,False,True,False,True,0,0,0,62.2,0.0,15.4,0.0,1299.9,0.0,1331.2,0.0,0.0,0.0,10.0,0.0,0.0,0.0,0.0,359,1689740.0100000002,0.0,100.0,0.0,12999.0,0
10.0,5000.0,0.0,0.0,0.0,169.0,40.6,926.6,1062.2,False,True,True,False,False,False,False,False,True,0,1,0,169.0,0.0,40.6,0.0,926.6,0.0,1062.2,0.0,0.0,0.0,10.0,0.0,0.0,0.0,0.0,362,858587.56,0.0,100.0,0.0,9266.0,0
5.0,0.0,40.0,0.0,18.4,165.6,53.8,962.4,1062.2,True,False,True,False,False,False,False,False,True,2,0,1,0.0,165.6,0.0,53.8,0.0,962.4,0.0,1062.2,0.0,18.4,0.0,5.0,0.45998850028749283,18400.0,0.0,357,926213.76,338.55999999999995,25.0,17708.16,4812.0,0
0.5,1481.5,0.0,0.0,0.0,16.2,345.4,803.5,939.0,True,False,False,False,False,False,True,False,True,4,0,0,0.0,16.2,0.0,345.4,0.0,803.5,0.0,939.0,0.0,0.0,0.0,0.5,0.0,0.0,0.0,357,645612.25,0.0,0.25,0.0,401.75,1
25.0,0.0,40.0,0.0,18.4,70.0,58.9,788.2,806.1,True,False,False,False,True,False,False,False,True,2,1,0,0.0,70.0,0.0,58.9,0.0,788.2,0.0,806.1,0.0,18.4,0.0,25.0,0.45998850028749283,18400.0,0.0,353,621259.2400000001,338.55999999999995,625.0,14502.88,19705.0,1
9.0,0.0,33.3,0.0,15.318,111.3,280.0,1258.0,1331.2,False,True,False,False,False,False,True,False,True,0,0,0,111.3,0.0,280.0,0.0,1258.0,0.0,1331.2,0.0,15.318,0.0,9.0,0.0,0.45998618660100304,15318.0,0.0,364,1582564.0,234.641124,81.0,19270.043999999998,11322.0,0
0.2,0.0,0.0,0.0,0.0,45.5,78.7,946.0,1089.9,True,False,False,True,False,False,False,False,True,1,0,0,0.0,45.5,0.0,78.7,0.0,946.0,0.0,1089.9,0.0,0.0,0.0,0.2,0.0,0.0,0.0,346,894916.0,0.0,0.04000000000000001,0.0,189.20000000000002,0
0.2,0.0,0.0,0.0,0.0,144.6,13.8,928.4,1105.0,False,True,True,False,False,False,False,False,True,0,0,0,144.6,0.0,13.8,0.0,928.4,0.0,1105.0,0.0,0.0,0.0,0.2,0.0,0.0,0.0,0.0,343,861926.5599999999,0.0,0.04000000000000001,0.0,185.68,0
7.0,4166.7,0.0,0.0,0.0,163.2,240.5,1087.5,1288.7,False,True,True,False,False,False,False,False,True,0,0,0,163.2,0.0,240.5,0.0,1087.5,0.0,1288.7,0.0,0.0,0.0,7.0,0.0,0.0,0.0,0.0,365,1182656.25,0.0,49.0,0.0,7612.5,0
0.3,0.0,0.0,0.0,0.0,50.0,107.2,719.1,1142.3,False,True,False,False,False,False,True,False,True,0,0,0,50.0,0.0,107.2,0.0,719.1,0.0,1142.3,0.0,0.0,0.0,0.3,0.0,0.0,0.0,0.0,331,517104.81000000006,0.0,0.09,0.0,215.73,1
4.0,5000.0,0.0,75.0,8.25,122.3,53.3,789.0,875.4,False,True,False,False,False,False,True,False,True,0,0,0,122.3,0.0,53.3,0.0,789.0,0.0,875.4,0.0,8.25,0.0,4.0,0.0,8250.0,0.001649999670000066,75.0,358,622521.0,68.0625,16.0,6509.25,3156.0,1
0.2,900.0,0.0,10.0,1.1,53.2,335.2,928.0,1331.4,False,True,True,False,False,False,False,False,True,0,0,0,53.2,0.0,335.2,0.0,928.0,0.0,1331.4,0.0,1.1,0.0,0.2,0.0,1100.0,0.00122222086419904,10.0,329,861184.0,1.2100000000000002,0.04000000000000001,1020.8000000000001,185.60000000000002,0
0.2,0.0,0.0,0.0,0.0,104.2,304.0,894.0,1105.0,True,False,True,False,False,False,False,False,True,1,0,0,0.0,104.2,0.0,304.0,0.0,894.0,0.0,1105.0,0.0,0.0,0.0,0.2,0.0,0.0,0.0,364,799236.0,0.0,0.04000000000000001,0.0,178.8,0
8.0,0.0,0.0,75.0,8.25,91.6,71.4,1021.0,1062.2,False,True,True,False,False,False,False,False,True,0,1,1,91.6,0.0,71.4,0.0,1021.0,0.0,1062.2,0.0,8.25,0.0,8.0,0.0,8250.0,8250.0,75.0,351,1042441.0,68.0625,64.0,8423.25,8168.0,0
0.3,0.0,0.0,0.0,0.0,45.2,15.4,1010.8,1331.4,False,True,True,False,False,False,False,False,True,0,0,0,45.2,0.0,15.4,0.0,1010.8,0.0,1331.4,0.0,0.0,0.0,0.3,0.0,0.0,0.0,0.0,347,1021716.6399999999,0.0,0.09,0.0,303.23999999999995,0
0.1,0.0,0.0,8.0,0.88,49.8,72.6,981.4,1331.4,False,True,True,False,False,False,False,False,True,0,0,1,49.8,0.0,72.6,0.0,981.4,0.0,1331.4,0.0,0.88,0.0,0.1,0.0,880.0,880.0,8.0,364,963145.96,0.7744,0.010000000000000002,863.632,98.14,0
10.0,3500.0,0.0,0.0,0.0,1.8,122.2,1015.4,1062.2,True,False,True,False,False,False,False,True,False,3,0,0,0.0,1.8,0.0,122.2,0.0,1015.4,0.0,1062.2,0.0,0.0,0.0,10.0,0.0,0.0,0.0,332,1031037.1599999999,0.0,100.0,0.0,10154.0,0
0.2,250.0,8.0,0.0,3.68,140.4,279.6,944.4,1331.4,True,False,True,False,False,False,False,False,True,2,0,1,0.0,140.4,0.0,279.6,0.0,944.4,0.0,1331.4,0.0,3.68,0.0,0.2,0.45994250718660173,0.01471994112023552,0.0,315,891891.36,13.5424,0.04000000000000001,3475.3920000000003,188.88,0
10.0,2500.0,30.0,0.0,13.8,171.7,30.6,718.2,806.1,False,True,False,False,True,False,False,False,True,0,1,0,171.7,0.0,30.6,0.0,718.2,0.0,806.1,0.0,13.8,0.0,10.0,0.0,0.45998466717776076,0.005519997792000883,0.0,361,515811.24000000005,190.44000000000003,100.0,9911.160000000002,7182.0,1
0.2,0.0,0.0,0.0,0.0,32.3,112.5,946.0,1089.9,False,True,False,True,False,False,False,False,True,0,0,0,32.3,0.0,112.5,0.0,946.0,0.0,1089.9,0.0,0.0,0.0,0.2,0.0,0.0,0.0,0.0,348,894916.0,0.0,0.04000000000000001,0.0,189.20000000000002,0
15.0,1666.7,0.0,66.7,7.337,72.3,280.0,1263.0,1331.2,False,True,False,False,False,False,True,True,False,0,0,0,72.3,0.0,280.0,0.0,1263.0,0.0,1331.2,0.0,7.337,0.0,15.0,0.0,7337.0,0.004402109316548079,66.7,363,1595169.0,53.831568999999995,225.0,9266.631,18945.0,0
0.1,0.0,0.0,10.0,1.1,49.8,72.6,981.4,1331.4,False,True,True,False,False,False,False,False,True,0,0,1,49.8,0.0,72.6,0.0,981.4,0.0,1331.4,0.0,1.1,0.0,0.1,0.0,1100.0,1100.0,10.0,364,963145.96,1.2100000000000002,0.010000000000000002,1079.54,98.14,0
0.2,30.0,0.0,0.0,0.0,42.4,308.6,987.0,1331.4,False,True,True,False,False,False,False,False,True,0,0,0,42.4,0.0,308.6,0.0,987.0,0.0,1331.4,0.0,0.0,0.0,0.2,0.0,0.0,0.0,0.0,306,974169.0,0.0,0.04000000000000001,0.0,197.4,0
0.2,800.0,11.0,0.0,5.06,6.0,41.3,908.6,1142.3,True,False,False,False,False,False,True,True,False,4,0,0,0.0,6.0,0.0,41.3,0.0,908.6,0.0,1142.3,0.0,5.06,0.0,0.2,0.45995818561948915,0.0063249920937598824,0.0,347,825553.9600000001,25.603599999999997,0.04000000000000001,4597.516,181.72000000000003,0
8.0,0.0,0.0,50.0,5.5,170.4,5.4,824.4,1062.2,False,True,True,False,False,False,False,False,True,0,0,0,170.4,0.0,5.4,0.0,824.4,0.0,1062.2,0.0,5.5,0.0,8.0,0.0,5500.0,5500.0,50.0,5,679635.36,30.25,64.0,4534.2,6595.2,0
0.2,900.0,0.0,0.0,0.0,40.6,321.0,956.8,1331.4,False,True,True,False,False,False,False,False,True,0,0,0,40.6,0.0,321.0,0.0,956.8,0.0,1331.4,0.0,0.0,0.0,0.2,0.0,0.0,0.0,0.0,339,915466.2399999999,0.0,0.04000000000000001,0.0,191.36,0
35.0,2083.3,0.0,0.0,0.0,49.7,6.5,1307.7,1331.2,False,True,False,False,False,False,True,True,False,0,0,0,49.7,0.0,6.5,0.0,1307.7,0.0,1331.2,0.0,0.0,0.0,35.0,0.0,0.0,0.0,0.0,356,1710079.29,0.0,1225.0,0.0,45769.5,0
0.3,690.0,0.0,0.0,0.0,43.7,130.6,678.0,1142.3,False,True,False,False,False,False,True,False,True,0,0,0,43.7,0.0,130.6,0.0,678.0,0.0,1142.3,0.0,0.0,0.0,0.3,0.0,0.0,0.0,0.0,319,459684.0,0.0,0.09,0.0,203.4,1
0.0,100.0,0.0,0.0,0.0,50.0,107.2,719.1,1142.3,True,False,False,False,False,False,True,False,True,1,0,0,0.0,50.0,0.0,107.2,0.0,719.1,0.0,1142.3,0.0,0.0,0.0,0.0,0.0,0.0,0.0,331,517104.81000000006,0.0,0.0,0.0,0.0,1
0.2,0.0,0.0,0.0,0.0,14.4,228.8,973.4,1105.0,True,False,True,False,False,False,False,False,True,2,0,0,0.0,14.4,0.0,228.8,0.0,973.4,0.0,1105.0,0.0,0.0,0.0,0.2,0.0,0.0,0.0,316,947507.5599999999,0.0,0.04000000000000001,0.0,194.68,0
0.2,500.0,0.0,0.0,0.0,92.1,106.8,929.3,1142.3,True,False,False,False,False,False,True,True,False,1,0,1,0.0,92.1,0.0,106.8,0.0,929.3,0.0,1142.3,0.0,0.0,0.0,0.2,0.0,0.0,0.0,358,863598.4899999999,0.0,0.04000000000000001,0.0,185.86,0
25.4,1666.7,47.2,0.0,21.712,89.4,180.0,1106.1,1288.7,True,False,True,False,False,False,False,False,True,1,0,0,0.0,89.4,0.0,180.0,0.0,1106.1,0.0,1288.7,0.0,21.712,0.0,25.4,0.4599902544437618,0.013026931645208108,0.0,335,1223457.2099999997,471.410944,645.16,24015.6432,28094.939999999995,0
9.9,1209.7,50.4,0.0,23.184,168.0,30.6,757.7,806.1,False,True,False,False,True,False,False,False,True,0,1,1,168.0,0.0,30.6,0.0,757.7,0.0,806.1,0.0,23.184,0.0,9.9,0.0,0.4599908731969604,0.019165066408972135,0.0,357,574109.29,537.4978560000001,98.01,17566.5168,7501.2300000000005,1
9.0,3571.4,100.0,0.0,46.0,28.4,137.6,1136.7,1288.7,False,True,True,False,False,False,False,False,True,0,0,0,28.4,0.0,137.6,0.0,1136.7,0.0,1288.7,0.0,46.0,0.0,9.0,0.0,0.45999540004599954,0.012880099434367633,0.0,344,1292086.8900000001,2116.0,81.0,52288.200000000004,10230.300000000001,0
0.1,0.0,0.0,0.0,0.0,104.2,12.8,1056.8,1105.0,True,False,True,False,False,False,False,False,True,3,0,0,0.0,104.2,0.0,12.8,0.0,1056.8,0.0,1105.0,0.0,0.0,0.0,0.1,0.0,0.0,0.0,331,1116826.24,0.0,0.010000000000000002,0.0,105.68,0
25.0,6000.0,120.0,200.0,77.2,25.6,222.8,1176.5,1320.5,False,True,False,True,False,False,False,False,True,0,0,0,25.6,0.0,222.8,0.0,1176.5,0.0,1320.5,0.0,77.2,0.0,25.0,0.0,0.6433279722668978,0.01286666452222258,200.0,336,1384152.25,5959.84,625.0,90825.8,29412.5,0
0.2,250.0,5.0,0.0,2.3,27.5,207.1,789.5,1164.1,True,False,False,False,True,False,False,False,True,4,0,1,0.0,27.5,0.0,207.1,0.0,789.5,0.0,1164.1,0.0,2.3,0.0,0.2,0.4599080183963207,0.009199963200147198,0.0,331,623310.25,5.289999999999999,0.04000000000000001,1815.85,157.9,1
0.1,300.0,0.0,0.0,0.0,30.6,106.8,728.2,1142.3,False,True,False,False,False,False,True,False,True,0,0,0,30.6,0.0,106.8,0.0,728.2,0.0,1142.3,0.0,0.0,0.0,0.1,0.0,0.0,0.0,0.0,333,530275.2400000001,0.0,0.010000000000000002,0.0,72.82000000000001,1
5.5,3125.0,0.0,0.0,0.0,66.6,173.4,1106.3,1288.7,True,False,True,False,False,False,False,False,True,1,0,0,0.0,66.6,0.0,173.4,0.0,1106.3,0.0,1288.7,0.0,0.0,0.0,5.5,0.0,0.0,0.0,336,1223899.69,0.0,30.25,0.0,6084.65,0
10.0,1500.0,0.0,0.0,0.0,200.0,6.8,706.0,1062.2,False,True,True,False,False,False,False,False,True,0,0,0,200.0,0.0,6.8,0.0,706.0,0.0,1062.2,0.0,0.0,0.0,10.0,0.0,0.0,0.0,0.0,13,498436.0,0.0,100.0,0.0,7060.0,1
0.5,0.0,0.0,0.0,0.0,63.2,12.5,863.6,900.1,True,False,False,False,False,True,False,True,False,1,0,0,0.0,63.2,0.0,12.5,0.0,863.6,0.0,900.1,0.0,0.0,0.0,0.5,0.0,0.0,0.0,329,745804.9600000001,0.0,0.25,0.0,431.8,0
0.1,0.0,0.0,0.0,0.0,36.8,227.4,895.6,1105.0,False,True,True,False,False,False,False,False,True,0,0,0,36.8,0.0,227.4,0.0,895.6,0.0,1105.0,0.0,0.0,0.0,0.1,0.0,0.0,0.0,0.0,352,802099.36,0.0,0.010000000000000002,0.0,89.56,0
0.1,0.0,0.0,30.0,3.3,135.0,143.8,915.0,1331.4,True,False,True,False,False,False,False,False,True,3,0,1,0.0,135.0,0.0,143.8,0.0,915.0,0.0,1331.4,0.0,3.3,0.0,0.1,3299.9999999999995,3299.9999999999995,30.0,319,837225.0,10.889999999999999,0.010000000000000002,3019.5,91.5,0
21.6,2080.4,0.0,0.0,0.0,109.8,52.5,770.5,875.4,True,False,False,False,False,False,True,False,True,2,0,0,0.0,109.8,0.0,52.5,0.0,770.5,0.0,875.4,0.0,0.0,0.0,21.6,0.0,0.0,0.0,360,593670.25,0.0,466.56000000000006,0.0,16642.800000000003,1
0.1,320.0,5.0,10.0,3.4,24.3,216.4,589.9,1142.3,False,True,False,False,False,False,True,True,False,0,0,1,24.3,0.0,216.4,0.0,589.9,0.0,1142.3,0.0,3.4,0.0,0.1,0.0,0.6798640271945611,0.01062496679697876,10.0,315,347982.00999999995,11.559999999999999,0.010000000000000002,2005.6599999999999,58.99,1
9.0,2777.8,55.6,0.0,25.576,17.8,305.6,1323.0,1331.2,False,True,False,False,False,False,True,False,True,0,0,0,17.8,0.0,305.6,0.0,1323.0,0.0,1331.2,0.0,25.576,0.0,9.0,0.0,0.4599917267675042,0.009207283027113893,0.0,340,1750329.0,654.1317760000001,81.0,33837.048,11907.0,0
60.3,0.0,107.8,82.9,58.707,88.4,15.6,665.52,844.8,True,False,False,True,False,False,False,False,True,2,1,1,0.0,88.4,0.0,15.6,0.0,665.52,0.0,844.8,0.0,58.707,0.0,60.3,0.5445867849092308,58707.0,82.9,1,442916.87039999996,3446.511849,3636.0899999999997,39070.68264,40130.856,1
0.2,400.0,0.0,0.0,0.0,6.0,41.3,908.6,1142.3,True,False,False,False,False,False,True,True,False,4,0,0,0.0,6.0,0.0,41.3,0.0,908.6,0.0,1142.3,0.0,0.0,0.0,0.2,0.0,0.0,0.0,345,825553.9600000001,0.0,0.04000000000000001,0.0,181.72000000000003,0
0.2,0.0,0.0,0.0,0.0,21.2,342.4,931.2,1331.4,False,True,True,False,False,False,False,False,True,0,0,0,21.2,0.0,342.4,0.0,931.2,0.0,1331.4,0.0,0.0,0.0,0.2,0.0,0.0,0.0,0.0,331,867133.4400000001,0.0,0.04000000000000001,0.0,186.24,0
0.1,330.0,0.0,0.0,0.0,6.0,41.3,908.6,1142.3,True,False,False,False,False,False,True,True,False,1,0,0,0.0,6.0,0.0,41.3,0.0,908.6,0.0,1142.3,0.0,0.0,0.0,0.1,0.0,0.0,0.0,346,825553.9600000001,0.0,0.010000000000000002,0.0,90.86000000000001,0
0.1,0.0,0.0,0.0,0.0,83.1,67.4,956.7,1089.9,True,False,False,True,False,False,False,False,True,4,1,1,0.0,83.1,0.0,67.4,0.0,956.7,0.0,1089.9,0.0,0.0,0.0,0.1,0.0,0.0,0.0,342,915274.8900000001,0.0,0.010000000000000002,0.0,95.67000000000002,0
8.1,0.0,0.0,148.0,16.28,2.2,230.8,1013.8,1062.2,True,False,True,False,False,False,False,False,True,4,1,1,0.0,2.2,0.0,230.8,0.0,1013.8,0.0,1062.2,0.0,16.28,0.0,8.1,16280.0,16280.0,148.0,334,1027790.44,265.0384,65.61,16504.664,8211.779999999999,0
16.0,0.0,0.0,0.0,0.0,99.0,190.2,1105.7,1288.7,True,False,True,False,False,False,False,False,True,1,0,0,0.0,99.0,0.0,190.2,0.0,1105.7,0.0,1288.7,0.0,0.0,0.0,16.0,0.0,0.0,0.0,333,1222572.49,0.0,256.0,0.0,17691.2,0
0.1,0.0,0.0,0.0,0.0,119.8,4.2,1041.8,1105.0,True,False,True,False,False,False,False,False,True,3,0,0,0.0,119.8,0.0,4.2,0.0,1041.8,0.0,1105.0,0.0,0.0,0.0,0.1,0.0,0.0,0.0,334,1085347.24,0.0,0.010000000000000002,0.0,104.18,0
10.0,0.0,0.0,0.0,0.0,226.2,5.4,825.0,1062.2,False,True,True,False,False,False,False,False,True,0,0,0,226.2,0.0,5.4,0.0,825.0,0.0,1062.2,0.0,0.0,0.0,10.0,0.0,0.0,0.0,0.0,3,680625.0,0.0,100.0,0.0,8250.0,0
0.1,0.0,0.0,0.0,0.0,43.0,336.8,954.4,1331.4,True,False,True,False,False,False,False,False,True,1,0,1,0.0,43.0,0.0,336.8,0.0,954.4,0.0,1331.4,0.0,0.0,0.0,0.1,0.0,0.0,0.0,338,910879.36,0.0,0.010000000000000002,0.0,95.44,0
0.1,350.0,0.0,0.0,0.0,135.0,162.6,906.4,1331.4,True,False,True,False,False,False,False,False,True,2,0,1,0.0,135.0,0.0,162.6,0.0,906.4,0.0,1331.4,0.0,0.0,0.0,0.1,0.0,0.0,0.0,317,821560.96,0.0,0.010000000000000002,0.0,90.64,0
11.0,3333.3,0.0,0.0,0.0,35.5,55.4,907.4,1108.4,True,False,False,False,True,False,False,False,True,1,0,0,0.0,35.5,0.0,55.4,0.0,907.4,0.0,1108.4,0.0,0.0,0.0,11.0,0.0,0.0,0.0,338,823374.76,0.0,121.0,0.0,9981.4,0
4.2,3000.0,0.0,144.6,15.906,49.7,6.5,1307.7,1331.2,True,False,False,False,False,False,True,True,False,1,0,0,0.0,49.7,0.0,6.5,0.0,1307.7,0.0,1331.2,0.0,15.906,0.0,4.2,15906.0,0.005301998232667256,144.6,356,1710079.29,253.00083600000002,17.64,20800.2762,5492.34,0
13.4,0.0,0.0,0.0,0.0,169.0,40.6,926.6,1062.2,False,True,True,False,False,False,False,False,True,0,0,0,169.0,0.0,40.6,0.0,926.6,0.0,1062.2,0.0,0.0,0.0,13.4,0.0,0.0,0.0,0.0,362,858587.56,0.0,179.56,0.0,12416.44,0
20.0,4166.7,60.0,0.0,27.6,141.0,90.9,912.4,1108.4,False,True,False,False,True,False,False,False,True,0,0,0,141.0,0.0,90.9,0.0,912.4,0.0,1108.4,0.0,27.6,0.0,20.0,0.0,0.459992333461109,0.00662394541868975,0.0,330,832473.76,761.7600000000001,400.0,25182.24,18248.0,0
7.1,2083.3,112.7,225.4,76.636,13.2,132.4,1132.7,1288.7,True,False,True,False,False,False,False,False,True,1,0,0,0.0,13.2,0.0,132.4,0.0,1132.7,0.0,1288.7,0.0,76.636,0.0,7.1,0.6799939663357023,0.03678585091640622,225.4,346,1283009.29,5873.076496,50.41,86805.5972,8042.17,0
0.3,1330.0,0.0,0.0,0.0,44.6,32.7,675.5,1142.3,False,True,False,False,False,False,True,False,True,0,0,0,44.6,0.0,32.7,0.0,675.5,0.0,1142.3,0.0,0.0,0.0,0.3,0.0,0.0,0.0,0.0,322,456300.25,0.0,0.09,0.0,202.65,1
0.1,250.0,0.0,0.0,0.0,35.4,268.0,956.8,1331.4,True,False,True,False,False,False,False,False,True,1,0,1,0.0,35.4,0.0,268.0,0.0,956.8,0.0,1331.4,0.0,0.0,0.0,0.1,0.0,0.0,0.0,340,915466.2399999999,0.0,0.010000000000000002,0.0,95.68,0
80.0,0.0,100.0,0.0,46.0,145.9,0.0,616.5,806.1,False,True,False,False,True,False,False,False,True,0,1,0,145.9,0.0,0.0,0.0,616.5,0.0,806.1,0.0,46.0,0.0,80.0,0.0,0.45999540004599954,46000.0,0.0,3,380072.25,2116.0,6400.0,28359.0,49320.0,1
0.2,3000.0,0.0,0.0,0.0,191.9,67.7,743.1,939.0,True,False,False,False,False,False,True,True,False,4,0,0,0.0,191.9,0.0,67.7,0.0,743.1,0.0,939.0,0.0,0.0,0.0,0.2,0.0,0.0,0.0,5,552197.61,0.0,0.04000000000000001,0.0,148.62,1
11.0,3571.4,0.0,0.0,0.0,28.4,148.2,1137.1,1288.7,True,False,True,False,False,False,False,False,True,1,0,0,0.0,28.4,0.0,148.2,0.0,1137.1,0.0,1288.7,0.0,0.0,0.0,11.0,0.0,0.0,0.0,343,1292996.4099999997,0.0,121.0,0.0,12508.099999999999,0
4.0,0.0,0.0,0.0,0.0,151.8,71.0,990.6,1062.2,True,False,True,False,False,False,False,False,True,1,0,1,0.0,151.8,0.0,71.0,0.0,990.6,0.0,1062.2,0.0,0.0,0.0,4.0,0.0,0.0,0.0,355,981288.3600000001,0.0,16.0,0.0,3962.4,0
0.4,1500.0,0.0,0.0,0.0,95.2,283.6,960.2,1331.4,True,False,True,False,False,False,False,False,True,2,0,1,0.0,95.2,0.0,283.6,0.0,960.2,0.0,1331.4,0.0,0.0,0.0,0.4,0.0,0.0,0.0,313,921984.04,0.0,0.16000000000000003,0.0,384.08000000000004,0
15.0,3000.0,46.7,66.7,28.819,72.3,280.0,1263.0,1331.2,True,False,False,False,False,False,True,True,False,1,0,0,0.0,72.3,0.0,280.0,0.0,1263.0,0.0,1331.2,0.0,28.819,0.0,15.0,0.6170959936618059,0.009606330131223289,66.7,363,1595169.0,830.5347609999999,225.0,36398.397,18945.0,0
0.2,0.0,0.0,0.0,0.0,79.0,55.4,836.3,939.0,True,False,False,False,False,False,True,False,True,3,0,0,0.0,79.0,0.0,55.4,0.0,836.3,0.0,939.0,0.0,0.0,0.0,0.2,0.0,0.0,0.0,344,699397.69,0.0,0.04000000000000001,0.0,167.26,0
0.1,0.0,0.0,0.0,0.0,10.0,325.8,944.4,1331.4,True,False,True,False,False,False,False,False,True,2,0,0,0.0,10.0,0.0,325.8,0.0,944.4,0.0,1331.4,0.0,0.0,0.0,0.1,0.0,0.0,0.0,336,891891.36,0.0,0.010000000000000002,0.0,94.44,0
60.0,3666.7,50.0,58.3,29.413,158.5,0.0,766.0,948.0,False,True,False,False,False,True,False,True,False,0,0,0,158.5,0.0,0.0,0.0,766.0,0.0,948.0,0.0,29.413,0.0,60.0,0.0,0.5882482350352993,0.008021652160893403,58.3,4,586756.0,865.1245690000001,3600.0,22530.358,45960.0,1
0.2,0.0,0.0,0.0,0.0,92.1,108.5,933.3,1142.3,False,True,False,False,False,False,True,True,False,0,0,0,92.1,0.0,108.5,0.0,933.3,0.0,1142.3,0.0,0.0,0.0,0.2,0.0,0.0,0.0,0.0,357,871048.8899999999,0.0,0.04000000000000001,0.0,186.66,0
15.0,0.0,0.0,126.7,13.937,94.2,7.0,701.8,1062.2,True,False,True,False,False,False,False,False,True,1,1,1,0.0,94.2,0.0,7.0,0.0,701.8,0.0,1062.2,0.0,13.937,0.0,15.0,13937.0,13937.0,126.7,18,492523.23999999993,194.23996899999997,225.0,9780.986599999998,10527.0,1
8.0,3750.0,0.0,0.0,0.0,1.8,122.2,1015.4,1062.2,False,True,True,False,False,False,False,False,True,0,0,0,1.8,0.0,122.2,0.0,1015.4,0.0,1062.2,0.0,0.0,0.0,8.0,0.0,0.0,0.0,0.0,332,1031037.1599999999,0.0,64.0,0.0,8123.2,0
14.0,3225.8,0.0,107.1,11.781,0.0,383.1,1308.7,1331.2,False,True,False,False,False,False,True,True,False,0,0,0,0.0,0.0,383.1,0.0,1308.7,0.0,1331.2,0.0,11.781,0.0,14.0,0.0,11781.0,0.0036521161720763306,107.1,335,1712695.6900000002,138.79196100000001,196.0,15417.794700000002,18321.8,0
10.4,0.0,0.0,0.0,0.0,96.0,73.4,990.6,1062.2,True,False,True,False,False,False,False,False,True,2,1,0,0.0,96.0,0.0,73.4,0.0,990.6,0.0,1062.2,0.0,0.0,0.0,10.4,0.0,0.0,0.0,353,981288.3600000001,0.0,108.16000000000001,0.0,10302.24,0
0.2,0.0,0.0,0.0,0.0,136.6,2.4,956.2,1105.0,True,False,True,False,False,False,False,False,True,3,0,0,0.0,136.6,0.0,2.4,0.0,956.2,0.0,1105.0,0.0,0.0,0.0,0.2,0.0,0.0,0.0,341,914318.4400000001,0.0,0.04000000000000001,0.0,191.24,0
5.8,3448.3,0.0,103.4,11.374,167.6,41.8,931.0,1062.2,False,True,True,False,False,False,False,False,True,0,1,1,167.6,0.0,41.8,0.0,931.0,0.0,1062.2,0.0,11.374,0.0,5.8,0.0,11374.0,0.0032984359544018923,103.4,360,866761.0,129.36787600000002,33.64,10589.194000000001,5399.8,0
96.8,2480.4,51.7,51.7,29.469,109.8,52.5,770.5,875.4,False,True,False,False,False,False,True,True,False,0,0,0,109.8,0.0,52.5,0.0,770.5,0.0,875.4,0.0,29.469,0.0,96.8,0.0,0.5699889750681805,0.011880740251273886,51.7,360,593670.25,868.4219610000001,9370.24,22705.8645,74584.4,1
0.2,690.0,10.0,0.0,4.6,123.8,76.3,785.9,1227.0,False,True,False,True,False,False,False,False,True,0,0,0,123.8,0.0,76.3,0.0,785.9,0.0,1227.0,0.0,4.6,0.0,0.2,0.0,0.45995400459954006,0.00666665700484492,0.0,326,617638.8099999999,21.159999999999997,0.04000000000000001,3615.1399999999994,157.18,1
0.1,0.0,0.0,0.0,0.0,81.6,19.5,1015.9,1089.9,False,True,False,True,False,False,False,False,True,0,0,0,81.6,0.0,19.5,0.0,1015.9,0.0,1089.9,0.0,0.0,0.0,0.1,0.0,0.0,0.0,0.0,334,1032052.8099999999,0.0,0.010000000000000002,0.0,101.59,0
6.0,0.0,0.0,0.0,0.0,226.2,5.4,825.0,1062.2,False,True,True,False,False,False,False,True,False,0,0,1,226.2,0.0,5.4,0.0,825.0,0.0,1062.2,0.0,0.0,0.0,6.0,0.0,0.0,0.0,0.0,3,680625.0,0.0,36.0,0.0,4950.0,0
60.3,829.2,82.9,0.0,38.134,128.2,134.2,1166.6,1320.5,False,True,False,True,False,False,False,False,True,0,0,0,128.2,0.0,134.2,0.0,1166.6,0.0,1320.5,0.0,38.134,0.0,60.3,0.0,0.45999445121289245,0.045988849506934985,0.0,364,1360955.5599999998,1454.201956,3636.0899999999997,44487.12439999999,70345.98,0
11.0,0.0,27.3,0.0,12.558,2.2,230.8,1013.8,1062.2,True,False,True,False,False,False,False,False,True,2,1,1,0.0,2.2,0.0,230.8,0.0,1013.8,0.0,1062.2,0.0,12.558,0.0,11.0,0.45998315080033697,12558.0,0.0,334,1027790.44,157.703364,121.0,12731.3004,11151.8,0
0.1,0.0,0.0,0.0,0.0,36.4,138.8,901.4,1105.0,True,False,True,False,False,False,False,False,True,3,0,0,0.0,36.4,0.0,138.8,0.0,901.4,0.0,1105.0,0.0,0.0,0.0,0.1,0.0,0.0,0.0,350,812521.96,0.0,0.010000000000000002,0.0,90.14,0
10.0,5000.0,0.0,100.0,11.0,76.6,66.6,718.5,875.4,False,True,False,False,False,False,True,True,False,0,0,0,76.6,0.0,66.6,0.0,718.5,0.0,875.4,0.0,11.0,0.0,10.0,0.0,11000.0,0.0021999995600000878,100.0,365,516242.25,121.0,100.0,7903.5,7185.0,1
7.6,1317.5,52.7,197.6,45.978,89.4,180.0,1106.1,1288.7,False,True,True,False,False,False,False,False,True,0,0,0,89.4,0.0,180.0,0.0,1106.1,0.0,1288.7,0.0,45.978,0.0,7.6,0.0,0.8724312631638869,0.034897886225513305,197.6,335,1223457.2099999997,2113.9764840000003,57.76,50856.2658,8406.359999999999,0
0.1,350.0,0.0,0.0,0.0,35.8,225.4,957.0,1331.4,False,True,True,False,False,False,False,False,True,0,0,0,35.8,0.0,225.4,0.0,957.0,0.0,1331.4,0.0,0.0,0.0,0.1,0.0,0.0,0.0,0.0,341,915849.0,0.0,0.010000000000000002,0.0,95.7,0
93.4,0.0,0.0,16.1,1.771,243.0,3.6,555.2,1062.2,True,False,True,False,False,False,False,False,True,2,1,1,0.0,243.0,0.0,3.6,0.0,555.2,0.0,1062.2,0.0,1.771,0.0,93.4,1770.9999999999998,1770.9999999999998,16.1,28,308247.04000000004,3.1364409999999996,8723.560000000001,983.2592000000001,51855.68000000001,1
0.1,0.0,0.0,0.0,0.0,77.6,67.4,960.4,1089.9,True,False,False,True,False,False,False,False,True,1,0,0,0.0,77.6,0.0,67.4,0.0,960.4,0.0,1089.9,0.0,0.0,0.0,0.1,0.0,0.0,0.0,341,922368.1599999999,0.0,0.010000000000000002,0.0,96.04,0
15.1,2513.2,66.1,0.0,30.406,226.2,5.4,825.0,1062.2,True,False,True,False,False,False,False,False,True,2,0,1,0.0,226.2,0.0,5.4,0.0,825.0,0.0,1062.2,0.0,30.406,0.0,15.1,0.4599930409524818,0.012098515001386678,0.0,3,680625.0,924.5248359999999,228.01,25084.95,12457.5,0
14.5,4137.9,34.5,0.0,15.87,88.2,52.4,1021.0,1062.2,False,True,True,False,False,False,False,False,True,0,1,0,88.2,0.0,52.4,0.0,1021.0,0.0,1062.2,0.0,15.87,0.0,14.5,0.0,0.4599866670531289,0.003835277837724972,0.0,350,1042441.0,251.85689999999997,210.25,16203.269999999999,14804.5,0
0.4,1500.0,0.0,0.0,0.0,24.3,237.9,589.9,1142.3,True,False,False,False,False,False,True,False,True,1,0,0,0.0,24.3,0.0,237.9,0.0,589.9,0.0,1142.3,0.0,0.0,0.0,0.4,0.0,0.0,0.0,314,347982.00999999995,0.0,0.16000000000000003,0.0,235.96,1
10.0,0.0,40.0,0.0,18.4,198.2,43.4,934.2,1062.2,False,True,True,False,False,False,False,False,True,0,1,1,198.2,0.0,43.4,0.0,934.2,0.0,1062.2,0.0,18.4,0.0,10.0,0.0,0.45998850028749283,18400.0,0.0,358,872729.6400000001,338.55999999999995,100.0,17189.28,9342.0,0
10.0,1666.7,50.0,0.0,23.0,163.2,261.5,1089.3,1288.7,False,True,True,False,False,False,False,False,True,0,1,0,163.2,0.0,261.5,0.0,1089.3,0.0,1288.7,0.0,23.0,0.0,10.0,0.0,0.45999080018399635,0.013799715725856048,0.0,364,1186574.49,529.0,100.0,25053.899999999998,10893.0,0
0.1,0.0,0.0,0.0,0.0,32.8,245.1,804.5,939.0,True,False,False,False,False,False,True,False,True,1,0,0,0.0,32.8,0.0,245.1,0.0,804.5,0.0,939.0,0.0,0.0,0.0,0.1,0.0,0.0,0.0,352,647220.25,0.0,0.010000000000000002,0.0,80.45,0
47.1,0.0,42.5,0.0,19.55,35.2,9.1,641.5,844.8,False,True,False,True,False,False,False,False,True,0,0,0,35.2,0.0,9.1,0.0,641.5,0.0,844.8,0.0,19.55,0.0,47.1,0.0,0.4599891767252536,19550.0,0.0,12,411522.25,382.20250000000004,2218.4100000000003,12541.325,30214.65,1
5.0,3000.0,100.0,0.0,46.0,130.0,113.3,910.9,1108.4,True,False,False,False,True,False,False,False,True,2,1,0,0.0,130.0,0.0,113.3,0.0,910.9,0.0,1108.4,0.0,46.0,0.0,5.0,0.45999540004599954,0.015333328222223925,0.0,332,829738.8099999999,2116.0,25.0,41901.4,4554.5,0
6.7,1666.7,0.0,119.4,13.134,115.6,147.8,1222.1,1288.7,False,True,True,False,False,False,False,False,True,0,0,0,115.6,0.0,147.8,0.0,1222.1,0.0,1288.7,0.0,13.134,0.0,6.7,0.0,13134.0,0.007880237667104058,119.4,322,1493528.4099999997,172.501956,44.89,16051.061399999999,8188.07,0
10.9,7373.3,36.9,0.0,16.974,144.8,43.8,857.2,1062.2,True,False,True,False,False,False,False,False,True,1,1,0,0.0,144.8,0.0,43.8,0.0,857.2,0.0,1062.2,0.0,16.974,0.0,10.9,0.459987534213165,0.002302089661062257,0.0,365,734791.8400000001,288.116676,118.81,14550.1128,9343.480000000001,0
5.2,0.0,57.4,86.0,35.864,96.0,73.4,990.6,1062.2,True,False,True,False,False,False,False,False,True,1,1,0,0.0,96.0,0.0,73.4,0.0,990.6,0.0,1062.2,0.0,35.864,0.0,5.2,0.6247974773958642,35864.0,86.0,353,981288.3600000001,1286.2264959999998,27.040000000000003,35526.8784,5151.12,0
30.0,4166.7,50.0,33.3,26.663,17.8,88.8,1307.7,1331.2,False,True,False,False,False,False,True,True,False,0,0,0,17.8,0.0,88.8,0.0,1307.7,0.0,1331.2,0.0,26.663,0.0,30.0,0.0,0.5332493350132997,0.006399067271685681,33.3,349,1710079.29,710.915569,900.0,34867.2051,39231.0,0
13.5,1851.9,0.0,0.0,0.0,117.0,267.6,1173.3,1288.7,False,True,True,False,False,False,False,False,True,0,0,0,117.0,0.0,267.6,0.0,1173.3,0.0,1288.7,0.0,0.0,0.0,13.5,0.0,0.0,0.0,0.0,327,1376632.89,0.0,182.25,0.0,15839.55,0
15.0,4166.7,0.0,0.0,0.0,138.0,85.9,955.4,1108.4,False,True,False,False,True,False,False,False,True,0,0,0,138.0,0.0,85.9,0.0,955.4,0.0,1108.4,0.0,0.0,0.0,15.0,0.0,0.0,0.0,0.0,328,912789.1599999999,0.0,225.0,0.0,14331.0,0
0.4,0.0,0.0,0.0,0.0,29.6,214.5,966.4,1089.9,False,True,False,True,False,False,False,False,True,0,0,0,29.6,0.0,214.5,0.0,966.4,0.0,1089.9,0.0,0.0,0.0,0.4,0.0,0.0,0.0,0.0,316,933928.96,0.0,0.16000000000000003,0.0,386.56,0
0.3,0.0,0.0,0.0,0.0,86.0,67.3,956.4,1089.9,False,True,False,True,False,False,False,False,True,0,0,0,86.0,0.0,67.3,0.0,956.4,0.0,1089.9,0.0,0.0,0.0,0.3,0.0,0.0,0.0,0.0,343,914700.96,0.0,0.09,0.0,286.91999999999996,0
23.3,6867.0,0.0,107.3,11.803,118.0,54.3,789.0,875.4,True,False,False,False,False,False,True,False,True,1,0,0,0.0,118.0,0.0,54.3,0.0,789.0,0.0,875.4,0.0,11.803,0.0,23.3,11803.0,0.0017187998079510984,107.3,357,622521.0,139.310809,542.89,9312.567000000001,18383.7,1
0.1,0.0,4.0,0.0,1.84,52.6,317.3,752.0,1164.1,True,False,False,False,True,False,False,False,True,1,0,1,0.0,52.6,0.0,317.3,0.0,752.0,0.0,1164.1,0.0,1.84,0.0,0.1,0.4598850287428143,1840.0,0.0,308,565504.0,3.3856,0.010000000000000002,1383.68,75.2,1
0.1,0.0,0.0,0.0,0.0,16.6,377.0,896.2,1105.0,False,True,True,False,False,False,False,False,True,0,0,0,16.6,0.0,377.0,0.0,896.2,0.0,1105.0,0.0,0.0,0.0,0.1,0.0,0.0,0.0,0.0,356,803174.4400000001,0.0,0.010000000000000002,0.0,89.62,0
0.3,0.0,0.0,0.0,0.0,68.2,239.7,802.0,939.0,True,False,False,False,False,False,True,True,False,2,1,1,0.0,68.2,0.0,239.7,0.0,802.0,0.0,939.0,0.0,0.0,0.0,0.3,0.0,0.0,0.0,362,643204.0,0.0,0.09,0.0,240.6,1
36.0,4166.7,0.0,0.0,0.0,17.8,130.2,1312.5,1331.2,False,True,False,False,False,False,True,True,False,0,0,0,17.8,0.0,130.2,0.0,1312.5,0.0,1331.2,0.0,0.0,0.0,36.0,0.0,0.0,0.0,0.0,346,1722656.25,0.0,1296.0,0.0,47250.0,0
0.2,0.0,0.0,0.0,0.0,44.0,1.2,1004.4,1331.4,True,False,True,False,False,False,False,False,True,3,0,1,0.0,44.0,0.0,1.2,0.0,1004.4,0.0,1331.4,0.0,0.0,0.0,0.2,0.0,0.0,0.0,356,1008819.36,0.0,0.04000000000000001,0.0,200.88,0
0.1,0.0,0.0,0.0,0.0,110.7,299.5,685.3,801.7,True,False,False,False,True,False,False,False,True,1,0,0,0.0,110.7,0.0,299.5,0.0,685.3,0.0,801.7,0.0,0.0,0.0,0.1,0.0,0.0,0.0,365,469636.0899999999,0.0,0.010000000000000002,0.0,68.53,1
0.3,0.0,0.0,0.0,0.0,78.0,15.4,1023.4,1331.4,False,True,True,False,False,False,False,False,True,0,0,0,78.0,0.0,15.4,0.0,1023.4,0.0,1331.4,0.0,0.0,0.0,0.3,0.0,0.0,0.0,0.0,350,1047347.5599999999,0.0,0.09,0.0,307.02,0
6.0,3500.0,50.0,100.0,34.0,72.3,280.0,1263.0,1331.2,True,False,False,False,False,False,True,False,True,2,0,0,0.0,72.3,0.0,280.0,0.0,1263.0,0.0,1331.2,0.0,34.0,0.0,6.0,0.6799864002719946,0.009714282938776303,100.0,363,1595169.0,1156.0,36.0,42942.0,7578.0,0
30.0,4166.7,100.0,0.0,46.0,29.6,181.4,1143.3,1288.7,True,False,True,False,False,False,False,True,False,1,0,0,0.0,29.6,0.0,181.4,0.0,1143.3,0.0,1288.7,0.0,46.0,0.0,30.0,0.45999540004599954,0.011039909031149583,0.0,339,1307134.89,2116.0,900.0,52591.799999999996,34299.0,0
15.0,1000.0,0.0,0.0,0.0,107.4,7.2,700.6,1062.2,False,True,True,False,False,False,False,False,True,0,0,0,107.4,0.0,7.2,0.0,700.6,0.0,1062.2,0.0,0.0,0.0,15.0,0.0,0.0,0.0,0.0,19,490840.36000000004,0.0,225.0,0.0,10509.0,1
9.0,1661.1,0.0,0.0,0.0,50.1,15.1,714.2,875.4,True,False,False,False,False,False,True,True,False,2,0,0,0.0,50.1,0.0,15.1,0.0,714.2,0.0,875.4,0.0,0.0,0.0,9.0,0.0,0.0,0.0,5,510081.6400000001,0.0,81.0,0.0,6427.8,1
0.2,0.0,0.0,0.0,0.0,121.2,283.6,956.8,1331.4,False,True,True,False,False,False,False,False,True,0,0,0,121.2,0.0,283.6,0.0,956.8,0.0,1331.4,0.0,0.0,0.0,0.2,0.0,0.0,0.0,0.0,314,915466.2399999999,0.0,0.04000000000000001,0.0,191.36,0
0.2,700.0,0.0,0.0,0.0,79.2,133.0,932.6,1331.4,False,True,True,False,False,False,False,False,True,0,0,0,79.2,0.0,133.0,0.0,932.6,0.0,1331.4,0.0,0.0,0.0,0.2,0.0,0.0,0.0,0.0,326,869742.76,0.0,0.04000000000000001,0.0,186.52,0
0.5,1500.0,65.0,0.0,29.9,57.9,22.8,863.5,1227.0,False,True,False,True,False,False,False,False,True,0,0,0,57.9,0.0,22.8,0.0,863.5,0.0,1227.0,0.0,29.9,0.0,0.5,0.0,0.4599929231857971,0.019933320044453303,0.0,348,745632.25,894.0099999999999,0.25,25818.649999999998,431.75,0
20.0,2500.0,100.0,125.0,59.75,168.2,5.4,817.8,1062.2,False,True,True,False,False,False,False,False,True,0,0,1,168.2,0.0,5.4,0.0,817.8,0.0,1062.2,0.0,59.75,0.0,20.0,0.0,0.5974940250597494,0.02389999044000382,125.0,6,668796.84,3570.0625,400.0,48863.549999999996,16356.0,0
17.0,4411.8,76.5,0.0,35.19,171.7,30.6,718.2,806.1,True,False,False,False,True,False,False,False,True,1,1,1,0.0,171.7,0.0,30.6,0.0,718.2,0.0,806.1,0.0,35.19,0.0,17.0,0.45999398700670574,0.007976334381355822,0.0,360,515811.24000000005,1238.3360999999998,289.0,25273.458,12209.400000000001,1
15.1,2643.8,33.0,66.1,22.451,0.0,367.5,1308.7,1331.2,False,True,False,False,False,False,True,True,False,0,0,0,0.0,0.0,367.5,0.0,1308.7,0.0,1331.2,0.0,22.451,0.0,15.1,0.0,0.6803127177964304,0.0084919402027611,66.1,329,1712695.6900000002,504.04740100000004,228.01,29381.6237,19761.37,0
54.0,2777.8,0.0,0.0,0.0,0.0,406.5,836.5,875.4,False,True,False,False,False,False,True,False,True,0,1,0,0.0,0.0,406.5,0.0,836.5,0.0,875.4,0.0,0.0,0.0,54.0,0.0,0.0,0.0,0.0,339,699732.25,0.0,2916.0,0.0,45171.0,0
6.4,2795.0,0.0,0.0,0.0,45.6,15.1,713.4,875.4,False,True,False,False,False,False,True,False,True,0,0,0,45.6,0.0,15.1,0.0,713.4,0.0,875.4,0.0,0.0,0.0,6.4,0.0,0.0,0.0,0.0,6,508939.55999999994,0.0,40.96000000000001,0.0,4565.76,1
20.0,0.0,100.0,75.0,54.25,43.4,119.0,1132.1,1288.7,False,True,True,False,False,False,False,True,False,0,0,1,43.4,0.0,119.0,0.0,1132.1,0.0,1288.7,0.0,54.25,0.0,20.0,0.0,0.5424945750542495,54250.0,75.0,352,1281650.4099999997,2943.0625,400.0,61416.424999999996,22642.0,0
10.0,3000.0,0.0,0.0,0.0,144.8,43.8,857.2,1062.2,True,False,True,False,False,False,False,False,True,2,1,1,0.0,144.8,0.0,43.8,0.0,857.2,0.0,1062.2,0.0,0.0,0.0,10.0,0.0,0.0,0.0,365,734791.8400000001,0.0,100.0,0.0,8572.0,0
0.1,0.0,0.0,0.0,0.0,144.6,13.8,928.4,1105.0,True,False,True,False,False,False,False,False,True,4,1,0,0.0,144.6,0.0,13.8,0.0,928.4,0.0,1105.0,0.0,0.0,0.0,0.1,0.0,0.0,0.0,343,861926.5599999999,0.0,0.010000000000000002,0.0,92.84,0
0.2,120.0,5.0,0.0,2.3,82.6,323.5,747.5,1164.1,False,True,False,False,True,False,False,False,True,0,0,0,82.6,0.0,323.5,0.0,747.5,0.0,1164.1,0.0,2.3,0.0,0.2,0.0,0.4599080183963207,0.01916650694577545,0.0,313,558756.25,5.289999999999999,0.04000000000000001,1719.2499999999998,149.5,1
10.0,0.0,0.0,0.0,0.0,154.0,53.8,978.6,1062.2,True,False,True,False,False,False,False,False,True,1,1,0,0.0,154.0,0.0,53.8,0.0,978.6,0.0,1062.2,0.0,0.0,0.0,10.0,0.0,0.0,0.0,356,957657.9600000001,0.0,100.0,0.0,9786.0,0
9.2,1304.3,0.0,0.0,0.0,142.7,30.6,620.2,806.1,True,False,False,False,True,False,False,False,True,2,1,0,0.0,142.7,0.0,30.6,0.0,620.2,0.0,806.1,0.0,0.0,0.0,9.2,0.0,0.0,0.0,364,384648.04000000004,0.0,84.63999999999999,0.0,5705.84,1
0.0,0.0,0.0,0.0,0.0,79.0,55.4,836.3,939.0,True,False,False,False,False,False,True,False,True,2,0,0,0.0,79.0,0.0,55.4,0.0,836.3,0.0,939.0,0.0,0.0,0.0,0.0,0.0,0.0,0.0,344,699397.69,0.0,0.0,0.0,0.0,0
40.0,0.0,0.0,0.0,0.0,43.1,15.1,713.4,875.4,True,False,False,False,False,False,True,True,False,1,0,0,0.0,43.1,0.0,15.1,0.0,713.4,0.0,875.4,0.0,0.0,0.0,40.0,0.0,0.0,0.0,7,508939.55999999994,0.0,1600.0,0.0,28536.0,1
12.2,2467.1,49.3,49.3,28.101,115.5,54.3,824.0,875.4,False,True,False,False,False,False,True,True,False,0,0,0,115.5,0.0,54.3,0.0,824.0,0.0,875.4,0.0,28.101,0.0,12.2,0.0,0.5699884383683901,0.011390291682424026,49.3,356,678976.0,789.666201,148.83999999999997,23155.224,10052.8,0
9.3,3333.3,64.4,107.3,41.427,13.2,132.4,1132.7,1288.7,False,True,True,False,False,False,False,False,True,0,0,0,13.2,0.0,132.4,0.0,1132.7,0.0,1288.7,0.0,41.427,0.0,9.3,0.0,0.6432664089066938,0.01242822055373937,107.3,346,1283009.29,1716.1963289999999,86.49000000000001,46924.3629,10534.11,0
0.0,0.0,0.0,0.0,0.0,135.0,162.6,906.4,1331.4,False,True,True,False,False,False,False,False,True,0,0,0,135.0,0.0,162.6,0.0,906.4,0.0,1331.4,0.0,0.0,0.0,0.0,0.0,0.0,0.0,0.0,317,821560.96,0.0,0.0,0.0,0.0,0
0.4,0.0,0.0,0.0,0.0,31.1,99.7,939.2,1089.9,False,True,False,True,False,False,False,False,True,0,0,0,31.1,0.0,99.7,0.0,939.2,0.0,1089.9,0.0,0.0,0.0,0.4,0.0,0.0,0.0,0.0,349,882096.6400000001,0.0,0.16000000000000003,0.0,375.68000000000006,0
0.4,2500.0,0.0,0.0,0.0,79.2,133.0,932.6,1331.4,False,True,True,False,False,False,False,False,True,0,0,0,79.2,0.0,133.0,0.0,932.6,0.0,1331.4,0.0,0.0,0.0,0.4,0.0,0.0,0.0,0.0,326,869742.76,0.0,0.16000000000000003,0.0,373.04,0
10.0,2500.0,80.0,100.0,47.8,124.4,189.0,1106.9,1288.7,False,True,True,False,False,False,False,True,False,0,1,0,124.4,0.0,189.0,0.0,1106.9,0.0,1288.7,0.0,47.8,0.0,10.0,0.0,0.5974925313433581,0.019119992352003057,100.0,332,1225227.61,2284.8399999999997,100.0,52909.82,11069.0,0
0.2,0.0,0.0,0.0,0.0,131.4,1.8,982.4,1105.0,True,False,True,False,False,False,False,False,True,4,0,0,0.0,131.4,0.0,1.8,0.0,982.4,0.0,1105.0,0.0,0.0,0.0,0.2,0.0,0.0,0.0,338,965109.76,0.0,0.04000000000000001,0.0,196.48000000000002,0
22.0,3181.8,0.0,22.7,2.497,49.5,6.0,1307.7,1331.2,False,True,False,False,False,False,True,False,True,0,0,0,49.5,0.0,6.0,0.0,1307.7,0.0,1331.2,0.0,2.497,0.0,22.0,0.0,2497.0,0.0007847756663600268,22.7,352,1710079.29,6.235009,484.0,3265.3269,28769.4,0
5.0,3200.0,0.0,40.0,4.4,74.0,30.0,844.5,948.0,True,False,False,False,False,True,False,True,False,1,1,0,0.0,74.0,0.0,30.0,0.0,844.5,0.0,948.0,0.0,4.4,0.0,5.0,4400.0,0.0013749995703126344,40.0,357,713180.25,19.360000000000003,25.0,3715.8,4222.5,0
0.1,0.0,0.0,0.0,0.0,131.4,1.8,982.4,1105.0,True,False,True,False,False,False,False,False,True,1,0,0,0.0,131.4,0.0,1.8,0.0,982.4,0.0,1105.0,0.0,0.0,0.0,0.1,0.0,0.0,0.0,338,965109.76,0.0,0.010000000000000002,0.0,98.24000000000001,0
18.0,5000.0,0.0,0.0,0.0,70.0,49.4,788.2,806.1,True,False,False,False,True,False,False,False,True,1,1,1,0.0,70.0,0.0,49.4,0.0,788.2,0.0,806.1,0.0,0.0,0.0,18.0,0.0,0.0,0.0,355,621259.2400000001,0.0,324.0,0.0,14187.6,1
0.1,600.0,0.0,0.0,0.0,153.6,257.2,925.0,1331.4,True,False,True,False,False,False,False,False,True,2,0,0,0.0,153.6,0.0,257.2,0.0,925.0,0.0,1331.4,0.0,0.0,0.0,0.1,0.0,0.0,0.0,316,855625.0,0.0,0.010000000000000002,0.0,92.5,0
0.1,0.0,0.0,0.0,0.0,79.6,34.5,883.5,939.0,True,False,False,False,False,False,True,True,False,2,0,0,0.0,79.6,0.0,34.5,0.0,883.5,0.0,939.0,0.0,0.0,0.0,0.1,0.0,0.0,0.0,337,780572.25,0.0,0.010000000000000002,0.0,88.35000000000001,0
17.4,2298.9,114.9,0.0,52.854,122.3,53.3,789.0,875.4,False,True,False,False,False,False,True,True,False,0,0,0,122.3,0.0,53.3,0.0,789.0,0.0,875.4,0.0,52.854,0.0,17.4,0.0,0.4599959965535548,0.022990985692728828,0.0,358,622521.0,2793.5453159999997,302.75999999999993,41701.806,13728.599999999999,1
0.9,0.0,0.0,0.0,0.0,45.5,78.7,946.0,1089.9,True,False,False,True,False,False,False,False,True,1,0,0,0.0,45.5,0.0,78.7,0.0,946.0,0.0,1089.9,0.0,0.0,0.0,0.9,0.0,0.0,0.0,346,894916.0,0.0,0.81,0.0,851.4,0
25.0,2083.3,100.0,100.0,57.0,13.2,132.4,1132.7,1288.7,True,False,True,False,False,False,False,False,True,1,1,0,0.0,13.2,0.0,132.4,0.0,1132.7,0.0,1288.7,0.0,57.0,0.0,25.0,0.5699943000569994,0.02736042463379031,100.0,346,1283009.29,3249.0,625.0,64563.9,28317.5,0
50.0,2000.0,0.0,0.0,0.0,78.1,33.2,674.1,844.8,False,True,False,True,False,False,False,False,True,0,0,0,78.1,0.0,33.2,0.0,674.1,0.0,844.8,0.0,0.0,0.0,50.0,0.0,0.0,0.0,0.0,365,454410.81000000006,0.0,2500.0,0.0,33705.0,1
0.3,0.0,0.0,0.0,0.0,32.3,112.5,946.0,1089.9,True,False,False,True,False,False,False,False,True,1,0,0,0.0,32.3,0.0,112.5,0.0,946.0,0.0,1089.9,0.0,0.0,0.0,0.3,0.0,0.0,0.0,348,894916.0,0.0,0.09,0.0,283.8,0
0.1,0.0,0.0,0.0,0.0,56.7,155.7,836.3,939.0,True,False,False,False,False,False,True,True,False,4,0,0,0.0,56.7,0.0,155.7,0.0,836.3,0.0,939.0,0.0,0.0,0.0,0.1,0.0,0.0,0.0,346,699397.69,0.0,0.010000000000000002,0.0,83.63,0
15.0,2666.7,0.0,120.0,13.2,167.6,41.8,931.0,1062.2,False,True,True,False,False,False,False,False,True,0,0,0,167.6,0.0,41.8,0.0,931.0,0.0,1062.2,0.0,13.2,0.0,15.0,0.0,13199.999999999998,0.004949936269570529,120.0,360,866761.0,174.23999999999998,225.0,12289.199999999999,13965.0,0
14.8,3333.3,0.0,0.0,0.0,43.8,43.5,1132.1,1288.7,False,True,True,False,False,False,False,False,True,0,0,0,43.8,0.0,43.5,0.0,1132.1,0.0,1288.7,0.0,0.0,0.0,14.8,0.0,0.0,0.0,0.0,356,1281650.4099999997,0.0,219.04000000000002,0.0,16755.079999999998,0
6.0,0.0,0.0,0.0,0.0,119.0,6.6,706.2,1062.2,True,False,True,False,False,False,False,False,True,2,1,0,0.0,119.0,0.0,6.6,0.0,706.2,0.0,1062.2,0.0,0.0,0.0,6.0,0.0,0.0,0.0,16,498718.44000000006,0.0,36.0,0.0,4237.200000000001,1
8.0,0.0,0.0,0.0,0.0,142.7,30.6,620.2,806.1,True,False,False,False,True,False,False,False,True,1,1,1,0.0,142.7,0.0,30.6,0.0,620.2,0.0,806.1,0.0,0.0,0.0,8.0,0.0,0.0,0.0,364,384648.04000000004,0.0,64.0,0.0,4961.6,1
10.0,2500.0,0.0,100.0,11.0,169.0,40.6,926.6,1062.2,False,True,True,False,False,False,False,False,True,0,0,0,169.0,0.0,40.6,0.0,926.6,0.0,1062.2,0.0,11.0,0.0,10.0,0.0,11000.0,0.004399998240000704,100.0,362,858587.56,121.0,100.0,10192.6,9266.0,0
83.0,0.0,54.2,0.0,24.932,145.1,32.2,718.1,844.8,False,True,False,True,False,False,False,False,True,0,0,0,145.1,0.0,32.2,0.0,718.1,0.0,844.8,0.0,24.932,0.0,83.0,0.0,0.45999151307171454,24931.999999999996,0.0,362,515667.61000000004,621.604624,6889.0,17903.6692,59602.3,1
0.2,250.0,0.0,0.0,0.0,76.4,38.6,906.0,1331.4,False,True,True,False,False,False,False,False,True,0,0,0,76.4,0.0,38.6,0.0,906.0,0.0,1331.4,0.0,0.0,0.0,0.2,0.0,0.0,0.0,0.0,324,820836.0,0.0,0.04000000000000001,0.0,181.20000000000002,0
0.0,150.0,0.0,0.0,0.0,31.7,107.9,778.4,1142.3,True,False,False,False,False,False,True,True,False,1,0,0,0.0,31.7,0.0,107.9,0.0,778.4,0.0,1142.3,0.0,0.0,0.0,0.0,0.0,0.0,0.0,340,605906.5599999999,0.0,0.0,0.0,0.0,1
0.3,800.0,0.0,0.0,0.0,92.1,109.9,924.2,1142.3,False,True,False,False,False,False,True,True,False,0,0,0,92.1,0.0,109.9,0.0,924.2,0.0,1142.3,0.0,0.0,0.0,0.3,0.0,0.0,0.0,0.0,361,854145.6400000001,0.0,0.09,0.0,277.26,0
11.0,1666.7,0.0,0.0,0.0,100.6,261.5,1089.5,1288.7,False,True,True,False,False,False,False,False,True,0,0,0,100.6,0.0,261.5,0.0,1089.5,0.0,1288.7,0.0,0.0,0.0,11.0,0.0,0.0,0.0,0.0,363,1187010.25,0.0,121.0,0.0,11984.5,0
0.1,500.0,0.0,0.0,0.0,33.3,107.2,719.1,1142.3,True,False,False,False,False,False,True,True,False,1,0,1,0.0,33.3,0.0,107.2,0.0,719.1,0.0,1142.3,0.0,0.0,0.0,0.1,0.0,0.0,0.0,332,517104.81000000006,0.0,0.010000000000000002,0.0,71.91000000000001,1
0.2,0.0,0.0,0.0,0.0,24.8,20.2,863.4,1227.0,False,True,False,True,False,False,False,False,True,0,0,0,24.8,0.0,20.2,0.0,863.4,0.0,1227.0,0.0,0.0,0.0,0.2,0.0,0.0,0.0,0.0,344,745459.5599999999,0.0,0.04000000000000001,0.0,172.68,0
0.1,0.0,0.0,0.0,0.0,69.4,130.0,928.8,1105.0,True,False,True,False,False,False,False,False,True,2,0,0,0.0,69.4,0.0,130.0,0.0,928.8,0.0,1105.0,0.0,0.0,0.0,0.1,0.0,0.0,0.0,347,862669.44,0.0,0.010000000000000002,0.0,92.88,0
10.0,2000.0,70.0,0.0,32.2,96.0,25.0,821.0,948.0,True,False,False,False,False,True,False,True,False,1,0,0,0.0,96.0,0.0,25.0,0.0,821.0,0.0,948.0,0.0,32.2,0.0,10.0,0.4599934286653048,0.016099991950004028,0.0,360,674041.0,1036.8400000000001,100.0,26436.2,8210.0,0
0.1,300.0,0.0,0.0,0.0,92.1,108.5,933.3,1142.3,True,False,False,False,False,False,True,True,False,4,0,0,0.0,92.1,0.0,108.5,0.0,933.3,0.0,1142.3,0.0,0.0,0.0,0.1,0.0,0.0,0.0,357,871048.8899999999,0.0,0.010000000000000002,0.0,93.33,0
19.0,5000.0,52.6,0.0,24.196,109.8,52.5,755.0,875.4,True,False,False,False,False,False,True,True,False,1,0,0,0.0,109.8,0.0,52.5,0.0,755.0,0.0,875.4,0.0,24.196,0.0,19.0,0.45999125491910803,0.0048391990321601935,0.0,362,570025.0,585.4464160000001,361.0,18267.98,14345.0,1
10.0,3225.8,40.0,40.0,22.8,43.4,119.0,1132.1,1288.7,False,True,True,False,False,False,False,False,True,0,0,0,43.4,0.0,119.0,0.0,1132.1,0.0,1288.7,0.0,22.8,0.0,10.0,0.0,0.5699857503562411,0.007068011944940186,40.0,352,1281650.4099999997,519.84,100.0,25811.879999999997,11321.0,0
16.0,3333.3,62.5,125.0,42.5,49.7,6.5,1307.7,1331.2,False,True,False,False,False,False,True,True,False,0,0,0,49.7,0.0,6.5,0.0,1307.7,0.0,1331.2,0.0,42.5,0.0,16.0,0.0,0.6799891201740772,0.012750123676199657,125.0,356,1710079.29,1806.25,256.0,55577.25,20923.2,0
0.3,0.0,0.0,0.0,0.0,33.8,93.6,706.5,1142.3,False,True,False,False,False,False,True,True,False,0,0,0,33.8,0.0,93.6,0.0,706.5,0.0,1142.3,0.0,0.0,0.0,0.3,0.0,0.0,0.0,0.0,327,499142.25,0.0,0.09,0.0,211.95,1
8.2,3125.0,0.0,0.0,0.0,99.0,190.2,1105.7,1288.7,False,True,True,False,False,False,False,False,True,0,0,0,99.0,0.0,190.2,0.0,1105.7,0.0,1288.7,0.0,0.0,0.0,8.2,0.0,0.0,0.0,0.0,333,1222572.49,0.0,67.24,0.0,9066.74,0
0.2,0.0,0.0,0.0,0.0,32.8,216.1,804.5,939.0,True,False,False,False,False,False,True,True,False,1,0,0,0.0,32.8,0.0,216.1,0.0,804.5,0.0,939.0,0.0,0.0,0.0,0.2,0.0,0.0,0.0,351,647220.25,0.0,0.04000000000000001,0.0,160.9,0
0.4,1080.0,0.0,0.0,0.0,13.1,3.1,933.3,1142.3,False,True,False,False,False,False,True,True,False,0,0,0,13.1,0.0,3.1,0.0,933.3,0.0,1142.3,0.0,0.0,0.0,0.4,0.0,0.0,0.0,0.0,353,871048.8899999999,0.0,0.16000000000000003,0.0,373.32,0
0.0,0.0,0.0,0.0,0.0,69.4,97.8,928.6,1105.0,True,False,True,False,False,False,False,False,True,1,0,0,0.0,69.4,0.0,97.8,0.0,928.6,0.0,1105.0,0.0,0.0,0.0,0.0,0.0,0.0,0.0,346,862297.9600000001,0.0,0.0,0.0,0.0,0
26.9,1666.7,0.0,0.0,0.0,49.5,6.0,1307.7,1331.2,False,True,False,False,False,False,True,False,True,0,1,0,49.5,0.0,6.0,0.0,1307.7,0.0,1331.2,0.0,0.0,0.0,26.9,0.0,0.0,0.0,0.0,352,1710079.29,0.0,723.6099999999999,0.0,35177.13,0
20.0,4250.0,75.0,0.0,34.5,70.0,55.2,788.2,806.1,True,False,False,False,True,False,False,False,True,2,1,1,0.0,70.0,0.0,55.2,0.0,788.2,0.0,806.1,0.0,34.5,0.0,20.0,0.45999386674844334,0.008117645148789376,0.0,354,621259.2400000001,1190.25,400.0,27192.9,15764.0,1
12.0,6250.0,33.3,0.0,15.318,44.7,6.0,1307.7,1331.2,False,True,False,False,False,False,True,True,False,0,0,0,44.7,0.0,6.0,0.0,1307.7,0.0,1331.2,0.0,15.318,0.0,12.0,0.0,0.45998618660100304,0.0024508796078592625,0.0,354,1710079.29,234.641124,144.0,20031.3486,15692.400000000001,0
0.2,500.0,0.0,0.0,0.0,96.5,63.5,808.2,1227.0,False,True,False,True,False,False,False,False,True,0,0,0,96.5,0.0,63.5,0.0,808.2,0.0,1227.0,0.0,0.0,0.0,0.2,0.0,0.0,0.0,0.0,362,653187.2400000001,0.0,0.04000000000000001,0.0,161.64000000000001,0
88.0,2045.5,11.4,45.5,10.249,0.0,174.1,836.5,875.4,True,False,False,False,False,False,True,True,False,1,0,0,0.0,0.0,0.0,174.1,0.0,836.5,0.0,875.4,0.0,10.249,0.0,88.0,0.8989562319094817,0.005010508428008591,45.5,330,699732.25,105.04200100000001,7744.0,8573.2885,73612.0,0
8.8,2795.5,0.0,0.0,0.0,122.3,53.3,789.0,875.4,True,False,False,False,False,False,True,False,True,2,0,1,0.0,122.3,0.0,53.3,0.0,789.0,0.0,875.4,0.0,0.0,0.0,8.8,0.0,0.0,0.0,358,622521.0,0.0,77.44000000000001,0.0,6943.200000000001,1
0.1,500.0,0.0,0.0,0.0,79.2,235.2,929.0,1331.4,False,True,True,False,False,False,False,False,True,0,0,0,79.2,0.0,235.2,0.0,929.0,0.0,1331.4,0.0,0.0,0.0,0.1,0.0,0.0,0.0,0.0,328,863041.0,0.0,0.010000000000000002,0.0,92.9,0
0.4,0.0,0.0,0.0,0.0,18.2,201.4,739.4,900.1,True,False,False,False,False,True,False,True,False,3,0,0,0.0,18.2,0.0,201.4,0.0,739.4,0.0,900.1,0.0,0.0,0.0,0.4,0.0,0.0,0.0,355,546712.36,0.0,0.16000000000000003,0.0,295.76,1
14.7,5102.0,68.0,0.0,31.28,70.0,55.2,788.2,806.1,True,False,False,False,True,False,False,False,True,1,1,1,0.0,70.0,0.0,55.2,0.0,788.2,0.0,806.1,0.0,31.28,0.0,14.7,0.45999323539359716,0.006130927845760908,0.0,354,621259.2400000001,978.4384000000001,216.08999999999997,24654.896,11586.54,1
28.0,3000.0,0.0,0.0,0.0,75.6,66.6,721.0,875.4,False,True,False,False,False,False,True,True,False,0,0,0,75.6,0.0,66.6,0.0,721.0,0.0,875.4,0.0,0.0,0.0,28.0,0.0,0.0,0.0,0.0,364,519841.0,0.0,784.0,0.0,20188.0,1
0.1,0.0,0.0,0.0,0.0,35.3,14.3,773.8,801.7,True,False,False,False,True,False,False,False,True,2,0,0,0.0,35.3,0.0,14.3,0.0,773.8,0.0,801.7,0.0,0.0,0.0,0.1,0.0,0.0,0.0,332,598766.44,0.0,0.010000000000000002,0.0,77.38,1
0.1,0.0,0.0,0.0,0.0,69.4,97.8,928.6,1105.0,True,False,True,False,False,False,False,False,True,1,0,0,0.0,69.4,0.0,97.8,0.0,928.6,0.0,1105.0,0.0,0.0,0.0,0.1,0.0,0.0,0.0,346,862297.9600000001,0.0,0.010000000000000002,0.0,92.86000000000001,0
0.5,750.0,15.0,0.0,6.9,24.2,120.8,761.8,1227.0,True,False,False,True,False,False,False,False,True,2,0,0,0.0,24.2,0.0,120.8,0.0,761.8,0.0,1227.0,0.0,6.9,0.0,0.5,0.4599693353776415,0.00919998773334969,0.0,341,580339.2399999999,47.61000000000001,0.25,5256.42,380.9,1
0.1,0.0,3.0,0.0,1.38,134.6,55.0,924.8,1331.4,True,False,True,False,False,False,False,False,True,3,0,1,0.0,134.6,0.0,55.0,0.0,924.8,0.0,1331.4,0.0,1.38,0.0,0.1,0.4598467177607464,1379.9999999999998,0.0,321,855255.0399999999,1.9043999999999996,0.010000000000000002,1276.224,92.48,0
20.0,5000.0,75.0,100.0,45.5,12.5,218.9,836.5,875.4,False,True,False,False,False,False,True,False,True,0,0,0,12.5,0.0,218.9,0.0,836.5,0.0,875.4,0.0,45.5,0.0,20.0,0.0,0.6066585778856282,0.009099998180000363,100.0,348,699732.25,2070.25,400.0,38060.75,16730.0,0
12.8,1950.1,46.8,62.4,28.392,128.9,37.4,777.5,844.8,False,True,False,True,False,False,False,False,True,0,0,0,128.9,0.0,37.4,0.0,777.5,0.0,844.8,0.0,28.392,0.0,12.8,0.0,0.6066537039806842,0.014559245905724884,62.4,356,604506.25,806.1056639999999,163.84000000000003,22074.78,9952.0,1
0.2,0.0,0.0,5.0,0.55,40.6,330.6,950.6,1331.4,False,True,True,False,False,False,False,False,True,0,0,1,40.6,0.0,330.6,0.0,950.6,0.0,1331.4,0.0,0.55,0.0,0.2,0.0,550.0,550.0,5.0,337,903640.36,0.30250000000000005,0.04000000000000001,522.83,190.12,0
19.9,1256.3,60.3,0.0,27.738,171.7,30.6,718.2,806.1,False,True,False,False,True,False,False,False,True,0,1,0,171.7,0.0,30.6,0.0,718.2,0.0,806.1,0.0,27.738,0.0,19.9,0.0,0.45999237160246104,0.02207910365429941,0.0,360,515811.24000000005,769.3966439999999,396.00999999999993,19921.4316,14292.18,1
0.5,2500.0,0.0,0.0,0.0,109.6,195.4,762.3,1227.0,False,True,False,True,False,False,False,False,True,0,0,0,109.6,0.0,195.4,0.0,762.3,0.0,1227.0,0.0,0.0,0.0,0.5,0.0,0.0,0.0,0.0,313,581101.2899999999,0.0,0.25,0.0,381.15,1
65.9,0.0,98.7,113.9,57.931,2.2,275.4,1018.0,1062.2,False,True,True,False,False,False,False,False,True,0,1,1,2.2,0.0,275.4,0.0,1018.0,0.0,1062.2,0.0,57.931,0.0,65.9,0.0,0.5869342762484675,57930.99999999999,113.9,340,1036324.0,3356.000761,4342.81,58973.757999999994,67086.20000000001,0
0.2,1000.0,0.0,0.0,0.0,24.8,52.3,863.2,1227.0,False,True,False,True,False,False,False,True,False,0,0,0,24.8,0.0,52.3,0.0,863.2,0.0,1227.0,0.0,0.0,0.0,0.2,0.0,0.0,0.0,0.0,343,745114.2400000001,0.0,0.04000000000000001,0.0,172.64000000000001,0
17.0,0.0,0.0,0.0,0.0,154.0,53.8,978.6,1062.2,True,False,True,False,False,False,False,False,True,1,1,0,0.0,154.0,0.0,53.8,0.0,978.6,0.0,1062.2,0.0,0.0,0.0,17.0,0.0,0.0,0.0,356,957657.9600000001,0.0,289.0,0.0,16636.2,0
0.2,0.0,0.0,0.0,0.0,11.5,21.3,933.3,1142.3,False,True,False,False,False,False,True,False,True,0,0,0,11.5,0.0,21.3,0.0,933.3,0.0,1142.3,0.0,0.0,0.0,0.2,0.0,0.0,0.0,0.0,352,871048.8899999999,0.0,0.04000000000000001,0.0,186.66,0
0.1,250.0,6.0,0.0,2.76,135.0,162.6,906.4,1331.4,True,False,True,False,False,False,False,False,True,1,0,1,0.0,135.0,0.0,162.6,0.0,906.4,0.0,1331.4,0.0,2.76,0.0,0.1,0.4599233461089818,0.011039955840176639,0.0,317,821560.96,7.617599999999999,0.010000000000000002,2501.6639999999998,90.64,0
0.3,0.0,0.0,0.0,0.0,20.4,318.6,929.1,1089.9,False,True,False,True,False,False,False,False,True,0,0,0,20.4,0.0,318.6,0.0,929.1,0.0,1089.9,0.0,0.0,0.0,0.3,0.0,0.0,0.0,0.0,355,863226.81,0.0,0.09,0.0,278.73,0
0.2,375.0,0.0,0.0,0.0,117.6,109.0,955.0,1331.4,False,True,True,False,False,False,False,False,True,0,0,0,117.6,0.0,109.0,0.0,955.0,0.0,1331.4,0.0,0.0,0.0,0.2,0.0,0.0,0.0,0.0,7,912025.0,0.0,0.04000000000000001,0.0,191.0,0
0.1,0.0,0.0,0.0,0.0,95.2,283.6,960.2,1331.4,False,True,True,False,False,False,False,False,True,0,0,1,95.2,0.0,283.6,0.0,960.2,0.0,1331.4,0.0,0.0,0.0,0.1,0.0,0.0,0.0,0.0,313,921984.04,0.0,0.010000000000000002,0.0,96.02000000000001,0
0.3,1400.0,10.0,15.0,6.25,135.0,143.8,915.0,1331.4,False,True,True,False,False,False,False,False,True,0,0,0,135.0,0.0,143.8,0.0,915.0,0.0,1331.4,0.0,6.25,0.0,0.3,0.0,0.624937506249375,0.004464282525512482,15.0,319,837225.0,39.0625,0.09,5718.75,274.5,0
0.2,0.0,0.0,0.0,0.0,31.7,117.3,725.9,1142.3,False,True,False,False,False,False,True,True,False,0,0,0,31.7,0.0,117.3,0.0,725.9,0.0,1142.3,0.0,0.0,0.0,0.2,0.0,0.0,0.0,0.0,337,526930.8099999999,0.0,0.04000000000000001,0.0,145.18,1
0.1,0.0,0.0,0.0,0.0,36.8,312.2,895.8,1105.0,False,True,True,False,False,False,False,False,True,0,0,0,36.8,0.0,312.2,0.0,895.8,0.0,1105.0,0.0,0.0,0.0,0.1,0.0,0.0,0.0,0.0,353,802457.6399999999,0.0,0.010000000000000002,0.0,89.58,0
0.2,0.0,0.0,0.0,0.0,17.6,160.8,998.8,1105.0,False,True,True,False,False,False,False,False,True,0,0,0,17.6,0.0,160.8,0.0,998.8,0.0,1105.0,0.0,0.0,0.0,0.2,0.0,0.0,0.0,0.0,320,997601.44,0.0,0.04000000000000001,0.0,199.76,0
0.2,0.0,0.0,0.0,0.0,34.5,206.6,836.8,1164.1,False,True,False,False,True,False,False,False,True,0,0,0,34.5,0.0,206.6,0.0,836.8,0.0,1164.1,0.0,0.0,0.0,0.2,0.0,0.0,0.0,0.0,337,700234.2399999999,0.0,0.04000000000000001,0.0,167.36,0
0.1,0.0,0.0,0.0,0.0,142.4,13.8,939.8,1105.0,True,False,True,False,False,False,False,False,True,1,0,0,0.0,142.4,0.0,13.8,0.0,939.8,0.0,1105.0,0.0,0.0,0.0,0.1,0.0,0.0,0.0,342,883224.0399999999,0.0,0.010000000000000002,0.0,93.98,0
0.1,0.0,0.0,0.0,0.0,14.4,197.2,955.0,1105.0,False,True,True,False,False,False,False,False,True,0,0,0,14.4,0.0,197.2,0.0,955.0,0.0,1105.0,0.0,0.0,0.0,0.1,0.0,0.0,0.0,0.0,314,912025.0,0.0,0.010000000000000002,0.0,95.5,0
0.6,0.0,0.0,0.0,0.0,45.5,67.1,946.1,1089.9,False,True,False,True,False,False,False,False,True,0,0,0,45.5,0.0,67.1,0.0,946.1,0.0,1089.9,0.0,0.0,0.0,0.6,0.0,0.0,0.0,0.0,345,895105.2100000001,0.0,0.36,0.0,567.66,0
7.0,0.0,0.0,0.0,0.0,167.6,41.8,931.0,1062.2,True,False,True,False,False,False,False,False,True,1,1,0,0.0,167.6,0.0,41.8,0.0,931.0,0.0,1062.2,0.0,0.0,0.0,7.0,0.0,0.0,0.0,360,866761.0,0.0,49.0,0.0,6517.0,0
0.5,0.0,0.0,0.0,0.0,41.5,66.6,741.7,900.1,True,False,False,False,False,True,False,True,False,2,0,0,0.0,41.5,0.0,66.6,0.0,741.7,0.0,900.1,0.0,0.0,0.0,0.5,0.0,0.0,0.0,349,550118.89,0.0,0.25,0.0,370.85,1
0.1,500.0,0.0,0.0,0.0,159.8,161.0,743.0,1227.0,False,True,False,True,False,False,False,False,True,0,0,0,159.8,0.0,161.0,0.0,743.0,0.0,1227.0,0.0,0.0,0.0,0.1,0.0,0.0,0.0,0.0,317,552049.0,0.0,0.010000000000000002,0.0,74.3,1
0.2,0.0,0.0,0.0,0.0,76.4,38.6,906.0,1331.4,False,True,True,False,False,False,False,False,True,0,0,0,76.4,0.0,38.6,0.0,906.0,0.0,1331.4,0.0,0.0,0.0,0.2,0.0,0.0,0.0,0.0,324,820836.0,0.0,0.04000000000000001,0.0,181.20000000000002,0
23.0,7826.1,40.0,152.2,35.142,158.5,0.0,766.0,948.0,False,True,False,False,False,True,False,True,False,0,0,0,158.5,0.0,0.0,0.0,766.0,0.0,948.0,0.0,35.142,0.0,23.0,0.0,0.8785280367990802,0.004490358608967607,152.2,4,586756.0,1234.9601640000003,529.0,26918.772,17618.0,1
0.1,0.0,0.0,0.0,0.0,81.6,19.5,1015.9,1089.9,True,False,False,True,False,False,False,False,True,1,0,0,0.0,81.6,0.0,19.5,0.0,1015.9,0.0,1089.9,0.0,0.0,0.0,0.1,0.0,0.0,0.0,334,1032052.8099999999,0.0,0.010000000000000002,0.0,101.59,0
0.5,0.0,0.0,0.0,0.0,36.4,138.8,901.4,1105.0,True,False,True,False,False,False,False,False,True,2,0,0,0.0,36.4,0.0,138.8,0.0,901.4,0.0,1105.0,0.0,0.0,0.0,0.5,0.0,0.0,0.0,350,812521.96,0.0,0.25,0.0,450.7,0
0.0,0.0,0.0,0.0,0.0,37.3,286.0,804.5,939.0,True,False,False,False,False,False,True,True,False,2,0,0,0.0,37.3,0.0,286.0,0.0,804.5,0.0,939.0,0.0,0.0,0.0,0.0,0.0,0.0,0.0,353,647220.25,0.0,0.0,0.0,0.0,0
0.1,0.0,0.0,0.0,0.0,79.2,218.6,932.6,1331.4,True,False,True,False,False,False,False,False,True,2,0,0,0.0,79.2,0.0,218.6,0.0,932.6,0.0,1331.4,0.0,0.0,0.0,0.1,0.0,0.0,0.0,327,869742.76,0.0,0.010000000000000002,0.0,93.26,0
0.3,0.0,0.0,0.0,0.0,95.2,283.6,960.2,1331.4,False,True,True,False,False,False,False,False,True,0,0,0,95.2,0.0,283.6,0.0,960.2,0.0,1331.4,0.0,0.0,0.0,0.3,0.0,0.0,0.0,0.0,313,921984.04,0.0,0.09,0.0,288.06,0
24.0,3541.7,41.7,83.3,28.345,110.6,67.6,725.5,875.4,True,False,False,False,False,False,True,True,False,2,0,0,0.0,110.6,0.0,67.6,0.0,725.5,0.0,875.4,0.0,28.345,0.0,24.0,0.6797199107935061,0.008003216533524428,83.3,363,526350.25,803.4390249999999,576.0,20564.2975,17412.0,1
34.5,2898.6,58.0,0.0,26.68,110.6,67.6,725.5,875.4,False,True,False,False,False,False,True,True,False,0,0,0,110.6,0.0,67.6,0.0,725.5,0.0,875.4,0.0,26.68,0.0,34.5,0.0,0.4599920691022569,0.009204440348982146,0.0,363,526350.25,711.8224,1190.25,19356.34,25029.75,1
3.5,0.0,28.6,0.0,13.156,146.4,44.0,868.8,1062.2,True,False,True,False,False,False,False,False,True,1,0,0,0.0,146.4,0.0,44.0,0.0,868.8,0.0,1062.2,0.0,13.156,0.0,3.5,0.4599839166462711,13156.0,0.0,364,754813.44,173.08033600000002,12.25,11429.9328,3040.7999999999997,0
0.2,0.0,0.0,0.0,0.0,33.4,363.2,896.2,1105.0,True,False,True,False,False,False,False,False,True,2,0,0,0.0,33.4,0.0,363.2,0.0,896.2,0.0,1105.0,0.0,0.0,0.0,0.2,0.0,0.0,0.0,355,803174.4400000001,0.0,0.04000000000000001,0.0,179.24,0
2.0,0.0,0.0,0.0,0.0,20.4,202.7,929.1,1089.9,True,False,False,True,False,False,False,False,True,2,0,0,0.0,20.4,0.0,202.7,0.0,929.1,0.0,1089.9,0.0,0.0,0.0,2.0,0.0,0.0,0.0,354,863226.81,0.0,4.0,0.0,1858.2,0
0.1,350.0,2.0,0.0,0.92,134.6,55.0,924.8,1331.4,True,False,True,False,False,False,False,True,False,4,0,1,0.0,134.6,0.0,55.0,0.0,924.8,0.0,1331.4,0.0,0.92,0.0,0.1,0.4597701149425288,0.002628563918388805,0.0,321,855255.0399999999,0.8464,0.010000000000000002,850.816,92.48,0
10.0,3571.4,90.0,0.0,41.4,17.8,305.6,1323.0,1331.2,False,True,False,False,False,False,True,False,True,0,0,0,17.8,0.0,305.6,0.0,1323.0,0.0,1331.2,0.0,41.4,0.0,10.0,0.0,0.45999488894567836,0.011592089490930869,0.0,340,1750329.0,1713.9599999999998,100.0,54772.2,13230.0,0
0.5,1375.0,20.0,20.0,11.4,109.6,197.5,766.4,1227.0,False,True,False,True,False,False,False,False,True,0,0,0,109.6,0.0,197.5,0.0,766.4,0.0,1227.0,0.0,11.4,0.0,0.5,0.0,0.5699715014249287,0.00829090306116141,20.0,312,587368.96,129.96,0.25,8736.96,383.2,1
20.0,4166.7,50.0,125.0,36.75,185.6,284.7,1196.4,1331.2,False,True,False,False,False,False,True,True,False,0,0,0,185.6,0.0,284.7,0.0,1196.4,0.0,1331.2,0.0,36.75,0.0,20.0,0.0,0.7349853002939941,0.008819927323798852,125.0,9,1431372.9600000002,1350.5625,400.0,43967.700000000004,23928.0,0
0.2,0.0,0.0,0.0,0.0,123.2,215.7,791.3,939.0,True,False,False,False,False,False,True,False,True,2,0,0,0.0,123.2,0.0,215.7,0.0,791.3,0.0,939.0,0.0,0.0,0.0,0.2,0.0,0.0,0.0,363,626155.69,0.0,0.04000000000000001,0.0,158.26,1
0.1,0.0,0.0,0.0,0.0,18.9,0.7,913.7,1164.1,True,False,False,False,True,False,False,False,True,3,0,1,0.0,18.9,0.0,0.7,0.0,913.7,0.0,1164.1,0.0,0.0,0.0,0.1,0.0,0.0,0.0,353,834847.6900000001,0.0,0.010000000000000002,0.0,91.37,0
0.1,0.0,0.0,0.0,0.0,208.1,63.5,760.0,1089.9,False,True,False,True,False,False,False,False,True,0,0,0,208.1,0.0,63.5,0.0,760.0,0.0,1089.9,0.0,0.0,0.0,0.1,0.0,0.0,0.0,0.0,8,577600.0,0.0,0.010000000000000002,0.0,76.0,1
0.1,0.0,0.0,0.0,0.0,36.8,358.6,896.0,1105.0,True,False,True,False,False,False,False,False,True,1,0,0,0.0,36.8,0.0,358.6,0.0,896.0,0.0,1105.0,0.0,0.0,0.0,0.1,0.0,0.0,0.0,354,802816.0,0.0,0.010000000000000002,0.0,89.60000000000001,0
16.0,4375.0,31.3,62.5,21.273,110.6,67.6,725.5,875.4,False,True,False,False,False,False,True,True,False,0,0,0,110.6,0.0,67.6,0.0,725.5,0.0,875.4,0.0,21.273,0.0,16.0,0.0,0.6796268489824606,0.0048623988885945395,62.5,363,526350.25,452.540529,256.0,15433.5615,11608.0,1
0.2,1000.0,0.0,0.0,0.0,92.1,108.5,933.3,1142.3,True,False,False,False,False,False,True,True,False,3,0,0,0.0,92.1,0.0,108.5,0.0,933.3,0.0,1142.3,0.0,0.0,0.0,0.2,0.0,0.0,0.0,357,871048.8899999999,0.0,0.04000000000000001,0.0,186.66,0
15.0,1666.7,100.0,0.0,46.0,140.0,32.2,727.92,844.8,True,False,False,True,False,False,False,False,True,1,1,1,0.0,140.0,0.0,32.2,0.0,727.92,0.0,844.8,0.0,46.0,0.0,15.0,0.45999540004599954,0.027599431451712095,0.0,358,529867.5264,2116.0,225.0,33484.32,10918.8,1
8.2,3048.8,0.0,0.0,0.0,67.5,132.9,804.92,844.8,False,True,False,True,False,False,False,False,True,0,0,0,67.5,0.0,132.9,0.0,804.92,0.0,844.8,0.0,0.0,0.0,8.2,0.0,0.0,0.0,0.0,349,647896.2063999999,0.0,67.24,0.0,6600.343999999999,0
25.0,0.0,40.0,0.0,18.4,129.9,14.0,616.5,806.1,False,True,False,False,True,False,False,False,True,0,1,0,129.9,0.0,14.0,0.0,616.5,0.0,806.1,0.0,18.4,0.0,25.0,0.0,0.45998850028749283,18400.0,0.0,2,380072.25,338.55999999999995,625.0,11343.599999999999,15412.5,1
0.1,0.0,0.0,0.0,0.0,16.6,377.0,896.2,1105.0,False,True,True,False,False,False,False,False,True,0,0,0,16.6,0.0,377.0,0.0,896.2,0.0,1105.0,0.0,0.0,0.0,0.1,0.0,0.0,0.0,0.0,356,803174.4400000001,0.0,0.010000000000000002,0.0,89.62,0
0.1,0.0,0.0,0.0,0.0,15.2,338.6,944.2,1331.4,True,False,True,False,False,False,False,False,True,2,0,1,0.0,15.2,0.0,338.6,0.0,944.2,0.0,1331.4,0.0,0.0,0.0,0.1,0.0,0.0,0.0,334,891513.6400000001,0.0,0.010000000000000002,0.0,94.42000000000002,0
12.8,3928.6,77.9,0.0,35.834,6.2,142.0,1132.1,1288.7,False,True,True,False,False,False,False,False,True,0,0,0,6.2,0.0,142.0,0.0,1132.1,0.0,1288.7,0.0,35.834,0.0,12.8,0.0,0.45999409506938294,0.009121313159570035,0.0,350,1281650.4099999997,1284.0755560000002,163.84000000000003,40567.6714,14490.88,0
0.1,0.0,0.0,0.0,0.0,37.5,118.0,710.3,801.7,True,False,False,False,True,False,False,False,True,1,0,0,0.0,37.5,0.0,118.0,0.0,710.3,0.0,801.7,0.0,0.0,0.0,0.1,0.0,0.0,0.0,350,504526.0899999999,0.0,0.010000000000000002,0.0,71.03,1
22.0,0.0,63.6,90.9,39.255,140.0,32.2,727.92,844.8,True,False,False,True,False,False,False,False,True,2,1,1,0.0,140.0,0.0,32.2,0.0,727.92,0.0,844.8,0.0,39.255,0.0,22.0,0.6172072766151476,39255.0,90.9,358,529867.5264,1540.9550250000002,484.0,28574.4996,16014.24,1
4.0,3000.0,87.5,123.0,53.78,109.8,52.5,770.5,875.4,False,True,False,False,False,False,True,True,False,0,0,0,109.8,0.0,52.5,0.0,770.5,0.0,875.4,0.0,53.78,0.0,4.0,0.0,0.6146215471823179,0.0179266606911131,123.0,360,593670.25,2892.2884,16.0,41437.49,3082.0,1
8.0,4166.7,50.0,125.0,36.75,63.7,103.5,1263.0,1331.2,True,False,False,False,False,False,True,False,True,1,0,0,0.0,63.7,0.0,103.5,0.0,1263.0,0.0,1331.2,0.0,36.75,0.0,8.0,0.7349853002939941,0.008819927323798852,125.0,360,1595169.0,1350.5625,64.0,46415.25,10104.0,0
11.0,4545.5,0.0,0.0,0.0,169.0,40.6,926.6,1062.2,True,False,True,False,False,False,False,False,True,1,0,0,0.0,169.0,0.0,40.6,0.0,926.6,0.0,1062.2,0.0,0.0,0.0,11.0,0.0,0.0,0.0,362,858587.56,0.0,121.0,0.0,10192.6,0
0.1,700.0,0.0,7.0,0.77,123.8,21.8,916.4,1331.4,True,False,True,False,False,False,False,False,True,1,0,1,0.0,123.8,0.0,21.8,0.0,916.4,0.0,1331.4,0.0,0.77,0.0,0.1,770.0,0.0010999984285736735,7.0,322,839788.96,0.5929,0.010000000000000002,705.628,91.64,0
0.1,3000.0,0.0,0.0,0.0,79.6,27.7,883.5,939.0,True,False,False,False,False,False,True,True,False,4,0,0,0.0,79.6,0.0,27.7,0.0,883.5,0.0,939.0,0.0,0.0,0.0,0.1,0.0,0.0,0.0,335,780572.25,0.0,0.010000000000000002,0.0,88.35000000000001,0
30.0,5333.3,83.3,0.0,38.318,129.9,14.0,616.5,806.1,False,True,False,False,True,False,False,False,True,0,1,0,129.9,0.0,14.0,0.0,616.5,0.0,806.1,0.0,38.318,0.0,30.0,0.0,0.45999447785740866,0.007184668557053126,0.0,2,380072.25,1468.269124,900.0,23623.047,18495.0,1
0.1,0.0,0.0,0.0,0.0,18.9,0.7,913.7,1164.1,False,True,False,False,True,False,False,False,True,0,0,0,18.9,0.0,0.7,0.0,913.7,0.0,1164.1,0.0,0.0,0.0,0.1,0.0,0.0,0.0,0.0,353,834847.6900000001,0.0,0.010000000000000002,0.0,91.37,0
100.0,0.0,50.0,0.0,23.0,70.0,90.0,788.2,806.1,False,True,False,False,True,False,False,False,True,0,1,0,70.0,0.0,90.0,0.0,788.2,0.0,806.1,0.0,23.0,0.0,100.0,0.0,0.45999080018399635,23000.0,0.0,350,621259.2400000001,529.0,10000.0,18128.600000000002,78820.0,1
3.5,4166.7,58.0,115.9,39.429,0.0,357.8,1308.7,1331.2,False,True,False,False,False,False,True,True,False,0,0,0,0.0,0.0,357.8,0.0,1308.7,0.0,1331.2,0.0,39.429,0.0,3.5,0.0,0.6797986241616525,0.009462882025852107,115.9,326,1712695.6900000002,1554.6460410000002,12.25,51600.7323,4580.45,0
8.2,0.0,0.0,48.8,5.368,198.2,43.4,934.2,1062.2,False,True,True,False,False,False,False,False,True,0,0,0,198.2,0.0,43.4,0.0,934.2,0.0,1062.2,0.0,5.368,0.0,8.2,0.0,5368.0,5368.0,48.8,358,872729.6400000001,28.815424000000004,67.24,5014.7856,7660.44,0
50.0,3125.0,100.0,100.0,57.0,6.2,142.0,1132.1,1288.7,False,True,True,False,False,False,False,True,False,0,0,0,6.2,0.0,142.0,0.0,1132.1,0.0,1288.7,0.0,57.0,0.0,50.0,0.0,0.5699943000569994,0.018239994163201868,100.0,350,1281650.4099999997,3249.0,2500.0,64529.7,56604.99999999999,0
17.0,1470.6,47.1,88.2,31.368,112.7,68.7,804.92,844.8,False,True,False,True,False,False,False,False,True,0,0,0,112.7,0.0,68.7,0.0,804.92,0.0,844.8,0.0,31.368,0.0,17.0,0.0,0.6659731215897752,0.021330054855123858,88.2,355,647896.2063999999,983.9514239999999,289.0,25248.730559999996,13683.64,0
0.1,0.0,0.0,0.0,0.0,61.4,33.0,981.0,1331.4,False,True,True,False,False,False,False,True,False,0,0,0,61.4,0.0,33.0,0.0,981.0,0.0,1331.4,0.0,0.0,0.0,0.1,0.0,0.0,0.0,0.0,361,962361.0,0.0,0.010000000000000002,0.0,98.10000000000001,0
2.5,0.0,0.0,98.4,10.824,28.4,137.6,1136.7,1288.7,False,True,True,False,False,False,False,False,True,0,0,0,28.4,0.0,137.6,0.0,1136.7,0.0,1288.7,0.0,10.824,0.0,2.5,0.0,10824.0,10824.0,98.4,344,1292086.8900000001,117.158976,6.25,12303.640800000001,2841.75,0
50.0,1000.0,0.0,0.0,0.0,226.2,5.4,825.0,1062.2,False,True,True,False,False,False,False,False,True,0,0,0,226.2,0.0,5.4,0.0,825.0,0.0,1062.2,0.0,0.0,0.0,50.0,0.0,0.0,0.0,0.0,4,680625.0,0.0,2500.0,0.0,41250.0,0
0.0,0.0,0.0,0.0,0.0,36.8,358.6,896.0,1105.0,False,True,True,False,False,False,False,False,True,0,0,0,36.8,0.0,358.6,0.0,896.0,0.0,1105.0,0.0,0.0,0.0,0.0,0.0,0.0,0.0,0.0,354,802816.0,0.0,0.0,0.0,0.0,0
0.1,300.0,5.5,0.0,2.53,13.5,32.1,924.1,1142.3,True,False,False,False,False,False,True,False,True,2,0,0,0.0,13.5,0.0,32.1,0.0,924.1,0.0,1142.3,0.0,2.53,0.0,0.1,0.4599163788402108,0.008433305222315926,0.0,351,853960.81,6.400899999999999,0.010000000000000002,2337.973,92.41000000000001,0
4.5,0.0,0.0,0.0,0.0,195.2,11.2,705.4,1062.2,True,False,True,False,False,False,False,False,True,1,0,0,0.0,195.2,0.0,11.2,0.0,705.4,0.0,1062.2,0.0,0.0,0.0,4.5,0.0,0.0,0.0,12,497589.16,0.0,20.25,0.0,3174.2999999999997,1
15.8,4000.0,150.0,0.0,69.0,17.8,88.8,1307.7,1331.2,True,False,False,False,False,False,True,True,False,1,0,0,0.0,17.8,0.0,88.8,0.0,1307.7,0.0,1331.2,0.0,69.0,0.0,15.8,0.4599969333537776,0.017249995687501078,0.0,349,1710079.29,4761.0,249.64000000000001,90231.3,20661.66,0
0.2,500.0,0.0,0.0,0.0,112.1,38.2,785.3,1227.0,True,False,False,True,False,False,False,False,True,1,0,0,0.0,112.1,0.0,38.2,0.0,785.3,0.0,1227.0,0.0,0.0,0.0,0.2,0.0,0.0,0.0,325,616696.09,0.0,0.04000000000000001,0.0,157.06,1
12.5,2083.3,80.0,0.0,36.8,99.0,190.2,1105.7,1288.7,False,True,True,False,False,False,False,False,True,0,0,0,99.0,0.0,190.2,0.0,1105.7,0.0,1288.7,0.0,36.8,0.0,12.5,0.0,0.45999425007187406,0.017664274149534795,0.0,333,1222572.49,1354.2399999999998,156.25,40689.76,13821.25,0
4.0,3500.0,50.0,100.0,34.0,66.6,294.1,1245.5,1331.2,True,False,False,False,False,False,True,True,False,1,0,0,0.0,66.6,0.0,294.1,0.0,1245.5,0.0,1331.2,0.0,34.0,0.0,4.0,0.6799864002719946,0.009714282938776303,100.0,2,1551270.25,1156.0,16.0,42347.0,4982.0,0
2.5,1666.7,150.0,204.1,91.451,28.4,137.6,1136.7,1288.7,True,False,True,False,False,False,False,False,True,1,0,0,0.0,28.4,0.0,137.6,0.0,1136.7,0.0,1288.7,0.0,91.451,0.0,2.5,0.6096692688715408,0.0548694696889244,204.1,344,1292086.8900000001,8363.285401,6.25,103952.3517,2841.75,0
25.0,4000.0,0.0,40.0,4.4,44.7,6.0,1307.7,1331.2,False,True,False,False,False,False,True,False,True,0,0,0,44.7,0.0,6.0,0.0,1307.7,0.0,1331.2,0.0,4.4,0.0,25.0,0.0,4400.0,0.0010999997250000688,40.0,354,1710079.29,19.360000000000003,625.0,5753.880000000001,32692.5,0
0.1,250.0,0.0,20.0,2.2,53.2,335.2,928.0,1331.4,True,False,True,False,False,False,False,False,True,1,0,1,0.0,53.2,0.0,335.2,0.0,928.0,0.0,1331.4,0.0,2.2,0.0,0.1,2200.0,0.0087999648001408,20.0,329,861184.0,4.840000000000001,0.010000000000000002,2041.6000000000001,92.80000000000001,0
0.3,1000.0,0.0,0.0,0.0,96.1,3.1,933.3,1142.3,True,False,False,False,False,False,True,True,False,3,0,0,0.0,96.1,0.0,3.1,0.0,933.3,0.0,1142.3,0.0,0.0,0.0,0.3,0.0,0.0,0.0,355,871048.8899999999,0.0,0.09,0.0,279.98999999999995,0
0.2,0.0,0.0,0.0,0.0,50.7,299.5,685.3,801.7,False,True,False,False,True,False,False,False,True,0,0,0,50.7,0.0,299.5,0.0,685.3,0.0,801.7,0.0,0.0,0.0,0.2,0.0,0.0,0.0,0.0,362,469636.0899999999,0.0,0.04000000000000001,0.0,137.06,1
0.2,0.0,0.0,0.0,0.0,79.6,46.0,861.2,939.0,True,False,False,False,False,False,True,False,True,2,0,0,0.0,79.6,0.0,46.0,0.0,861.2,0.0,939.0,0.0,0.0,0.0,0.2,0.0,0.0,0.0,339,741665.4400000001,0.0,0.04000000000000001,0.0,172.24,0
5.0,1666.7,40.0,0.0,18.4,30.8,137.6,1091.3,1288.7,True,False,True,False,False,False,False,False,True,1,0,0,0.0,30.8,0.0,137.6,0.0,1091.3,0.0,1288.7,0.0,18.4,0.0,5.0,0.45998850028749283,0.011039772580684837,0.0,338,1190935.69,338.55999999999995,25.0,20079.92,5456.5,0
0.5,0.0,0.0,0.0,0.0,79.0,55.4,836.3,939.0,False,True,False,False,False,False,True,False,True,0,0,0,79.0,0.0,55.4,0.0,836.3,0.0,939.0,0.0,0.0,0.0,0.5,0.0,0.0,0.0,0.0,342,699397.69,0.0,0.25,0.0,418.15,0
16.3,1533.7,0.0,0.0,0.0,82.4,67.2,804.92,844.8,False,True,False,True,False,False,False,False,True,0,0,0,82.4,0.0,67.2,0.0,804.92,0.0,844.8,0.0,0.0,0.0,16.3,0.0,0.0,0.0,0.0,351,647896.2063999999,0.0,265.69,0.0,13120.196,0
0.1,0.0,0.0,0.0,0.0,61.4,33.0,981.0,1331.4,False,True,True,False,False,False,False,False,True,0,0,0,61.4,0.0,33.0,0.0,981.0,0.0,1331.4,0.0,0.0,0.0,0.1,0.0,0.0,0.0,0.0,361,962361.0,0.0,0.010000000000000002,0.0,98.10000000000001,0
0.1,0.0,0.0,0.0,0.0,136.6,2.4,956.2,1105.0,False,True,True,False,False,False,False,False,True,0,0,0,136.6,0.0,2.4,0.0,956.2,0.0,1105.0,0.0,0.0,0.0,0.1,0.0,0.0,0.0,0.0,341,914318.4400000001,0.0,0.010000000000000002,0.0,95.62,0
0.5,0.0,0.0,0.0,0.0,141.1,344.2,927.9,1089.9,False,True,False,True,False,False,False,False,True,0,0,0,141.1,0.0,344.2,0.0,927.9,0.0,1089.9,0.0,0.0,0.0,0.5,0.0,0.0,0.0,0.0,364,860998.4099999999,0.0,0.25,0.0,463.95,0
0.0,0.0,0.0,0.0,0.0,55.6,15.4,1024.6,1331.4,True,False,True,False,False,False,False,True,False,2,0,1,0.0,55.6,0.0,15.4,0.0,1024.6,0.0,1331.4,0.0,0.0,0.0,0.0,0.0,0.0,0.0,348,1049805.16,0.0,0.0,0.0,0.0,0
12.0,2500.0,50.0,0.0,23.0,34.5,101.2,904.4,1108.4,False,True,False,False,True,False,False,False,True,0,0,0,34.5,0.0,101.2,0.0,904.4,0.0,1108.4,0.0,23.0,0.0,12.0,0.0,0.45999080018399635,0.009199996320001472,0.0,339,817939.36,529.0,144.0,20801.2,10852.8,0
0.4,0.0,0.0,0.0,0.0,56.7,359.3,806.5,939.0,True,False,False,False,False,False,True,True,False,1,0,0,0.0,56.7,0.0,359.3,0.0,806.5,0.0,939.0,0.0,0.0,0.0,0.4,0.0,0.0,0.0,360,650442.25,0.0,0.16000000000000003,0.0,322.6,0
5.5,2742.2,36.6,54.8,22.864,96.0,72.8,990.6,1062.2,False,True,True,False,False,False,False,False,True,0,0,0,96.0,0.0,72.8,0.0,990.6,0.0,1062.2,0.0,22.864,0.0,5.5,0.0,0.624682385727166,0.008337827898100832,54.8,354,981288.3600000001,522.762496,30.25,22649.078400000002,5448.3,0
0.1,100.0,0.0,5.0,0.55,24.2,120.8,761.8,1227.0,False,True,False,True,False,False,False,False,True,0,0,1,24.2,0.0,120.8,0.0,761.8,0.0,1227.0,0.0,0.55,0.0,0.1,0.0,550.0,0.005499945000549995,5.0,341,580339.2399999999,0.30250000000000005,0.010000000000000002,418.99,76.17999999999999,1
0.1,0.0,0.0,0.0,0.0,79.2,218.6,932.6,1331.4,True,False,True,False,False,False,False,False,True,1,0,1,0.0,79.2,0.0,218.6,0.0,932.6,0.0,1331.4,0.0,0.0,0.0,0.1,0.0,0.0,0.0,327,869742.76,0.0,0.010000000000000002,0.0,93.26,0
5.6,2500.0,35.7,142.9,32.141,25.6,222.8,1176.5,1320.5,False,True,False,True,False,False,False,False,True,0,0,0,25.6,0.0,222.8,0.0,1176.5,0.0,1320.5,0.0,32.141,0.0,5.6,0.0,0.9002829052407495,0.012856394857442055,142.9,336,1384152.25,1033.0438809999998,31.359999999999996,37813.8865,6588.4,0
10.0,2083.3,45.0,100.0,31.7,28.2,210.0,1144.3,1288.7,False,True,True,False,False,False,False,False,True,0,1,0,28.2,0.0,210.0,0.0,1144.3,0.0,1288.7,0.0,31.7,0.0,10.0,0.0,0.7044287904713229,0.015216236155985137,100.0,340,1309422.49,1004.89,100.0,36274.31,11443.0,0
0.2,0.0,0.0,0.0,0.0,35.8,225.4,957.0,1331.4,True,False,True,False,False,False,False,False,True,4,0,1,0.0,35.8,0.0,225.4,0.0,957.0,0.0,1331.4,0.0,0.0,0.0,0.2,0.0,0.0,0.0,341,915849.0,0.0,0.04000000000000001,0.0,191.4,0
16.0,0.0,37.5,0.0,17.25,154.0,53.8,978.6,1062.2,True,False,True,False,False,False,False,False,True,1,0,0,0.0,154.0,0.0,53.8,0.0,978.6,0.0,1062.2,0.0,17.25,0.0,16.0,0.45998773366043577,17250.0,0.0,356,957657.9600000001,297.5625,256.0,16880.850000000002,15657.6,0
0.2,0.0,0.0,0.0,0.0,79.0,55.4,836.3,939.0,True,False,False,False,False,False,True,False,True,1,0,0,0.0,79.0,0.0,55.4,0.0,836.3,0.0,939.0,0.0,0.0,0.0,0.2,0.0,0.0,0.0,344,699397.69,0.0,0.04000000000000001,0.0,167.26,0
39.0,3846.2,35.9,148.7,32.871,25.6,52.5,1307.7,1331.2,False,True,False,False,False,False,True,True,False,0,0,0,25.6,0.0,52.5,0.0,1307.7,0.0,1331.2,0.0,32.871,0.0,39.0,0.0,0.915601236734353,0.008546355221684983,148.7,350,1710079.29,1080.502641,1521.0,42985.40670000001,51000.3,0
0.1,0.0,0.0,0.0,0.0,104.2,12.8,1056.8,1105.0,True,False,True,False,False,False,False,False,True,1,0,0,0.0,104.2,0.0,12.8,0.0,1056.8,0.0,1105.0,0.0,0.0,0.0,0.1,0.0,0.0,0.0,331,1116826.24,0.0,0.010000000000000002,0.0,105.68,0
0.1,0.0,0.0,0.0,0.0,79.6,34.5,883.5,939.0,True,False,False,False,False,False,True,False,True,2,0,0,0.0,79.6,0.0,34.5,0.0,883.5,0.0,939.0,0.0,0.0,0.0,0.1,0.0,0.0,0.0,336,780572.25,0.0,0.010000000000000002,0.0,88.35000000000001,0
0.2,0.0,0.0,0.0,0.0,17.6,160.8,998.8,1105.0,False,True,True,False,False,False,False,False,True,0,0,0,17.6,0.0,160.8,0.0,998.8,0.0,1105.0,0.0,0.0,0.0,0.2,0.0,0.0,0.0,0.0,320,997601.44,0.0,0.04000000000000001,0.0,199.76,0
1.3,3571.4,120.0,220.0,79.4,117.0,244.8,1148.1,1288.7,False,True,True,False,False,False,False,False,True,0,0,0,117.0,0.0,244.8,0.0,1148.1,0.0,1288.7,0.0,79.4,0.0,1.3,0.0,0.6616611528237265,0.022232171632365003,220.0,329,1318133.6099999999,6304.360000000001,1.6900000000000002,91159.14,1492.53,0
16.5,2750.0,48.5,0.0,22.31,35.5,55.4,907.4,1108.4,False,True,False,False,True,False,False,False,True,0,0,0,35.5,0.0,55.4,0.0,907.4,0.0,1108.4,0.0,22.31,0.0,16.5,0.0,0.4599905156594709,0.0081127243226457,0.0,338,823374.76,497.73609999999996,272.25,20244.093999999997,14972.1,0
0.2,0.0,0.0,0.0,0.0,92.2,26.2,1015.7,1089.9,False,True,False,True,False,False,False,False,True,0,0,0,92.2,0.0,26.2,0.0,1015.7,0.0,1089.9,0.0,0.0,0.0,0.2,0.0,0.0,0.0,0.0,336,1031646.4900000001,0.0,0.04000000000000001,0.0,203.14000000000001,0
60.0,3928.6,50.0,0.0,23.0,146.0,244.5,879.6,1108.4,False,True,False,False,True,False,False,False,True,0,1,0,146.0,0.0,244.5,0.0,879.6,0.0,1108.4,0.0,23.0,0.0,60.0,0.0,0.45999080018399635,0.005854501386116839,0.0,3,773696.16,529.0,3600.0,20230.8,52776.0,0
13.0,0.0,38.5,0.0,17.71,144.8,43.8,857.2,1062.2,True,False,True,False,False,False,False,False,True,1,1,1,0.0,144.8,0.0,43.8,0.0,857.2,0.0,1062.2,0.0,17.71,0.0,13.0,0.45998805225838296,17710.0,0.0,365,734791.8400000001,313.64410000000004,169.0,15181.012000000002,11143.6,0
6.0,4166.7,0.0,50.0,5.5,17.8,179.0,1325.5,1331.2,False,True,False,False,False,False,True,True,False,0,0,0,17.8,0.0,179.0,0.0,1325.5,0.0,1331.2,0.0,5.5,0.0,6.0,0.0,5500.0,0.001319989123289624,50.0,342,1756950.25,30.25,36.0,7290.25,7953.0,0
20.0,3928.6,60.0,100.0,38.6,63.7,103.5,1263.0,1331.2,False,True,False,False,False,False,True,True,False,0,0,0,63.7,0.0,103.5,0.0,1263.0,0.0,1331.2,0.0,38.6,0.0,20.0,0.0,0.6433226112898118,0.009825380587135217,100.0,360,1595169.0,1489.96,400.0,48751.8,25260.0,0
0.2,0.0,0.0,0.0,0.0,30.8,90.0,933.9,1089.9,False,True,False,True,False,False,False,False,True,0,0,0,30.8,0.0,90.0,0.0,933.9,0.0,1089.9,0.0,0.0,0.0,0.2,0.0,0.0,0.0,0.0,350,872169.21,0.0,0.04000000000000001,0.0,186.78,0
36.0,2083.3,69.4,0.0,31.924,86.9,1.2,665.5,844.8,False,True,False,True,False,False,False,False,True,0,0,0,86.9,0.0,1.2,0.0,665.5,0.0,844.8,0.0,31.924,0.0,36.0,0.0,0.4599933718534314,0.015323757824721437,0.0,3,442890.25,1019.1417759999999,1296.0,21245.422,23958.0,1
0.1,0.0,0.0,0.0,0.0,124.6,34.4,927.4,1105.0,True,False,True,False,False,False,False,False,True,1,0,0,0.0,124.6,0.0,34.4,0.0,927.4,0.0,1105.0,0.0,0.0,0.0,0.1,0.0,0.0,0.0,344,860070.76,0.0,0.010000000000000002,0.0,92.74000000000001,0
0.4,0.0,0.0,0.0,0.0,141.1,344.2,927.9,1089.9,True,False,False,True,False,False,False,False,True,2,0,0,0.0,141.1,0.0,344.2,0.0,927.9,0.0,1089.9,0.0,0.0,0.0,0.4,0.0,0.0,0.0,364,860998.4099999999,0.0,0.16000000000000003,0.0,371.16,0
0.0,150.0,0.0,0.0,0.0,31.7,125.2,773.4,1142.3,False,True,False,False,False,False,True,True,False,0,0,0,31.7,0.0,125.2,0.0,773.4,0.0,1142.3,0.0,0.0,0.0,0.0,0.0,0.0,0.0,0.0,339,598147.5599999999,0.0,0.0,0.0,0.0,1
12.4,3643.7,81.0,0.0,37.26,66.0,71.3,836.5,875.4,True,False,False,False,False,False,True,True,False,3,0,0,0.0,66.0,0.0,71.3,0.0,836.5,0.0,875.4,0.0,37.26,0.0,12.4,0.45999432105776467,0.010225866502218486,0.0,351,699732.25,1388.3075999999999,153.76000000000002,31167.989999999998,10372.6,0
35.0,4166.7,85.7,0.0,39.422,58.6,126.8,985.7,1288.7,False,True,True,False,False,False,False,True,False,0,0,0,58.6,0.0,126.8,0.0,985.7,0.0,1288.7,0.0,39.422,0.0,35.0,0.0,0.45999463250137096,0.009461202039695192,0.0,319,971604.4900000001,1554.0940839999998,1225.0,38858.2654,34499.5,0
0.2,0.0,0.0,0.0,0.0,56.7,259.0,802.0,939.0,False,True,False,False,False,False,True,True,False,0,0,0,56.7,0.0,259.0,0.0,802.0,0.0,939.0,0.0,0.0,0.0,0.2,0.0,0.0,0.0,0.0,361,643204.0,0.0,0.04000000000000001,0.0,160.4,1
0.3,0.0,0.0,0.0,0.0,34.4,49.9,709.2,1142.3,False,True,False,False,False,False,True,False,True,0,0,0,34.4,0.0,49.9,0.0,709.2,0.0,1142.3,0.0,0.0,0.0,0.3,0.0,0.0,0.0,0.0,325,502964.6400000001,0.0,0.09,0.0,212.76000000000002,1
0.1,185.0,0.0,0.0,0.0,31.7,117.3,725.9,1142.3,False,True,False,False,False,False,True,True,False,0,0,0,31.7,0.0,117.3,0.0,725.9,0.0,1142.3,0.0,0.0,0.0,0.1,0.0,0.0,0.0,0.0,337,526930.8099999999,0.0,0.010000000000000002,0.0,72.59,1
0.2,0.0,0.0,0.0,0.0,65.2,16.5,716.3,801.7,True,False,False,False,True,False,False,False,True,2,0,0,0.0,65.2,0.0,16.5,0.0,716.3,0.0,801.7,0.0,0.0,0.0,0.2,0.0,0.0,0.0,345,513085.68999999994,0.0,0.04000000000000001,0.0,143.26,1
0.2,0.0,0.0,0.0,0.0,36.8,358.6,896.0,1105.0,True,False,True,False,False,False,False,False,True,1,1,1,0.0,36.8,0.0,358.6,0.0,896.0,0.0,1105.0,0.0,0.0,0.0,0.2,0.0,0.0,0.0,354,802816.0,0.0,0.04000000000000001,0.0,179.20000000000002,0
0.2,0.0,0.0,0.0,0.0,83.1,67.4,956.7,1089.9,False,True,False,True,False,False,False,False,True,0,0,0,83.1,0.0,67.4,0.0,956.7,0.0,1089.9,0.0,0.0,0.0,0.2,0.0,0.0,0.0,0.0,342,915274.8900000001,0.0,0.04000000000000001,0.0,191.34000000000003,0
0.0,0.0,0.0,0.0,0.0,63.4,139.4,925.2,1105.0,True,False,True,False,False,False,False,False,True,3,0,0,0.0,63.4,0.0,139.4,0.0,925.2,0.0,1105.0,0.0,0.0,0.0,0.0,0.0,0.0,0.0,348,855995.04,0.0,0.0,0.0,0.0,0
0.1,0.0,0.0,0.0,0.0,32.8,216.1,804.5,939.0,True,False,False,False,False,False,True,False,True,1,0,0,0.0,32.8,0.0,216.1,0.0,804.5,0.0,939.0,0.0,0.0,0.0,0.1,0.0,0.0,0.0,351,647220.25,0.0,0.010000000000000002,0.0,80.45,0
45.0,0.0,44.4,0.0,20.424,70.0,90.0,788.2,806.1,False,True,False,False,True,False,False,False,True,0,1,1,70.0,0.0,90.0,0.0,788.2,0.0,806.1,0.0,20.424,0.0,45.0,0.0,0.45998963987297586,20424.0,0.0,350,621259.2400000001,417.139776,2025.0,16098.1968,35469.0,1
0.1,0.0,0.0,0.0,0.0,83.1,67.4,956.7,1089.9,True,False,False,True,False,False,False,False,True,2,0,0,0.0,83.1,0.0,67.4,0.0,956.7,0.0,1089.9,0.0,0.0,0.0,0.1,0.0,0.0,0.0,342,915274.8900000001,0.0,0.010000000000000002,0.0,95.67000000000002,0
8.0,0.0,62.5,0.0,28.75,0.0,175.0,785.2,806.1,True,False,False,False,True,False,False,False,True,1,1,1,0.0,0.0,0.0,175.0,0.0,785.2,0.0,806.1,0.0,28.75,0.0,8.0,0.45999264011775814,28750.0,0.0,343,616539.04,826.5625,64.0,22574.5,6281.6,1
0.2,0.0,0.0,0.0,0.0,45.5,67.1,946.1,1089.9,True,False,False,True,False,False,False,False,True,1,0,0,0.0,45.5,0.0,67.1,0.0,946.1,0.0,1089.9,0.0,0.0,0.0,0.2,0.0,0.0,0.0,345,895105.2100000001,0.0,0.04000000000000001,0.0,189.22000000000003,0
0.2,300.0,0.0,0.0,0.0,10.0,41.3,921.2,1142.3,True,False,False,False,False,False,True,False,True,2,0,0,0.0,10.0,0.0,41.3,0.0,921.2,0.0,1142.3,0.0,0.0,0.0,0.2,0.0,0.0,0.0,350,848609.4400000001,0.0,0.04000000000000001,0.0,184.24,0
15.0,1333.3,0.0,0.0,0.0,109.8,52.5,755.5,875.4,False,True,False,False,False,False,True,False,True,0,0,0,109.8,0.0,52.5,0.0,755.5,0.0,875.4,0.0,0.0,0.0,15.0,0.0,0.0,0.0,0.0,361,570780.25,0.0,225.0,0.0,11332.5,1
0.2,0.0,0.0,0.0,0.0,90.0,34.4,928.6,1105.0,False,True,True,False,False,False,False,False,True,0,0,0,90.0,0.0,34.4,0.0,928.6,0.0,1105.0,0.0,0.0,0.0,0.2,0.0,0.0,0.0,0.0,345,862297.9600000001,0.0,0.04000000000000001,0.0,185.72000000000003,0
0.1,390.0,0.0,0.0,0.0,6.0,41.3,908.6,1142.3,True,False,False,False,False,False,True,True,False,3,0,0,0.0,6.0,0.0,41.3,0.0,908.6,0.0,1142.3,0.0,0.0,0.0,0.1,0.0,0.0,0.0,345,825553.9600000001,0.0,0.010000000000000002,0.0,90.86000000000001,0
0.0,0.0,0.0,0.0,0.0,136.2,153.4,916.0,1331.4,True,False,True,False,False,False,False,False,True,3,0,0,0.0,136.2,0.0,153.4,0.0,916.0,0.0,1331.4,0.0,0.0,0.0,0.0,0.0,0.0,0.0,320,839056.0,0.0,0.0,0.0,0.0,0
0.4,0.0,0.0,0.0,0.0,91.5,27.9,1011.0,1089.9,True,False,False,True,False,False,False,False,True,1,1,1,0.0,91.5,0.0,27.9,0.0,1011.0,0.0,1089.9,0.0,0.0,0.0,0.4,0.0,0.0,0.0,337,1022121.0,0.0,0.16000000000000003,0.0,404.40000000000003,0
18.5,2432.4,75.7,0.0,34.822,109.8,52.5,770.5,875.4,False,True,False,False,False,False,True,True,False,0,0,0,109.8,0.0,52.5,0.0,770.5,0.0,875.4,0.0,34.822,0.0,18.5,0.0,0.45999392346204143,0.014315896104301881,0.0,360,593670.25,1212.5716840000002,342.25,26830.351000000002,14254.25,1
0.1,3000.0,0.0,0.0,0.0,37.3,286.0,804.5,939.0,True,False,False,False,False,False,True,False,True,4,0,0,0.0,37.3,0.0,286.0,0.0,804.5,0.0,939.0,0.0,0.0,0.0,0.1,0.0,0.0,0.0,353,647220.25,0.0,0.010000000000000002,0.0,80.45,0
15.2,2500.0,0.0,0.0,0.0,132.2,176.0,1115.9,1288.7,True,False,True,False,False,False,False,False,True,1,0,0,0.0,132.2,0.0,176.0,0.0,1115.9,0.0,1288.7,0.0,0.0,0.0,15.2,0.0,0.0,0.0,330,1245232.8100000003,0.0,231.04,0.0,16961.68,0
4.0,3125.0,50.0,0.0,23.0,124.5,101.9,911.9,1108.4,True,False,False,False,True,False,False,False,True,1,1,1,0.0,124.5,0.0,101.9,0.0,911.9,0.0,1108.4,0.0,23.0,0.0,4.0,0.45999080018399635,0.007359997644800753,0.0,331,831561.61,529.0,16.0,20973.7,3647.6,0
4.1,0.0,0.0,0.0,0.0,40.2,15.1,682.9,875.4,True,False,False,False,False,False,True,False,True,1,0,0,0.0,40.2,0.0,15.1,0.0,682.9,0.0,875.4,0.0,0.0,0.0,4.1,0.0,0.0,0.0,10,466352.41,0.0,16.81,0.0,2799.89,1
0.1,350.0,0.0,6.0,0.66,15.2,338.6,944.2,1331.4,True,False,True,False,False,False,False,False,True,4,0,1,0.0,15.2,0.0,338.6,0.0,944.2,0.0,1331.4,0.0,0.66,0.0,0.1,660.0,0.0018857088979745773,6.0,334,891513.6400000001,0.43560000000000004,0.010000000000000002,623.172,94.42000000000002,0
8.0,3125.0,50.0,0.0,23.0,145.9,0.0,616.5,806.1,False,True,False,False,True,False,False,False,True,0,1,0,145.9,0.0,0.0,0.0,616.5,0.0,806.1,0.0,23.0,0.0,8.0,0.0,0.45999080018399635,0.007359997644800753,0.0,3,380072.25,529.0,64.0,14179.5,4932.0,1
0.2,0.0,0.0,0.0,0.0,63.9,342.6,927.9,1089.9,False,True,False,True,False,False,False,False,True,0,0,0,63.9,0.0,342.6,0.0,927.9,0.0,1089.9,0.0,0.0,0.0,0.2,0.0,0.0,0.0,0.0,363,860998.4099999999,0.0,0.04000000000000001,0.0,185.58,0
0.4,0.0,0.0,0.0,0.0,83.2,67.3,946.1,1089.9,False,True,False,True,False,False,False,False,True,0,0,0,83.2,0.0,67.3,0.0,946.1,0.0,1089.9,0.0,0.0,0.0,0.4,0.0,0.0,0.0,0.0,344,895105.2100000001,0.0,0.16000000000000003,0.0,378.44000000000005,0
0.2,0.0,0.0,0.0,0.0,31.1,99.7,939.2,1089.9,True,False,False,True,False,False,False,False,True,1,0,0,0.0,31.1,0.0,99.7,0.0,939.2,0.0,1089.9,0.0,0.0,0.0,0.2,0.0,0.0,0.0,349,882096.6400000001,0.0,0.04000000000000001,0.0,187.84000000000003,0
0.3,3000.0,0.0,0.0,0.0,37.3,286.0,804.5,939.0,True,False,False,False,False,False,True,True,False,4,0,0,0.0,37.3,0.0,286.0,0.0,804.5,0.0,939.0,0.0,0.0,0.0,0.3,0.0,0.0,0.0,353,647220.25,0.0,0.09,0.0,241.35,0
70.0,1666.7,50.0,0.0,23.0,44.7,6.0,1307.7,1331.2,True,False,False,False,False,False,True,False,True,1,0,0,0.0,44.7,0.0,6.0,0.0,1307.7,0.0,1331.2,0.0,23.0,0.0,70.0,0.45999080018399635,0.013799715725856048,0.0,354,1710079.29,529.0,4900.0,30077.100000000002,91539.0,0
0.2,0.0,0.0,0.0,0.0,47.5,43.7,760.6,1164.1,False,True,False,False,True,False,False,False,True,0,0,0,47.5,0.0,43.7,0.0,760.6,0.0,1164.1,0.0,0.0,0.0,0.2,0.0,0.0,0.0,0.0,324,578512.36,0.0,0.04000000000000001,0.0,152.12,1
25.0,3500.0,0.0,0.0,0.0,138.0,119.9,958.9,1108.4,True,False,False,False,True,False,False,False,True,1,0,0,0.0,138.0,0.0,119.9,0.0,958.9,0.0,1108.4,0.0,0.0,0.0,25.0,0.0,0.0,0.0,327,919489.21,0.0,625.0,0.0,23972.5,0
15.0,4166.7,66.7,0.0,30.682,124.5,101.9,911.9,1108.4,True,False,False,False,True,False,False,False,True,1,0,0,0.0,124.5,0.0,101.9,0.0,911.9,0.0,1108.4,0.0,30.682,0.0,15.0,0.45999310355167083,0.007363619323776772,0.0,331,831561.61,941.3851239999999,225.0,27978.9158,13678.5,0
0.4,1500.0,0.0,0.0,0.0,29.7,106.8,717.2,1142.3,False,True,False,False,False,False,True,False,True,0,0,0,29.7,0.0,106.8,0.0,717.2,0.0,1142.3,0.0,0.0,0.0,0.4,0.0,0.0,0.0,0.0,335,514375.8400000001,0.0,0.16000000000000003,0.0,286.88000000000005,1
60.0,4166.7,120.0,200.0,77.2,83.1,134.2,1166.6,1320.5,False,True,False,True,False,False,False,False,True,0,0,0,83.1,0.0,134.2,0.0,1166.6,0.0,1320.5,0.0,77.2,0.0,60.0,0.0,0.6433279722668978,0.018527847330537996,200.0,363,1360955.5599999998,5959.84,3600.0,90061.51999999999,69996.0,0
0.1,0.0,0.0,0.0,0.0,36.8,227.4,895.6,1105.0,False,True,True,False,False,False,False,False,True,0,0,0,36.8,0.0,227.4,0.0,895.6,0.0,1105.0,0.0,0.0,0.0,0.1,0.0,0.0,0.0,0.0,352,802099.36,0.0,0.010000000000000002,0.0,89.56,0
0.1,0.0,0.0,0.0,0.0,57.8,15.4,1024.4,1331.4,True,False,True,False,False,False,False,False,True,4,0,0,0.0,57.8,0.0,15.4,0.0,1024.4,0.0,1331.4,0.0,0.0,0.0,0.1,0.0,0.0,0.0,349,1049395.36,0.0,0.010000000000000002,0.0,102.44000000000001,0
0.1,0.0,0.0,0.0,0.0,25.0,406.5,685.3,801.7,True,False,False,False,True,False,False,False,True,4,1,1,0.0,25.0,0.0,406.5,0.0,685.3,0.0,801.7,0.0,0.0,0.0,0.1,0.0,0.0,0.0,356,469636.0899999999,0.0,0.010000000000000002,0.0,68.53,1
7.2,5555.6,41.7,97.2,29.874,108.5,24.0,794.0,948.0,True,False,False,False,False,True,False,True,False,2,1,1,0.0,108.5,0.0,24.0,0.0,794.0,0.0,948.0,0.0,29.874,0.0,7.2,0.7163856981846958,0.0053772760138822056,97.2,365,630436.0,892.4558759999999,51.84,23719.956,5716.8,1
23.1,1666.7,0.0,51.9,5.709,117.0,201.4,1214.3,1288.7,True,False,True,False,False,False,False,False,True,2,0,0,0.0,117.0,0.0,201.4,0.0,1214.3,0.0,1288.7,0.0,5.709,0.0,23.1,5708.999999999999,0.0034253294382135726,51.9,324,1474524.49,32.592681,533.61,6932.4387,28050.33,0
0.1,0.0,0.0,0.0,0.0,15.2,342.0,944.2,1331.4,False,True,True,False,False,False,False,False,True,0,0,0,15.2,0.0,342.0,0.0,944.2,0.0,1331.4,0.0,0.0,0.0,0.1,0.0,0.0,0.0,0.0,333,891513.6400000001,0.0,0.010000000000000002,0.0,94.42000000000002,0
0.2,0.0,0.0,0.0,0.0,91.5,27.9,1011.0,1089.9,False,True,False,True,False,False,False,False,True,0,0,0,91.5,0.0,27.9,0.0,1011.0,0.0,1089.9,0.0,0.0,0.0,0.2,0.0,0.0,0.0,0.0,337,1022121.0,0.0,0.04000000000000001,0.0,202.20000000000002,0
0.2,0.0,0.0,0.0,0.0,33.4,363.2,896.2,1105.0,False,True,True,False,False,False,False,False,True,0,0,0,33.4,0.0,363.2,0.0,896.2,0.0,1105.0,0.0,0.0,0.0,0.2,0.0,0.0,0.0,0.0,355,803174.4400000001,0.0,0.04000000000000001,0.0,179.24,0
167.0,0.0,61.0,119.8,41.238,2.2,282.6,1018.0,1062.2,False,True,True,False,False,False,False,False,True,0,1,1,2.2,0.0,282.6,0.0,1018.0,0.0,1062.2,0.0,41.238,0.0,167.0,0.0,0.6760217045622203,41238.0,119.8,338,1036324.0,1700.5726439999999,27889.0,41980.284,170006.0,0
0.1,0.0,0.0,0.0,0.0,123.8,139.7,785.9,1227.0,False,True,False,True,False,False,False,False,True,0,0,0,123.8,0.0,139.7,0.0,785.9,0.0,1227.0,0.0,0.0,0.0,0.1,0.0,0.0,0.0,0.0,327,617638.8099999999,0.0,0.010000000000000002,0.0,78.59,1
0.2,800.0,0.0,0.0,0.0,31.7,117.3,725.9,1142.3,True,False,False,False,False,False,True,True,False,3,0,0,0.0,31.7,0.0,117.3,0.0,725.9,0.0,1142.3,0.0,0.0,0.0,0.2,0.0,0.0,0.0,337,526930.8099999999,0.0,0.04000000000000001,0.0,145.18,1
0.1,0.0,0.0,0.0,0.0,20.4,164.9,929.1,1089.9,False,True,False,True,False,False,False,False,True,0,0,0,20.4,0.0,164.9,0.0,929.1,0.0,1089.9,0.0,0.0,0.0,0.1,0.0,0.0,0.0,0.0,353,863226.81,0.0,0.010000000000000002,0.0,92.91000000000001,0
1.0,0.0,0.0,100.0,11.0,117.2,199.4,1188.9,1288.7,False,True,True,False,False,False,False,True,False,0,0,0,117.2,0.0,199.4,0.0,1188.9,0.0,1288.7,0.0,11.0,0.0,1.0,0.0,11000.0,11000.0,100.0,326,1413483.2100000002,121.0,1.0,13077.900000000001,1188.9,0
0.1,0.0,0.0,0.0,0.0,104.2,304.0,894.0,1105.0,False,True,True,False,False,False,False,False,True,0,0,0,104.2,0.0,304.0,0.0,894.0,0.0,1105.0,0.0,0.0,0.0,0.1,0.0,0.0,0.0,0.0,364,799236.0,0.0,0.010000000000000002,0.0,89.4,0
20.0,3250.0,0.0,75.0,8.25,91.6,72.0,990.6,1062.2,False,True,True,False,False,False,False,False,True,0,1,1,91.6,0.0,72.0,0.0,990.6,0.0,1062.2,0.0,8.25,0.0,20.0,0.0,8250.0,0.00253846075739669,75.0,352,981288.3600000001,68.0625,400.0,8172.45,19812.0,0
43.3,4046.2,0.0,0.0,0.0,76.6,66.6,718.5,875.4,True,False,False,False,False,False,True,True,False,2,1,0,0.0,76.6,0.0,66.6,0.0,718.5,0.0,875.4,0.0,0.0,0.0,43.3,0.0,0.0,0.0,365,516242.25,0.0,1874.8899999999996,0.0,31111.05,1
20.0,1666.7,100.0,0.0,46.0,124.5,101.9,911.9,1108.4,True,False,False,False,True,False,False,False,True,1,0,0,0.0,124.5,0.0,101.9,0.0,911.9,0.0,1108.4,0.0,46.0,0.0,20.0,0.45999540004599954,0.027599431451712095,0.0,331,831561.61,2116.0,400.0,41947.4,18238.0,0
0.1,0.0,0.0,0.0,0.0,84.4,57.7,973.3,1089.9,True,False,False,True,False,False,False,False,True,2,0,0,0.0,84.4,0.0,57.7,0.0,973.3,0.0,1089.9,0.0,0.0,0.0,0.1,0.0,0.0,0.0,338,947312.8899999999,0.0,0.010000000000000002,0.0,97.33,0
21.0,2750.0,38.1,0.0,17.526,17.8,222.8,1325.5,1331.2,False,True,False,False,False,False,True,True,False,0,0,0,17.8,0.0,222.8,0.0,1325.5,0.0,1331.2,0.0,17.526,0.0,21.0,0.0,0.45998792682606754,0.006373088591604148,0.0,341,1756950.25,307.16067599999997,441.0,23230.713,27835.5,0
0.1,0.0,0.0,0.0,0.0,90.0,34.4,928.6,1105.0,False,True,True,False,False,False,False,False,True,0,0,0,90.0,0.0,34.4,0.0,928.6,0.0,1105.0,0.0,0.0,0.0,0.1,0.0,0.0,0.0,0.0,345,862297.9600000001,0.0,0.010000000000000002,0.0,92.86000000000001,0
0.3,1250.0,0.0,0.0,0.0,70.1,169.2,769.6,1227.0,False,True,False,True,False,False,False,True,False,0,0,0,70.1,0.0,169.2,0.0,769.6,0.0,1227.0,0.0,0.0,0.0,0.3,0.0,0.0,0.0,0.0,333,592284.16,0.0,0.09,0.0,230.88,1
32.9,3125.0,115.5,197.6,74.866,18.1,150.0,1176.3,1320.5,False,True,False,True,False,False,False,False,True,0,0,0,18.1,0.0,150.0,0.0,1176.3,0.0,1320.5,0.0,74.866,0.0,32.9,0.0,0.64818486420031,0.02395711233372405,197.6,338,1383681.69,5604.917956,1082.4099999999999,88064.8758,38700.27,0
0.5,0.0,0.0,0.0,0.0,79.0,55.4,836.3,939.0,False,True,False,False,False,False,True,True,False,0,0,0,79.0,0.0,55.4,0.0,836.3,0.0,939.0,0.0,0.0,0.0,0.5,0.0,0.0,0.0,0.0,344,699397.69,0.0,0.25,0.0,418.15,0
0.2,0.0,0.0,0.0,0.0,17.6,191.0,982.8,1105.0,True,False,True,False,False,False,False,False,True,1,0,0,0.0,17.6,0.0,191.0,0.0,982.8,0.0,1105.0,0.0,0.0,0.0,0.2,0.0,0.0,0.0,318,965895.84,0.0,0.04000000000000001,0.0,196.56,0
0.1,0.0,0.0,0.0,0.0,136.2,153.4,916.0,1331.4,True,False,True,False,False,False,False,False,True,3,0,1,0.0,136.2,0.0,153.4,0.0,916.0,0.0,1331.4,0.0,0.0,0.0,0.1,0.0,0.0,0.0,320,839056.0,0.0,0.010000000000000002,0.0,91.60000000000001,0
3.7,2702.7,0.0,162.2,17.842,154.0,53.8,978.6,1062.2,False,True,True,False,False,False,False,False,True,0,0,0,154.0,0.0,53.8,0.0,978.6,0.0,1062.2,0.0,17.842,0.0,3.7,0.0,17842.0,0.006601544158972819,162.2,356,957657.9600000001,318.33696399999997,13.690000000000001,17460.1812,3620.82,0
18.0,2777.8,38.9,138.9,33.173,45.6,15.1,713.4,875.4,False,True,False,False,False,False,True,True,False,0,0,0,45.6,0.0,15.1,0.0,713.4,0.0,875.4,0.0,33.173,0.0,18.0,0.0,0.8527544279067377,0.011942180163373834,138.9,6,508939.55999999994,1100.4479290000002,324.0,23665.6182,12841.199999999999,1
0.1,250.0,0.0,0.0,0.0,53.2,335.2,928.0,1331.4,False,True,True,False,False,False,False,False,True,0,0,0,53.2,0.0,335.2,0.0,928.0,0.0,1331.4,0.0,0.0,0.0,0.1,0.0,0.0,0.0,0.0,329,861184.0,0.0,0.010000000000000002,0.0,92.80000000000001,0
0.1,0.0,0.0,0.0,0.0,4.2,145.6,738.4,1105.0,True,False,True,False,False,False,False,False,True,3,0,0,0.0,4.2,0.0,145.6,0.0,738.4,0.0,1105.0,0.0,0.0,0.0,0.1,0.0,0.0,0.0,310,545234.5599999999,0.0,0.010000000000000002,0.0,73.84,1
0.2,0.0,0.0,0.0,0.0,20.5,114.4,931.0,1089.9,True,False,False,True,False,False,False,False,True,1,0,0,0.0,20.5,0.0,114.4,0.0,931.0,0.0,1089.9,0.0,0.0,0.0,0.2,0.0,0.0,0.0,351,866761.0,0.0,0.04000000000000001,0.0,186.20000000000002,0
50.0,0.0,80.0,0.0,36.8,164.5,244.5,870.1,1108.4,False,True,False,False,True,False,False,False,True,0,0,0,164.5,0.0,244.5,0.0,870.1,0.0,1108.4,0.0,36.8,0.0,50.0,0.0,0.45999425007187406,36800.0,0.0,5,757074.01,1354.2399999999998,2500.0,32019.679999999997,43505.0,0
45.0,5000.0,33.3,66.7,22.655,47.0,42.5,862.0,948.0,True,False,False,False,False,True,False,False,True,1,0,0,0.0,47.0,0.0,42.5,0.0,862.0,0.0,948.0,0.0,22.655,0.0,45.0,0.6803099006035856,0.004530999093800181,66.7,353,743044.0,513.2490250000001,2025.0,19528.61,38790.0,0
7.0,3500.0,57.1,171.4,45.12,124.5,101.9,911.9,1108.4,True,False,False,False,True,False,False,False,True,2,0,0,0.0,124.5,0.0,101.9,0.0,911.9,0.0,1108.4,0.0,45.12,0.0,7.0,0.7901788059753769,0.012891424888164317,171.4,331,831561.61,2035.8143999999998,49.0,41144.928,6383.3,0
11.0,4545.5,90.9,145.5,57.819,60.2,237.8,1176.5,1320.5,True,False,False,True,False,False,False,False,True,1,0,0,0.0,60.2,0.0,237.8,0.0,1176.5,0.0,1320.5,0.0,57.819,0.0,11.0,0.6360656098392756,0.012720050001088988,145.5,333,1384152.25,3343.0367610000003,121.0,68024.05350000001,12941.5,0
0.5,0.0,0.0,0.0,0.0,127.4,244.9,731.8,900.1,False,True,False,False,False,True,False,True,False,0,0,0,127.4,0.0,244.9,0.0,731.8,0.0,900.1,0.0,0.0,0.0,0.5,0.0,0.0,0.0,0.0,363,535531.24,0.0,0.25,0.0,365.9,1
150.0,4000.0,0.0,50.0,5.5,0.0,332.6,1308.7,1331.2,False,True,False,False,False,False,True,True,False,0,0,0,0.0,0.0,332.6,0.0,1308.7,0.0,1331.2,0.0,5.5,0.0,150.0,0.0,5500.0,0.001374999656250086,50.0,328,1712695.6900000002,30.25,22500.0,7197.85,196305.0,0
0.0,200.0,0.0,0.0,0.0,35.8,225.4,957.0,1331.4,True,False,True,False,False,False,False,False,True,1,0,0,0.0,35.8,0.0,225.4,0.0,957.0,0.0,1331.4,0.0,0.0,0.0,0.0,0.0,0.0,0.0,341,915849.0,0.0,0.0,0.0,0.0,0
0.4,750.0,0.0,0.0,0.0,97.5,169.3,759.6,1227.0,True,False,False,True,False,False,False,False,True,3,0,1,0.0,97.5,0.0,169.3,0.0,759.6,0.0,1227.0,0.0,0.0,0.0,0.4,0.0,0.0,0.0,331,576992.16,0.0,0.16000000000000003,0.0,303.84000000000003,1
33.5,0.0,74.7,104.6,45.868,2.2,275.4,1018.0,1062.2,False,True,True,False,False,False,False,False,True,0,1,1,2.2,0.0,275.4,0.0,1018.0,0.0,1062.2,0.0,45.868,0.0,33.5,0.0,0.6140212313088178,45868.0,104.6,339,1036324.0,2103.8734240000003,1122.25,46693.624,34103.0,0
3.0,3225.8,83.3,133.3,52.981,73.0,115.3,910.4,1108.4,False,True,False,False,True,False,False,False,True,0,0,1,73.0,0.0,115.3,0.0,910.4,0.0,1108.4,0.0,52.981,0.0,3.0,0.0,0.6360187752848105,0.016424137756792807,133.3,333,828828.1599999999,2806.986361,9.0,48233.9024,2731.2,0
0.1,0.0,0.0,0.0,0.0,32.8,216.1,804.5,939.0,True,False,False,False,False,False,True,True,False,2,0,0,0.0,32.8,0.0,216.1,0.0,804.5,0.0,939.0,0.0,0.0,0.0,0.1,0.0,0.0,0.0,351,647220.25,0.0,0.010000000000000002,0.0,80.45,0
9.1,0.0,0.0,110.3,12.133,198.2,43.4,934.2,1062.2,True,False,True,False,False,False,False,False,True,4,0,1,0.0,198.2,0.0,43.4,0.0,934.2,0.0,1062.2,0.0,12.133,0.0,9.1,12132.999999999998,12132.999999999998,110.3,358,872729.6400000001,147.20968899999997,82.80999999999999,11334.6486,8501.22,0
20.7,2421.3,48.4,0.0,22.264,79.6,15.1,714.2,875.4,True,False,False,False,False,False,True,False,True,1,0,1,0.0,79.6,0.0,15.1,0.0,714.2,0.0,875.4,0.0,22.264,0.0,20.7,0.45999049606413095,0.00919505670711737,0.0,4,510081.6400000001,495.68569599999995,428.48999999999995,15900.9488,14783.94,1
0.2,700.0,0.0,0.0,0.0,13.1,3.1,933.3,1142.3,True,False,False,False,False,False,True,False,True,1,0,0,0.0,13.1,0.0,3.1,0.0,933.3,0.0,1142.3,0.0,0.0,0.0,0.2,0.0,0.0,0.0,353,871048.8899999999,0.0,0.04000000000000001,0.0,186.66,0
0.8,0.0,0.0,0.0,0.0,30.6,106.8,717.2,1142.3,False,True,False,False,False,False,True,True,False,0,0,0,30.6,0.0,106.8,0.0,717.2,0.0,1142.3,0.0,0.0,0.0,0.8,0.0,0.0,0.0,0.0,334,514375.8400000001,0.0,0.6400000000000001,0.0,573.7600000000001,1
0.2,0.0,0.0,0.0,0.0,92.2,26.2,1015.7,1089.9,True,False,False,True,False,False,False,False,True,1,0,0,0.0,92.2,0.0,26.2,0.0,1015.7,0.0,1089.9,0.0,0.0,0.0,0.2,0.0,0.0,0.0,336,1031646.4900000001,0.0,0.04000000000000001,0.0,203.14000000000001,0
7.0,2571.4,57.1,104.3,37.739,64.0,41.0,862.0,948.0,True,False,False,False,False,True,False,True,False,2,1,1,0.0,64.0,0.0,41.0,0.0,862.0,0.0,948.0,0.0,37.739,0.0,7.0,0.6609166214251939,0.014676435141776795,104.3,355,743044.0,1424.2321209999998,49.0,32531.017999999996,6034.0,0
0.1,0.0,0.0,0.0,0.0,56.7,55.4,836.3,939.0,True,False,False,False,False,False,True,True,False,2,0,0,0.0,56.7,0.0,55.4,0.0,836.3,0.0,939.0,0.0,0.0,0.0,0.1,0.0,0.0,0.0,345,699397.69,0.0,0.010000000000000002,0.0,83.63,0
0.3,0.0,0.0,0.0,0.0,83.2,67.3,946.1,1089.9,True,False,False,True,False,False,False,False,True,1,0,0,0.0,83.2,0.0,67.3,0.0,946.1,0.0,1089.9,0.0,0.0,0.0,0.3,0.0,0.0,0.0,344,895105.2100000001,0.0,0.09,0.0,283.83,0
0.2,900.0,8.0,30.0,6.98,44.6,2.2,1023.4,1331.4,False,True,True,False,False,False,False,False,True,0,0,0,44.6,0.0,2.2,0.0,1023.4,0.0,1331.4,0.0,6.98,0.0,0.2,0.0,0.8723909511311088,0.0077555469382811805,30.0,354,1047347.5599999999,48.720400000000005,0.04000000000000001,7143.332,204.68,0
0.2,0.0,0.0,0.0,0.0,4.4,192.4,696.0,1105.0,False,True,True,False,False,False,False,False,True,0,0,0,4.4,0.0,192.4,0.0,696.0,0.0,1105.0,0.0,0.0,0.0,0.2,0.0,0.0,0.0,0.0,306,484416.0,0.0,0.04000000000000001,0.0,139.20000000000002,1
20.0,2900.0,0.0,0.0,0.0,109.8,52.5,770.5,875.4,True,False,False,False,False,False,True,False,True,1,0,0,0.0,109.8,0.0,52.5,0.0,770.5,0.0,875.4,0.0,0.0,0.0,20.0,0.0,0.0,0.0,360,593670.25,0.0,400.0,0.0,15410.0,1
0.4,0.0,10.0,0.0,4.6,72.0,24.0,845.1,1227.0,True,False,False,True,False,False,False,True,False,1,0,1,0.0,72.0,0.0,24.0,0.0,845.1,0.0,1227.0,0.0,4.6,0.0,0.4,0.45995400459954006,4600.0,0.0,357,714194.01,21.159999999999997,0.16000000000000003,3887.4599999999996,338.04,0
10.8,4651.2,0.0,27.9,3.069,103.5,294.1,1258.0,1331.2,False,True,False,False,False,False,True,False,True,0,0,0,103.5,0.0,294.1,0.0,1258.0,0.0,1331.2,0.0,3.069,0.0,10.8,0.0,3069.0,0.0006598295795000044,27.9,1,1582564.0,9.418761,116.64000000000001,3860.802,13586.400000000001,0
10.5,3802.3,71.3,0.0,32.798,122.3,53.3,789.0,875.4,True,False,False,False,False,False,True,True,False,2,0,0,0.0,122.3,0.0,53.3,0.0,789.0,0.0,875.4,0.0,32.798,0.0,10.5,0.45999354847758095,0.008625829464842473,0.0,358,622521.0,1075.708804,110.25,25877.622000000003,8284.5,1
30.0,2750.0,0.0,0.0,0.0,44.7,6.0,1307.7,1331.2,False,True,False,False,False,False,True,True,False,0,0,0,44.7,0.0,6.0,0.0,1307.7,0.0,1331.2,0.0,0.0,0.0,30.0,0.0,0.0,0.0,0.0,354,1710079.29,0.0,900.0,0.0,39231.0,0
11.4,0.0,87.7,0.0,40.342,198.2,43.4,934.2,1062.2,False,True,True,False,False,False,False,False,True,0,0,0,198.2,0.0,43.4,0.0,934.2,0.0,1062.2,0.0,40.342,0.0,11.4,0.0,0.4599947549058733,40342.0,0.0,358,872729.6400000001,1627.476964,129.96,37687.4964,10649.880000000001,0
15.0,2666.7,0.0,66.7,7.337,167.6,41.8,931.0,1062.2,False,True,True,False,False,False,False,False,True,0,1,0,167.6,0.0,41.8,0.0,931.0,0.0,1062.2,0.0,7.337,0.0,15.0,0.0,7337.0,0.0027513395765029524,66.7,360,866761.0,53.831568999999995,225.0,6830.746999999999,13965.0,0
5.8,2921.0,51.5,80.0,32.49,12.5,340.9,836.5,875.4,True,False,False,False,False,False,True,False,True,3,1,0,0.0,12.5,0.0,340.9,0.0,836.5,0.0,875.4,0.0,32.49,0.0,5.8,0.630861536669191,0.011122899307463435,80.0,347,699732.25,1055.6001,33.64,27177.885000000002,4851.7,0
0.2,0.0,0.0,0.0,0.0,79.2,235.2,929.0,1331.4,False,True,True,False,False,False,False,False,True,0,0,0,79.2,0.0,235.2,0.0,929.0,0.0,1331.4,0.0,0.0,0.0,0.2,0.0,0.0,0.0,0.0,328,863041.0,0.0,0.04000000000000001,0.0,185.8,0
4.5,0.0,55.6,88.9,35.355,91.6,72.0,990.6,1062.2,True,False,True,False,False,False,False,False,True,2,0,1,0.0,91.6,0.0,72.0,0.0,990.6,0.0,1062.2,0.0,35.355,0.0,4.5,0.6358698584557831,35354.99999999999,88.9,352,981288.3600000001,1249.9760249999997,20.25,35022.663,4457.7,0
0.1,0.0,0.0,0.0,0.0,124.2,2.4,962.2,1105.0,True,False,True,False,False,False,False,False,True,1,0,0,0.0,124.2,0.0,2.4,0.0,962.2,0.0,1105.0,0.0,0.0,0.0,0.1,0.0,0.0,0.0,340,925828.8400000001,0.0,0.010000000000000002,0.0,96.22000000000001,0
15.6,3571.4,38.5,96.2,28.292,49.7,6.5,1307.7,1331.2,False,True,False,False,False,False,True,True,False,0,0,0,49.7,0.0,6.5,0.0,1307.7,0.0,1331.2,0.0,28.292,0.0,15.6,0.0,0.7348380561543857,0.007921821156459327,96.2,356,1710079.29,800.4372640000001,243.35999999999999,36997.4484,20400.12,0
75.0,0.0,66.7,0.0,30.682,47.9,0.0,615.0,806.1,False,True,False,False,True,False,False,False,True,0,1,0,47.9,0.0,0.0,0.0,615.0,0.0,806.1,0.0,30.682,0.0,75.0,0.0,0.45999310355167083,30681.999999999996,0.0,8,378225.0,941.3851239999999,5625.0,18869.43,46125.0,1
0.2,500.0,0.0,0.0,0.0,33.3,107.2,719.1,1142.3,True,False,False,False,False,False,True,True,False,1,0,0,0.0,33.3,0.0,107.2,0.0,719.1,0.0,1142.3,0.0,0.0,0.0,0.2,0.0,0.0,0.0,332,517104.81000000006,0.0,0.04000000000000001,0.0,143.82000000000002,1
0.6,3000.0,0.0,0.0,0.0,123.8,21.8,916.4,1331.4,False,True,True,False,False,False,False,False,True,0,0,0,123.8,0.0,21.8,0.0,916.4,0.0,1331.4,0.0,0.0,0.0,0.6,0.0,0.0,0.0,0.0,322,839788.96,0.0,0.36,0.0,549.8399999999999,0
0.1,250.0,0.0,0.0,0.0,71.1,93.8,808.2,1227.0,False,True,False,True,False,False,False,False,True,0,0,1,71.1,0.0,93.8,0.0,808.2,0.0,1227.0,0.0,0.0,0.0,0.1,0.0,0.0,0.0,0.0,363,653187.2400000001,0.0,0.010000000000000002,0.0,80.82000000000001,0
0.2,0.0,0.0,0.0,0.0,79.0,55.4,836.3,939.0,True,False,False,False,False,False,True,False,True,2,0,0,0.0,79.0,0.0,55.4,0.0,836.3,0.0,939.0,0.0,0.0,0.0,0.2,0.0,0.0,0.0,344,699397.69,0.0,0.04000000000000001,0.0,167.26,0
0.9,0.0,0.0,0.0,0.0,40.9,68.0,746.6,900.1,False,True,False,False,False,True,False,False,True,0,0,0,40.9,0.0,68.0,0.0,746.6,0.0,900.1,0.0,0.0,0.0,0.9,0.0,0.0,0.0,0.0,346,557411.56,0.0,0.81,0.0,671.94,1
0.4,920.0,0.0,0.0,0.0,50.0,107.2,709.6,1142.3,False,True,False,False,False,False,True,False,True,0,0,0,50.0,0.0,107.2,0.0,709.6,0.0,1142.3,0.0,0.0,0.0,0.4,0.0,0.0,0.0,0.0,330,503532.16000000003,0.0,0.16000000000000003,0.0,283.84000000000003,1
18.0,0.0,0.0,0.0,0.0,169.0,40.6,926.6,1062.2,True,False,True,False,False,False,False,False,True,4,0,0,0.0,169.0,0.0,40.6,0.0,926.6,0.0,1062.2,0.0,0.0,0.0,18.0,0.0,0.0,0.0,362,858587.56,0.0,324.0,0.0,16678.8,0
0.1,0.0,0.0,0.0,0.0,36.8,312.2,895.8,1105.0,False,True,True,False,False,False,False,False,True,0,0,0,36.8,0.0,312.2,0.0,895.8,0.0,1105.0,0.0,0.0,0.0,0.1,0.0,0.0,0.0,0.0,353,802457.6399999999,0.0,0.010000000000000002,0.0,89.58,0
5.0,1500.0,0.0,0.0,0.0,88.9,1.6,665.5,844.8,False,True,False,True,False,False,False,False,True,0,0,0,88.9,0.0,1.6,0.0,665.5,0.0,844.8,0.0,0.0,0.0,5.0,0.0,0.0,0.0,0.0,2,442890.25,0.0,25.0,0.0,3327.5,1
0.1,0.0,0.0,0.0,0.0,90.0,34.4,928.6,1105.0,False,True,True,False,False,False,False,False,True,0,0,0,90.0,0.0,34.4,0.0,928.6,0.0,1105.0,0.0,0.0,0.0,0.1,0.0,0.0,0.0,0.0,345,862297.9600000001,0.0,0.010000000000000002,0.0,92.86000000000001,0
12.4,0.0,80.6,121.0,50.386,44.7,6.0,1307.7,1331.2,True,False,False,False,False,False,True,True,False,1,0,0,0.0,44.7,0.0,6.0,0.0,1307.7,0.0,1331.2,0.0,50.386,0.0,12.4,0.6251287204873389,50386.0,121.0,354,1710079.29,2538.7489960000003,153.76000000000002,65889.7722,16215.480000000001,0
10.0,1666.7,70.0,40.0,36.6,29.6,181.4,1143.3,1288.7,False,True,True,False,False,False,False,False,True,0,1,0,29.6,0.0,181.4,0.0,1143.3,0.0,1288.7,0.0,36.6,0.0,10.0,0.0,0.5228496735760918,0.021959547633318754,40.0,339,1307134.89,1339.5600000000002,100.0,41844.78,11433.0,0
0.5,0.0,0.0,0.0,0.0,30.8,90.0,933.9,1089.9,True,False,False,True,False,False,False,False,True,1,0,0,0.0,30.8,0.0,90.0,0.0,933.9,0.0,1089.9,0.0,0.0,0.0,0.5,0.0,0.0,0.0,350,872169.21,0.0,0.25,0.0,466.95,0
4.3,5882.4,47.1,70.6,29.432,2.2,275.4,1018.0,1062.2,True,False,True,False,False,False,False,False,True,1,1,0,0.0,2.2,0.0,275.4,0.0,1018.0,0.0,1062.2,0.0,29.432,0.0,4.3,0.6248699602980828,0.005003399122229172,70.6,339,1036324.0,866.2426239999999,18.49,29961.775999999998,4377.4,0
0.2,0.0,0.0,0.0,0.0,142.4,13.8,939.8,1105.0,True,False,True,False,False,False,False,True,False,4,1,0,0.0,142.4,0.0,13.8,0.0,939.8,0.0,1105.0,0.0,0.0,0.0,0.2,0.0,0.0,0.0,342,883224.0399999999,0.0,0.04000000000000001,0.0,187.96,0
12.5,0.0,80.0,96.0,47.36,0.4,233.4,1017.6,1062.2,False,True,True,False,False,False,False,False,True,0,0,1,0.4,0.0,233.4,0.0,1017.6,0.0,1062.2,0.0,47.36,0.0,12.5,0.0,0.5919926000924988,47360.0,96.0,342,1035509.76,2242.9696,156.25,48193.536,12720.0,0
3.5,0.0,0.0,0.0,0.0,167.6,41.8,931.0,1062.2,False,True,True,False,False,False,False,False,True,0,0,0,167.6,0.0,41.8,0.0,931.0,0.0,1062.2,0.0,0.0,0.0,3.5,0.0,0.0,0.0,0.0,360,866761.0,0.0,12.25,0.0,3258.5,0
0.3,1000.0,0.0,0.0,0.0,70.1,169.2,769.6,1227.0,False,True,False,True,False,False,False,False,True,0,0,0,70.1,0.0,169.2,0.0,769.6,0.0,1227.0,0.0,0.0,0.0,0.3,0.0,0.0,0.0,0.0,333,592284.16,0.0,0.09,0.0,230.88,1
0.2,0.0,0.0,0.0,0.0,83.2,67.3,946.1,1089.9,True,False,False,True,False,False,False,False,True,1,0,0,0.0,83.2,0.0,67.3,0.0,946.1,0.0,1089.9,0.0,0.0,0.0,0.2,0.0,0.0,0.0,344,895105.2100000001,0.0,0.04000000000000001,0.0,189.22000000000003,0
0.1,0.0,0.0,0.0,0.0,79.0,55.4,836.3,939.0,True,False,False,False,False,False,True,True,False,2,0,0,0.0,79.0,0.0,55.4,0.0,836.3,0.0,939.0,0.0,0.0,0.0,0.1,0.0,0.0,0.0,344,699397.69,0.0,0.010000000000000002,0.0,83.63,0
0.1,0.0,0.0,0.0,0.0,86.0,67.3,956.4,1089.9,True,False,False,True,False,False,False,False,True,1,0,0,0.0,86.0,0.0,67.3,0.0,956.4,0.0,1089.9,0.0,0.0,0.0,0.1,0.0,0.0,0.0,343,914700.96,0.0,0.010000000000000002,0.0,95.64,0
0.2,700.0,16.0,10.0,8.46,57.8,15.4,1024.4,1331.4,False,True,True,False,False,False,False,False,True,0,0,0,57.8,0.0,15.4,0.0,1024.4,0.0,1331.4,0.0,8.46,0.0,0.2,0.0,0.5287169551903006,0.01208569702043283,10.0,349,1049395.36,71.57160000000002,0.04000000000000001,8666.424,204.88000000000002,0
0.2,0.0,0.0,0.0,0.0,164.6,102.0,813.8,1105.0,True,False,True,False,False,False,False,False,True,1,1,1,0.0,164.6,0.0,102.0,0.0,813.8,0.0,1105.0,0.0,0.0,0.0,0.2,0.0,0.0,0.0,6,662270.44,0.0,0.04000000000000001,0.0,162.76,0
0.2,0.0,0.0,0.0,0.0,36.4,138.8,901.4,1105.0,True,False,True,False,False,False,False,False,True,4,0,0,0.0,36.4,0.0,138.8,0.0,901.4,0.0,1105.0,0.0,0.0,0.0,0.2,0.0,0.0,0.0,350,812521.96,0.0,0.04000000000000001,0.0,180.28,0
0.1,0.0,0.0,0.0,0.0,46.4,138.4,908.6,1105.0,False,True,True,False,False,False,False,False,True,0,0,0,46.4,0.0,138.4,0.0,908.6,0.0,1105.0,0.0,0.0,0.0,0.1,0.0,0.0,0.0,0.0,349,825553.9600000001,0.0,0.010000000000000002,0.0,90.86000000000001,0
0.1,600.0,0.0,0.0,0.0,50.0,107.2,709.6,1142.3,False,True,False,False,False,False,True,True,False,0,0,0,50.0,0.0,107.2,0.0,709.6,0.0,1142.3,0.0,0.0,0.0,0.1,0.0,0.0,0.0,0.0,330,503532.16000000003,0.0,0.010000000000000002,0.0,70.96000000000001,1
0.5,0.0,0.0,0.0,0.0,20.4,202.7,929.1,1089.9,False,True,False,True,False,False,False,False,True,0,0,0,20.4,0.0,202.7,0.0,929.1,0.0,1089.9,0.0,0.0,0.0,0.5,0.0,0.0,0.0,0.0,354,863226.81,0.0,0.25,0.0,464.55,0
0.3,0.0,10.0,0.0,4.6,44.4,8.7,911.7,1164.1,False,True,False,False,True,False,False,False,True,0,0,0,44.4,0.0,8.7,0.0,911.7,0.0,1164.1,0.0,4.6,0.0,0.3,0.0,0.45995400459954006,4600.0,0.0,351,831196.8900000001,21.159999999999997,0.09,4193.82,273.51,0
15.0,1333.3,0.0,60.0,6.6,170.4,5.4,824.4,1062.2,False,True,True,False,False,False,False,False,True,0,0,0,170.4,0.0,5.4,0.0,824.4,0.0,1062.2,0.0,6.6,0.0,15.0,0.0,6599.999999999999,0.00495012004041098,60.0,5,679635.36,43.559999999999995,225.0,5441.04,12366.0,0
0.2,0.0,0.0,0.0,0.0,32.8,216.1,804.5,939.0,False,True,False,False,False,False,True,False,True,0,0,0,32.8,0.0,216.1,0.0,804.5,0.0,939.0,0.0,0.0,0.0,0.2,0.0,0.0,0.0,0.0,351,647220.25,0.0,0.04000000000000001,0.0,160.9,0
10.0,5000.0,0.0,0.0,0.0,226.2,5.4,825.0,1062.2,False,True,True,False,False,False,False,False,True,0,1,1,226.2,0.0,5.4,0.0,825.0,0.0,1062.2,0.0,0.0,0.0,10.0,0.0,0.0,0.0,0.0,4,680625.0,0.0,100.0,0.0,8250.0,0
80.0,3500.0,120.0,200.0,77.2,44.5,17.5,925.4,1108.4,False,True,False,False,True,False,False,False,True,0,1,0,44.5,0.0,17.5,0.0,925.4,0.0,1108.4,0.0,77.2,0.0,80.0,0.0,0.6433279722668978,0.02205713655510384,200.0,356,856365.1599999999,5959.84,6400.0,71440.88,74032.0,0
5.0,2400.0,40.0,0.0,18.4,70.0,55.2,788.2,806.1,True,False,False,False,True,False,False,False,True,3,1,1,0.0,70.0,0.0,55.2,0.0,788.2,0.0,806.1,0.0,18.4,0.0,5.0,0.45998850028749283,0.007666663472223552,0.0,354,621259.2400000001,338.55999999999995,25.0,14502.88,3941.0,1
20.0,0.0,50.0,0.0,23.0,168.0,30.6,757.7,806.1,False,True,False,False,True,False,False,False,True,0,1,0,168.0,0.0,30.6,0.0,757.7,0.0,806.1,0.0,23.0,0.0,20.0,0.0,0.45999080018399635,23000.0,0.0,357,574109.29,529.0,400.0,17427.100000000002,15154.0,1
0.4,0.0,0.0,0.0,0.0,45.5,97.6,946.0,1089.9,True,False,False,True,False,False,False,False,True,1,0,0,0.0,45.5,0.0,97.6,0.0,946.0,0.0,1089.9,0.0,0.0,0.0,0.4,0.0,0.0,0.0,347,894916.0,0.0,0.16000000000000003,0.0,378.40000000000003,0
0.4,0.0,22.0,0.0,10.12,55.6,15.4,1024.6,1331.4,True,False,True,False,False,False,False,False,True,2,0,1,0.0,55.6,0.0,15.4,0.0,1024.6,0.0,1331.4,0.0,10.12,0.0,0.4,0.4599790918594609,10119.999999999998,0.0,348,1049805.16,102.41439999999999,0.16000000000000003,10368.951999999997,409.84,0
15.0,2400.0,0.0,0.0,0.0,170.4,5.4,824.4,1062.2,True,False,True,False,False,False,False,False,True,3,0,0,0.0,170.4,0.0,5.4,0.0,824.4,0.0,1062.2,0.0,0.0,0.0,15.0,0.0,0.0,0.0,5,679635.36,0.0,225.0,0.0,12366.0,0
0.2,500.0,22.0,10.0,11.22,95.2,282.8,962.6,1331.4,False,True,True,False,False,False,False,False,True,0,0,0,95.2,0.0,282.8,0.0,962.6,0.0,1331.4,0.0,11.22,0.0,0.2,0.0,0.5099768192354893,0.022439955120089762,10.0,311,926598.76,125.88840000000002,0.04000000000000001,10800.372000000001,192.52,0
0.1,0.0,0.0,0.0,0.0,86.0,67.3,956.4,1089.9,True,False,False,True,False,False,False,True,False,3,1,1,0.0,86.0,0.0,67.3,0.0,956.4,0.0,1089.9,0.0,0.0,0.0,0.1,0.0,0.0,0.0,343,914700.96,0.0,0.010000000000000002,0.0,95.64,0
20.0,4166.7,25.0,50.0,17.0,66.7,280.0,1263.0,1331.2,True,False,False,False,False,False,True,True,False,1,0,0,0.0,66.7,0.0,280.0,0.0,1263.0,0.0,1331.2,0.0,17.0,0.0,20.0,0.6799728010879564,0.00407996638107702,50.0,362,1595169.0,289.0,400.0,21471.0,25260.0,0
4.3,0.0,47.1,0.0,21.666,167.6,41.8,931.0,1062.2,True,False,True,False,False,False,False,False,True,1,0,1,0.0,167.6,0.0,41.8,0.0,931.0,0.0,1062.2,0.0,21.666,0.0,4.3,0.4599902337529989,21666.0,0.0,360,866761.0,469.41555600000004,18.49,20171.046000000002,4003.2999999999997,0
0.1,0.0,0.0,0.0,0.0,124.2,2.4,962.2,1105.0,False,True,True,False,False,False,False,False,True,0,0,0,124.2,0.0,2.4,0.0,962.2,0.0,1105.0,0.0,0.0,0.0,0.1,0.0,0.0,0.0,0.0,340,925828.8400000001,0.0,0.010000000000000002,0.0,96.22000000000001,0
21.8,2525.3,50.5,50.5,28.785,81.5,82.0,824.0,875.4,False,True,False,False,False,False,True,True,False,0,0,0,81.5,0.0,82.0,0.0,824.0,0.0,875.4,0.0,28.785,0.0,21.8,0.0,0.5699887130947903,0.011398641191683682,50.5,354,678976.0,828.576225,475.24,23718.84,17963.2,0
14.5,2069.0,0.0,0.0,0.0,162.6,45.0,870.8,1062.2,False,True,True,False,False,False,False,False,True,0,0,0,162.6,0.0,45.0,0.0,870.8,0.0,1062.2,0.0,0.0,0.0,14.5,0.0,0.0,0.0,0.0,363,758292.6399999999,0.0,210.25,0.0,12626.599999999999,0
0.1,0.0,0.0,0.0,0.0,65.2,16.5,716.3,801.7,True,False,False,False,True,False,False,False,True,1,0,0,0.0,65.2,0.0,16.5,0.0,716.3,0.0,801.7,0.0,0.0,0.0,0.1,0.0,0.0,0.0,345,513085.68999999994,0.0,0.010000000000000002,0.0,71.63,1
15.4,4876.5,26.0,45.5,16.965,66.0,86.4,824.0,875.4,True,False,False,False,False,False,True,True,False,2,0,0,0.0,66.0,0.0,86.4,0.0,824.0,0.0,875.4,0.0,16.965,0.0,15.4,0.6524749048113534,0.0034789288467284227,45.5,352,678976.0,287.811225,237.16000000000003,13979.16,12689.6,0
0.1,0.0,0.0,0.0,0.0,49.0,45.0,1053.8,1105.0,True,False,True,False,False,False,False,False,True,1,1,1,0.0,49.0,0.0,45.0,0.0,1053.8,0.0,1105.0,0.0,0.0,0.0,0.1,0.0,0.0,0.0,329,1110494.44,0.0,0.010000000000000002,0.0,105.38,0
0.4,0.0,0.0,0.0,0.0,45.5,67.1,946.1,1089.9,False,True,False,True,False,False,False,False,True,0,0,0,45.5,0.0,67.1,0.0,946.1,0.0,1089.9,0.0,0.0,0.0,0.4,0.0,0.0,0.0,0.0,345,895105.2100000001,0.0,0.16000000000000003,0.0,378.44000000000005,0
0.1,0.0,0.0,0.0,0.0,220.4,107.4,914.8,1331.4,True,False,True,False,False,False,False,False,True,3,0,1,0.0,220.4,0.0,107.4,0.0,914.8,0.0,1331.4,0.0,0.0,0.0,0.1,0.0,0.0,0.0,9,836859.0399999999,0.0,0.010000000000000002,0.0,91.48,0
6.5,3846.2,123.1,145.0,72.576,88.9,1.6,665.5,844.8,False,True,False,True,False,False,False,False,True,0,0,0,88.9,0.0,1.6,0.0,665.5,0.0,844.8,0.0,72.576,0.0,6.5,0.0,0.5895646664121331,0.01886952865957863,145.0,2,442890.25,5267.2757759999995,42.25,48299.327999999994,4325.75,1
23.0,4166.7,50.0,130.4,37.344,138.0,145.4,970.4,1108.4,True,False,False,False,True,False,False,False,True,1,0,0,0.0,138.0,0.0,145.4,0.0,970.4,0.0,1108.4,0.0,37.344,0.0,23.0,0.7468650626987461,0.008962486149114131,130.4,326,941676.1599999999,1394.5743360000001,529.0,36238.6176,22319.2,0
11.0,4000.0,81.8,163.6,55.624,28.4,137.6,1136.7,1288.7,False,True,True,False,False,False,False,True,False,0,0,0,28.4,0.0,137.6,0.0,1136.7,0.0,1288.7,0.0,55.624,0.0,11.0,0.0,0.6799916871431889,0.01390599652350087,163.6,344,1292086.8900000001,3094.0293760000004,121.0,63227.800800000005,12503.7,0
0.0,135.0,0.0,0.0,0.0,100.4,138.4,841.2,1142.3,False,True,False,False,False,False,True,True,False,0,0,0,100.4,0.0,138.4,0.0,841.2,0.0,1142.3,0.0,0.0,0.0,0.0,0.0,0.0,0.0,0.0,363,707617.4400000001,0.0,0.0,0.0,0.0,0
5.0,0.0,70.0,0.0,32.2,167.6,41.8,926.6,1062.2,True,False,True,False,False,False,False,False,True,1,1,1,0.0,167.6,0.0,41.8,0.0,926.6,0.0,1062.2,0.0,32.2,0.0,5.0,0.4599934286653048,32200.000000000004,0.0,361,858587.56,1036.8400000000001,25.0,29836.520000000004,4633.0,0
20.4,2451.0,73.5,0.0,33.81,142.7,30.6,620.2,806.1,True,False,False,False,True,False,False,False,True,1,1,0,0.0,142.7,0.0,30.6,0.0,620.2,0.0,806.1,0.0,33.81,0.0,20.4,0.45999374158174716,0.013794364016987345,0.0,364,384648.04000000004,1143.1161000000002,416.15999999999997,20968.962000000003,12652.08,1
0.0,0.0,0.0,0.0,0.0,35.4,131.2,1053.8,1105.0,True,False,True,False,False,False,False,False,True,3,0,0,0.0,35.4,0.0,131.2,0.0,1053.8,0.0,1105.0,0.0,0.0,0.0,0.0,0.0,0.0,0.0,327,1110494.44,0.0,0.0,0.0,0.0,0
50.0,1666.7,0.0,0.0,0.0,12.0,110.3,925.4,1108.4,False,True,False,False,True,False,False,False,True,0,0,0,12.0,0.0,110.3,0.0,925.4,0.0,1108.4,0.0,0.0,0.0,50.0,0.0,0.0,0.0,0.0,350,856365.1599999999,0.0,2500.0,0.0,46270.0,0
0.1,0.0,0.0,0.0,0.0,15.2,338.6,944.2,1331.4,False,True,True,False,False,False,False,False,True,0,0,0,15.2,0.0,338.6,0.0,944.2,0.0,1331.4,0.0,0.0,0.0,0.1,0.0,0.0,0.0,0.0,334,891513.6400000001,0.0,0.010000000000000002,0.0,94.42000000000002,0
10.0,1000.0,0.0,50.0,5.5,47.5,63.1,836.5,875.4,True,False,False,False,False,False,True,False,True,2,0,0,0.0,47.5,0.0,63.1,0.0,836.5,0.0,875.4,0.0,5.5,0.0,10.0,5500.0,0.0054999945000055,50.0,350,699732.25,30.25,100.0,4600.75,8365.0,0
0.0,350.0,0.0,3.0,0.33,11.6,327.2,944.2,1331.4,True,False,True,False,False,False,False,False,True,3,0,1,0.0,11.6,0.0,327.2,0.0,944.2,0.0,1331.4,0.0,0.33,0.0,0.0,330.0,0.0009428544489872887,3.0,335,891513.6400000001,0.10890000000000001,0.0,311.586,0.0,0
0.0,0.0,0.0,0.0,0.0,44.0,1.2,1004.4,1331.4,False,True,True,False,False,False,False,False,True,0,0,0,44.0,0.0,1.2,0.0,1004.4,0.0,1331.4,0.0,0.0,0.0,0.0,0.0,0.0,0.0,0.0,356,1008819.36,0.0,0.0,0.0,0.0,0
10.0,3333.3,150.0,0.0,69.0,22.5,121.1,925.4,1108.4,True,False,False,False,True,False,False,False,True,1,1,1,0.0,22.5,0.0,121.1,0.0,925.4,0.0,1108.4,0.0,69.0,0.0,10.0,0.4599969333537776,0.02070020079194768,0.0,347,856365.1599999999,4761.0,100.0,63852.6,9254.0,0
8.5,3000.0,47.1,0.0,21.666,117.0,234.0,1171.3,1288.7,False,True,True,False,False,False,False,False,True,0,1,0,117.0,0.0,234.0,0.0,1171.3,0.0,1288.7,0.0,21.666,0.0,8.5,0.0,0.4599902337529989,0.007221997592667469,0.0,328,1371943.69,469.41555600000004,72.25,25377.3858,9956.05,0
0.2,1000.0,0.0,0.0,0.0,72.0,24.0,845.1,1227.0,False,True,False,True,False,False,False,False,True,0,0,0,72.0,0.0,24.0,0.0,845.1,0.0,1227.0,0.0,0.0,0.0,0.2,0.0,0.0,0.0,0.0,357,714194.01,0.0,0.04000000000000001,0.0,169.02,0
0.4,0.0,0.0,0.0,0.0,31.1,99.7,939.2,1089.9,True,False,False,True,False,False,False,False,True,1,0,0,0.0,31.1,0.0,99.7,0.0,939.2,0.0,1089.9,0.0,0.0,0.0,0.4,0.0,0.0,0.0,349,882096.6400000001,0.0,0.16000000000000003,0.0,375.68000000000006,0
0.0,0.0,0.0,0.0,0.0,69.4,97.8,928.6,1105.0,True,False,True,False,False,False,False,False,True,1,0,0,0.0,69.4,0.0,97.8,0.0,928.6,0.0,1105.0,0.0,0.0,0.0,0.0,0.0,0.0,0.0,346,862297.9600000001,0.0,0.0,0.0,0.0,0
5.0,3200.0,0.0,20.0,2.2,45.6,15.1,713.4,875.4,False,True,False,False,False,False,True,True,False,0,0,0,45.6,0.0,15.1,0.0,713.4,0.0,875.4,0.0,2.2,0.0,5.0,0.0,2200.0,0.0006874997851563172,20.0,6,508939.55999999994,4.840000000000001,25.0,1569.48,3567.0,1
7.5,1666.7,66.7,146.7,46.819,25.6,52.5,1307.7,1331.2,False,True,False,False,False,False,True,False,True,0,0,0,25.6,0.0,52.5,0.0,1307.7,0.0,1331.2,0.0,46.819,0.0,7.5,0.0,0.7019235093926628,0.028090821329080622,146.7,350,1710079.29,2192.0187610000003,56.25,61225.206300000005,9807.75,0
0.2,0.0,0.0,0.0,0.0,144.6,13.8,928.4,1105.0,False,True,True,False,False,False,False,False,True,0,0,0,144.6,0.0,13.8,0.0,928.4,0.0,1105.0,0.0,0.0,0.0,0.2,0.0,0.0,0.0,0.0,343,861926.5599999999,0.0,0.04000000000000001,0.0,185.68,0
40.0,0.0,62.5,0.0,28.75,70.0,49.4,788.2,806.1,False,True,False,False,True,False,False,False,True,0,1,0,70.0,0.0,49.4,0.0,788.2,0.0,806.1,0.0,28.75,0.0,40.0,0.0,0.45999264011775814,28750.0,0.0,355,621259.2400000001,826.5625,1600.0,22660.75,31528.0,1
0.1,0.0,0.0,0.0,0.0,9.4,366.2,896.2,1105.0,False,True,True,False,False,False,False,False,True,0,0,0,9.4,0.0,366.2,0.0,896.2,0.0,1105.0,0.0,0.0,0.0,0.1,0.0,0.0,0.0,0.0,357,803174.4400000001,0.0,0.010000000000000002,0.0,89.62,0
0.3,0.0,0.0,0.0,0.0,13.3,275.2,739.4,900.1,False,True,False,False,False,True,False,True,False,0,0,0,13.3,0.0,275.2,0.0,739.4,0.0,900.1,0.0,0.0,0.0,0.3,0.0,0.0,0.0,0.0,356,546712.36,0.0,0.09,0.0,221.82,1
0.1,0.0,0.0,0.0,0.0,104.2,304.0,894.0,1105.0,False,True,True,False,False,False,False,False,True,0,0,0,104.2,0.0,304.0,0.0,894.0,0.0,1105.0,0.0,0.0,0.0,0.1,0.0,0.0,0.0,0.0,364,799236.0,0.0,0.010000000000000002,0.0,89.4,0
100.0,0.0,50.0,50.0,28.5,86.9,1.2,664.72,844.8,True,False,False,True,False,False,False,False,True,2,0,0,0.0,86.9,0.0,1.2,0.0,664.72,0.0,844.8,0.0,28.5,0.0,100.0,0.5699886002279955,28500.0,50.0,4,441852.67840000003,812.25,10000.0,18944.52,66472.0,1
2.0,3000.0,0.0,100.0,11.0,151.8,71.0,990.6,1062.2,False,True,True,False,False,False,False,False,True,0,0,0,151.8,0.0,71.0,0.0,990.6,0.0,1062.2,0.0,11.0,0.0,2.0,0.0,11000.0,0.0036666654444448515,100.0,355,981288.3600000001,121.0,4.0,10896.6,1981.2,0
0.0,0.0,0.0,0.0,0.0,104.0,12.4,1056.6,1105.0,True,False,True,False,False,False,False,False,True,3,1,1,0.0,104.0,0.0,12.4,0.0,1056.6,0.0,1105.0,0.0,0.0,0.0,0.0,0.0,0.0,0.0,332,1116403.5599999998,0.0,0.0,0.0,0.0,0
0.1,0.0,0.0,0.0,0.0,7.6,325.1,926.6,1089.9,True,False,False,True,False,False,False,False,True,1,0,0,0.0,7.6,0.0,325.1,0.0,926.6,0.0,1089.9,0.0,0.0,0.0,0.1,0.0,0.0,0.0,357,858587.56,0.0,0.010000000000000002,0.0,92.66000000000001,0
0.1,0.0,0.0,0.0,0.0,90.0,34.4,928.6,1105.0,False,True,True,False,False,False,False,False,True,0,0,0,90.0,0.0,34.4,0.0,928.6,0.0,1105.0,0.0,0.0,0.0,0.1,0.0,0.0,0.0,0.0,345,862297.9600000001,0.0,0.010000000000000002,0.0,92.86000000000001,0
11.8,4661.0,50.8,0.0,23.368,44.2,0.0,591.3,806.1,True,False,False,False,True,False,False,False,True,1,1,1,0.0,44.2,0.0,0.0,0.0,591.3,0.0,806.1,0.0,23.368,0.0,11.8,0.4599909450601366,0.005013515337156117,0.0,9,349635.68999999994,546.0634239999999,139.24,13817.498399999999,6977.34,1
0.1,0.0,0.0,0.0,0.0,124.2,2.4,962.2,1105.0,False,True,True,False,False,False,False,False,True,0,0,0,124.2,0.0,2.4,0.0,962.2,0.0,1105.0,0.0,0.0,0.0,0.1,0.0,0.0,0.0,0.0,340,925828.8400000001,0.0,0.010000000000000002,0.0,96.22000000000001,0
0.0,0.0,0.0,0.0,0.0,84.4,57.7,973.3,1089.9,False,True,False,True,False,False,False,False,True,0,0,0,84.4,0.0,57.7,0.0,973.3,0.0,1089.9,0.0,0.0,0.0,0.0,0.0,0.0,0.0,0.0,338,947312.8899999999,0.0,0.0,0.0,0.0,0
5.4,0.0,37.4,0.0,17.204,2.2,230.8,1013.8,1062.2,False,True,True,False,False,False,False,False,True,0,1,0,2.2,0.0,230.8,0.0,1013.8,0.0,1062.2,0.0,17.204,0.0,5.4,0.0,0.45998770086361335,17204.0,0.0,334,1027790.44,295.977616,29.160000000000004,17441.4152,5474.52,0
10.0,2083.3,100.0,0.0,46.0,138.0,98.4,912.4,1108.4,True,False,False,False,True,False,False,False,True,1,1,0,0.0,138.0,0.0,98.4,0.0,912.4,0.0,1108.4,0.0,46.0,0.0,10.0,0.45999540004599954,0.022080342686918497,0.0,329,832473.76,2116.0,100.0,41970.4,9124.0,0
0.4,0.0,0.0,0.0,0.0,37.8,350.9,927.9,1089.9,True,False,False,True,False,False,False,False,True,2,0,0,0.0,37.8,0.0,350.9,0.0,927.9,0.0,1089.9,0.0,0.0,0.0,0.4,0.0,0.0,0.0,362,860998.4099999999,0.0,0.16000000000000003,0.0,371.16,0
0.3,0.0,0.0,0.0,0.0,7.6,325.1,926.6,1089.9,True,False,False,True,False,False,False,False,True,1,0,0,0.0,7.6,0.0,325.1,0.0,926.6,0.0,1089.9,0.0,0.0,0.0,0.3,0.0,0.0,0.0,357,858587.56,0.0,0.09,0.0,277.98,0
0.0,0.0,0.0,0.0,0.0,36.8,227.4,895.6,1105.0,False,True,True,False,False,False,False,False,True,0,0,0,36.8,0.0,227.4,0.0,895.6,0.0,1105.0,0.0,0.0,0.0,0.0,0.0,0.0,0.0,0.0,352,802099.36,0.0,0.0,0.0,0.0,0
16.0,5312.5,118.8,200.0,76.648,25.6,222.8,1176.5,1320.5,False,True,False,True,False,False,False,False,True,0,0,0,25.6,0.0,222.8,0.0,1176.5,0.0,1320.5,0.0,76.648,0.0,16.0,0.0,0.6451797543791719,0.014427856107697673,200.0,336,1384152.25,5874.9159039999995,256.0,90176.37199999999,18824.0,0
0.2,0.0,0.0,0.0,0.0,56.7,259.0,802.0,939.0,False,True,False,False,False,False,True,True,False,0,0,0,56.7,0.0,259.0,0.0,802.0,0.0,939.0,0.0,0.0,0.0,0.2,0.0,0.0,0.0,0.0,361,643204.0,0.0,0.04000000000000001,0.0,160.4,1
0.2,0.0,0.0,0.0,0.0,77.6,67.4,960.4,1089.9,True,False,False,True,False,False,False,False,True,1,0,0,0.0,77.6,0.0,67.4,0.0,960.4,0.0,1089.9,0.0,0.0,0.0,0.2,0.0,0.0,0.0,341,922368.1599999999,0.0,0.04000000000000001,0.0,192.08,0
0.6,0.0,0.0,0.0,0.0,74.8,63.5,973.3,1089.9,False,True,False,True,False,False,False,False,True,0,0,0,74.8,0.0,63.5,0.0,973.3,0.0,1089.9,0.0,0.0,0.0,0.6,0.0,0.0,0.0,0.0,340,947312.8899999999,0.0,0.36,0.0,583.9799999999999,0
8.0,0.0,62.5,100.0,39.75,91.6,72.0,990.6,1062.2,True,False,True,False,False,False,False,False,True,1,1,0,0.0,91.6,0.0,72.0,0.0,990.6,0.0,1062.2,0.0,39.75,0.0,8.0,0.6359898241628135,39750.0,100.0,352,981288.3600000001,1580.0625,64.0,39376.35,7924.8,0
0.2,0.0,0.0,0.0,0.0,9.6,86.7,865.2,939.0,True,False,False,False,False,False,True,True,False,2,0,0,0.0,9.6,0.0,86.7,0.0,865.2,0.0,939.0,0.0,0.0,0.0,0.2,0.0,0.0,0.0,319,748571.04,0.0,0.04000000000000001,0.0,173.04000000000002,0
0.5,0.0,0.0,0.0,0.0,56.3,17.3,915.9,939.0,True,False,False,False,False,False,True,True,False,1,0,0,0.0,56.3,0.0,17.3,0.0,915.9,0.0,939.0,0.0,0.0,0.0,0.5,0.0,0.0,0.0,332,838872.8099999999,0.0,0.25,0.0,457.95,0
12.8,4166.7,125.0,93.8,67.818,29.6,181.4,1143.3,1288.7,True,False,True,False,False,False,False,False,True,1,0,0,0.0,29.6,0.0,181.4,0.0,1143.3,0.0,1288.7,0.0,67.818,0.0,12.8,0.5425396596827226,0.016276185884228314,93.8,339,1307134.89,4599.281124,163.84000000000003,77536.3194,14634.24,0
0.0,200.0,2.0,0.0,0.92,10.0,41.3,921.2,1142.3,True,False,False,False,False,False,True,False,True,1,0,0,0.0,10.0,0.0,41.3,0.0,921.2,0.0,1142.3,0.0,0.92,0.0,0.0,0.4597701149425288,0.004599977000115,0.0,350,848609.4400000001,0.8464,0.0,847.5040000000001,0.0,0
0.1,0.0,0.0,0.0,0.0,20.4,202.7,929.1,1089.9,False,True,False,True,False,False,False,False,True,0,0,0,20.4,0.0,202.7,0.0,929.1,0.0,1089.9,0.0,0.0,0.0,0.1,0.0,0.0,0.0,0.0,354,863226.81,0.0,0.010000000000000002,0.0,92.91000000000001,0
0.2,0.0,0.0,0.0,0.0,132.2,3.0,1036.8,1105.0,True,False,True,False,False,False,False,False,True,1,1,1,0.0,132.2,0.0,3.0,0.0,1036.8,0.0,1105.0,0.0,0.0,0.0,0.2,0.0,0.0,0.0,336,1074954.24,0.0,0.04000000000000001,0.0,207.36,0
0.4,0.0,0.0,0.0,0.0,92.1,108.5,933.3,1142.3,True,False,False,False,False,False,True,True,False,3,0,0,0.0,92.1,0.0,108.5,0.0,933.3,0.0,1142.3,0.0,0.0,0.0,0.4,0.0,0.0,0.0,357,871048.8899999999,0.0,0.16000000000000003,0.0,373.32,0
0.1,0.0,0.0,0.0,0.0,17.6,129.8,1023.4,1105.0,True,False,True,False,False,False,False,False,True,3,0,0,0.0,17.6,0.0,129.8,0.0,1023.4,0.0,1105.0,0.0,0.0,0.0,0.1,0.0,0.0,0.0,322,1047347.5599999999,0.0,0.010000000000000002,0.0,102.34,0
0.3,0.0,0.0,0.0,0.0,33.5,128.0,685.3,801.7,True,False,False,False,True,False,False,False,True,1,0,0,0.0,33.5,0.0,128.0,0.0,685.3,0.0,801.7,0.0,0.0,0.0,0.3,0.0,0.0,0.0,351,469636.0899999999,0.0,0.09,0.0,205.58999999999997,1
0.1,0.0,0.0,0.0,0.0,19.0,131.2,1027.6,1105.0,True,False,True,False,False,False,False,False,True,3,0,0,0.0,19.0,0.0,131.2,0.0,1027.6,0.0,1105.0,0.0,0.0,0.0,0.1,0.0,0.0,0.0,324,1055961.7599999998,0.0,0.010000000000000002,0.0,102.75999999999999,0
0.3,500.0,15.0,0.0,6.9,73.9,3.8,879.6,1227.0,False,True,False,True,False,False,False,False,True,0,0,0,73.9,0.0,3.8,0.0,879.6,0.0,1227.0,0.0,6.9,0.0,0.3,0.0,0.4599693353776415,0.013799972400055201,0.0,354,773696.16,47.61000000000001,0.09,6069.240000000001,263.88,0
12.0,3000.0,50.0,150.0,39.5,109.8,52.5,755.0,875.4,False,True,False,False,False,False,True,True,False,0,0,0,109.8,0.0,52.5,0.0,755.0,0.0,875.4,0.0,39.5,0.0,12.0,0.0,0.7899842003159937,0.01316666227777924,150.0,362,570025.0,1560.25,144.0,29822.5,9060.0,1
27.0,3000.0,100.0,74.1,54.151,43.8,43.5,1132.1,1288.7,False,True,True,False,False,False,False,False,True,0,1,1,43.8,0.0,43.5,0.0,1132.1,0.0,1288.7,0.0,54.151,0.0,27.0,0.0,0.5415045849541504,0.01805032731655756,74.1,356,1281650.4099999997,2932.3308010000005,729.0,61304.3471,30566.699999999997,0
0.1,0.0,0.0,0.0,0.0,16.9,0.0,899.8,1164.1,False,True,False,False,True,False,False,False,True,0,0,0,16.9,0.0,0.0,0.0,899.8,0.0,1164.1,0.0,0.0,0.0,0.1,0.0,0.0,0.0,0.0,356,809640.0399999999,0.0,0.010000000000000002,0.0,89.98,0
0.0,0.0,0.0,0.0,0.0,140.4,279.6,944.4,1331.4,True,False,True,False,False,False,False,False,True,4,0,0,0.0,140.4,0.0,279.6,0.0,944.4,0.0,1331.4,0.0,0.0,0.0,0.0,0.0,0.0,0.0,315,891891.36,0.0,0.0,0.0,0.0,0
0.1,0.0,0.0,0.0,0.0,39.2,85.0,1053.8,1105.0,True,False,True,False,False,False,False,False,True,3,0,0,0.0,39.2,0.0,85.0,0.0,1053.8,0.0,1105.0,0.0,0.0,0.0,0.1,0.0,0.0,0.0,328,1110494.44,0.0,0.010000000000000002,0.0,105.38,0
14.3,1750.7,42.0,0.0,19.32,128.9,37.4,777.5,844.8,False,True,False,True,False,False,False,False,True,0,0,0,128.9,0.0,37.4,0.0,777.5,0.0,844.8,0.0,19.32,0.0,14.3,0.0,0.45998904787981243,0.011035579462169725,0.0,356,604506.25,373.2624,204.49,15021.300000000001,11118.25,1
36.0,2083.3,0.0,55.6,6.116,117.7,33.3,692.82,844.8,False,True,False,True,False,False,False,False,True,0,0,0,117.7,0.0,33.3,0.0,692.82,0.0,844.8,0.0,6.116,0.0,36.0,0.0,6115.999999999999,0.0029357255624607287,55.6,363,479999.55240000004,37.405455999999994,1296.0,4237.28712,24941.52,1
0.1,350.0,0.0,0.0,0.0,35.8,225.4,957.0,1331.4,True,False,True,False,False,False,False,False,True,2,0,1,0.0,35.8,0.0,225.4,0.0,957.0,0.0,1331.4,0.0,0.0,0.0,0.1,0.0,0.0,0.0,341,915849.0,0.0,0.010000000000000002,0.0,95.7,0
22.0,0.0,0.0,68.2,7.502,129.0,8.6,704.4,1062.2,False,True,True,False,False,False,False,False,True,0,1,0,129.0,0.0,8.6,0.0,704.4,0.0,1062.2,0.0,7.502,0.0,22.0,0.0,7502.0,7502.0,68.2,10,496179.36,56.280004,484.0,5284.408799999999,15496.8,1
0.1,0.0,0.0,0.0,0.0,11.6,327.2,944.2,1331.4,False,True,True,False,False,False,False,False,True,0,0,0,11.6,0.0,327.2,0.0,944.2,0.0,1331.4,0.0,0.0,0.0,0.1,0.0,0.0,0.0,0.0,335,891513.6400000001,0.0,0.010000000000000002,0.0,94.42000000000002,0
12.0,0.0,50.0,0.0,23.0,91.6,72.0,990.6,1062.2,False,True,True,False,False,False,False,False,True,0,0,0,91.6,0.0,72.0,0.0,990.6,0.0,1062.2,0.0,23.0,0.0,12.0,0.0,0.45999080018399635,23000.0,0.0,352,981288.3600000001,529.0,144.0,22783.8,11887.2,0
0.0,0.0,0.0,0.0,0.0,44.4,1.4,1014.8,1331.4,True,False,True,False,False,False,False,False,True,2,0,0,0.0,44.4,0.0,1.4,0.0,1014.8,0.0,1331.4,0.0,0.0,0.0,0.0,0.0,0.0,0.0,355,1029819.0399999999,0.0,0.0,0.0,0.0,0
54.0,0.0,0.0,0.0,0.0,168.2,5.4,817.8,1062.2,False,True,True,False,False,False,False,False,True,0,0,0,168.2,0.0,5.4,0.0,817.8,0.0,1062.2,0.0,0.0,0.0,54.0,0.0,0.0,0.0,0.0,6,668796.84,0.0,2916.0,0.0,44161.2,0
20.0,0.0,0.0,0.0,0.0,162.6,45.0,870.8,1062.2,True,False,True,False,False,False,False,False,True,2,1,0,0.0,162.6,0.0,45.0,0.0,870.8,0.0,1062.2,0.0,0.0,0.0,20.0,0.0,0.0,0.0,363,758292.6399999999,0.0,400.0,0.0,17416.0,0
0.2,0.0,0.0,0.0,0.0,56.7,177.8,836.3,939.0,True,False,False,False,False,False,True,True,False,2,0,0,0.0,56.7,0.0,177.8,0.0,836.3,0.0,939.0,0.0,0.0,0.0,0.2,0.0,0.0,0.0,347,699397.69,0.0,0.04000000000000001,0.0,167.26,0
0.2,0.0,0.0,0.0,0.0,168.3,197.8,768.3,939.0,True,False,False,False,False,False,True,True,False,1,0,0,0.0,168.3,0.0,197.8,0.0,768.3,0.0,939.0,0.0,0.0,0.0,0.2,0.0,0.0,0.0,2,590284.8899999999,0.0,0.04000000000000001,0.0,153.66,1
21.9,2513.7,50.3,50.3,28.671,81.5,82.0,824.0,875.4,False,True,False,False,False,False,True,True,False,0,0,0,81.5,0.0,82.0,0.0,824.0,0.0,875.4,0.0,28.671,0.0,21.9,0.0,0.5699886682173317,0.011405891154118965,50.3,354,678976.0,822.0262409999999,479.60999999999996,23624.904,18045.6,0
0.2,0.0,0.0,0.0,0.0,57.3,23.8,915.9,939.0,True,False,False,False,False,False,True,True,False,2,0,0,0.0,57.3,0.0,23.8,0.0,915.9,0.0,939.0,0.0,0.0,0.0,0.2,0.0,0.0,0.0,331,838872.8099999999,0.0,0.04000000000000001,0.0,183.18,0
8.1,2484.5,49.7,186.3,43.355,66.6,294.1,1245.5,1331.2,True,False,False,False,False,False,True,True,False,2,0,0,0.0,66.6,0.0,294.1,0.0,1245.5,0.0,1331.2,0.0,43.355,0.0,8.1,0.8723164523852638,0.017450184161729054,186.3,2,1551270.25,1879.6560249999998,65.61,53998.6525,10088.55,0
0.1,0.0,0.0,0.0,0.0,53.2,118.0,714.8,801.7,True,False,False,False,True,False,False,False,True,1,0,0,0.0,53.2,0.0,118.0,0.0,714.8,0.0,801.7,0.0,0.0,0.0,0.1,0.0,0.0,0.0,348,510939.0399999999,0.0,0.010000000000000002,0.0,71.48,1
5.1,3921.6,0.0,0.0,0.0,146.4,44.0,868.8,1062.2,False,True,True,False,False,False,False,False,True,0,0,0,146.4,0.0,44.0,0.0,868.8,0.0,1062.2,0.0,0.0,0.0,5.1,0.0,0.0,0.0,0.0,364,754813.44,0.0,26.009999999999998,0.0,4430.879999999999,0
10.0,2500.0,0.0,50.0,5.5,3.4,281.82,803.42,844.8,False,True,False,True,False,False,False,False,True,0,0,0,3.4,0.0,281.82,0.0,803.42,0.0,844.8,0.0,5.5,0.0,10.0,0.0,5500.0,0.002199999120000352,50.0,335,645483.6963999999,30.25,100.0,4418.8099999999995,8034.2,1
0.1,0.0,0.0,0.0,0.0,95.2,283.0,962.6,1331.4,False,True,True,False,False,False,False,False,True,0,0,0,95.2,0.0,283.0,0.0,962.6,0.0,1331.4,0.0,0.0,0.0,0.1,0.0,0.0,0.0,0.0,312,926598.76,0.0,0.010000000000000002,0.0,96.26,0
0.3,1000.0,0.0,0.0,0.0,35.4,268.0,956.8,1331.4,False,True,True,False,False,False,False,False,True,0,0,0,35.4,0.0,268.0,0.0,956.8,0.0,1331.4,0.0,0.0,0.0,0.3,0.0,0.0,0.0,0.0,340,915466.2399999999,0.0,0.09,0.0,287.03999999999996,0
4.5,3225.8,44.4,0.0,20.424,66.6,173.4,1106.3,1288.7,False,True,True,False,False,False,False,False,True,0,0,0,66.6,0.0,173.4,0.0,1106.3,0.0,1288.7,0.0,20.424,0.0,4.5,0.0,0.45998963987297586,0.006331450700151682,0.0,336,1223899.69,417.139776,20.25,22595.0712,4978.349999999999,0
0.4,1500.0,0.0,0.0,0.0,159.8,138.2,700.5,1227.0,False,True,False,True,False,False,False,False,True,0,0,0,159.8,0.0,138.2,0.0,700.5,0.0,1227.0,0.0,0.0,0.0,0.4,0.0,0.0,0.0,0.0,318,490700.25,0.0,0.16000000000000003,0.0,280.2,1
3.3,903.6,0.0,180.7,19.877,1.8,163.0,1015.4,1062.2,True,False,True,False,False,False,False,False,True,1,0,1,0.0,1.8,0.0,163.0,0.0,1015.4,0.0,1062.2,0.0,19.877,0.0,3.3,19877.0,0.021997540950043214,180.7,333,1031037.1599999999,395.09512899999993,10.889999999999999,20183.105799999998,3350.8199999999997,0
26.2,2671.8,38.2,38.2,21.774,49.5,6.0,1307.7,1331.2,True,False,False,False,False,False,True,True,False,1,0,0,0.0,49.5,0.0,6.0,0.0,1307.7,0.0,1331.2,0.0,21.774,0.0,26.2,0.5699850789246355,0.00814955904275805,38.2,353,1710079.29,474.10707600000006,686.4399999999999,28473.859800000002,34261.74,0
1.0,1250.0,0.0,0.0,0.0,137.7,190.3,754.0,1227.0,False,True,False,True,False,False,False,False,True,0,0,0,137.7,0.0,190.3,0.0,754.0,0.0,1227.0,0.0,0.0,0.0,1.0,0.0,0.0,0.0,0.0,315,568516.0,0.0,1.0,0.0,754.0,1
0.1,0.0,0.0,0.0,0.0,55.6,15.4,1024.6,1331.4,True,False,True,False,False,False,False,False,True,2,0,1,0.0,55.6,0.0,15.4,0.0,1024.6,0.0,1331.4,0.0,0.0,0.0,0.1,0.0,0.0,0.0,348,1049805.16,0.0,0.010000000000000002,0.0,102.46,0
0.1,0.0,0.0,0.0,0.0,69.7,299.5,685.3,801.7,True,False,False,False,True,False,False,False,True,1,0,0,0.0,69.7,0.0,299.5,0.0,685.3,0.0,801.7,0.0,0.0,0.0,0.1,0.0,0.0,0.0,363,469636.0899999999,0.0,0.010000000000000002,0.0,68.53,1
6.0,3000.0,0.0,100.0,11.0,109.8,52.5,755.0,875.4,True,False,False,False,False,False,True,True,False,1,0,0,0.0,109.8,0.0,52.5,0.0,755.0,0.0,875.4,0.0,11.0,0.0,6.0,11000.0,0.0036666654444448515,100.0,362,570025.0,121.0,36.0,8305.0,4530.0,1
0.3,650.0,0.0,0.0,0.0,92.1,108.5,933.3,1142.3,True,False,False,False,False,False,True,True,False,1,0,0,0.0,92.1,0.0,108.5,0.0,933.3,0.0,1142.3,0.0,0.0,0.0,0.3,0.0,0.0,0.0,357,871048.8899999999,0.0,0.09,0.0,279.98999999999995,0
0.2,0.0,0.0,0.0,0.0,58.5,3.0,738.5,801.7,True,False,False,False,True,False,False,False,True,1,0,0,0.0,58.5,0.0,3.0,0.0,738.5,0.0,801.7,0.0,0.0,0.0,0.2,0.0,0.0,0.0,341,545382.25,0.0,0.04000000000000001,0.0,147.70000000000002,1
0.1,0.0,0.0,0.0,0.0,134.6,55.0,924.8,1331.4,False,True,True,False,False,False,False,False,True,0,0,0,134.6,0.0,55.0,0.0,924.8,0.0,1331.4,0.0,0.0,0.0,0.1,0.0,0.0,0.0,0.0,321,855255.0399999999,0.0,0.010000000000000002,0.0,92.48,0
0.1,0.0,0.0,0.0,0.0,136.6,2.4,956.2,1105.0,False,True,True,False,False,False,False,False,True,0,0,0,136.6,0.0,2.4,0.0,956.2,0.0,1105.0,0.0,0.0,0.0,0.1,0.0,0.0,0.0,0.0,341,914318.4400000001,0.0,0.010000000000000002,0.0,95.62,0
0.2,0.0,0.0,0.0,0.0,34.4,49.9,709.2,1142.3,False,True,False,False,False,False,True,True,False,0,0,0,34.4,0.0,49.9,0.0,709.2,0.0,1142.3,0.0,0.0,0.0,0.2,0.0,0.0,0.0,0.0,325,502964.6400000001,0.0,0.04000000000000001,0.0,141.84,1
0.1,0.0,0.0,0.0,0.0,56.7,177.8,836.3,939.0,True,False,False,False,False,False,True,False,True,2,0,0,0.0,56.7,0.0,177.8,0.0,836.3,0.0,939.0,0.0,0.0,0.0,0.1,0.0,0.0,0.0,347,699397.69,0.0,0.010000000000000002,0.0,83.63,0
0.1,250.0,0.0,0.0,0.0,70.1,168.4,757.9,1227.0,True,False,False,True,False,False,False,False,True,2,0,1,0.0,70.1,0.0,168.4,0.0,757.9,0.0,1227.0,0.0,0.0,0.0,0.1,0.0,0.0,0.0,334,574412.4099999999,0.0,0.010000000000000002,0.0,75.79,1
8.0,1562.5,0.0,0.0,0.0,67.5,132.9,804.92,844.8,False,True,False,True,False,False,False,False,True,0,0,0,67.5,0.0,132.9,0.0,804.92,0.0,844.8,0.0,0.0,0.0,8.0,0.0,0.0,0.0,0.0,349,647896.2063999999,0.0,64.0,0.0,6439.36,0
0.1,0.0,0.0,0.0,0.0,123.2,215.7,791.3,939.0,False,True,False,False,False,False,True,True,False,0,0,0,123.2,0.0,215.7,0.0,791.3,0.0,939.0,0.0,0.0,0.0,0.1,0.0,0.0,0.0,0.0,363,626155.69,0.0,0.010000000000000002,0.0,79.13,1
0.0,0.0,0.0,0.0,0.0,15.2,342.0,944.2,1331.4,False,True,True,False,False,False,False,False,True,0,0,0,15.2,0.0,342.0,0.0,944.2,0.0,1331.4,0.0,0.0,0.0,0.0,0.0,0.0,0.0,0.0,333,891513.6400000001,0.0,0.0,0.0,0.0,0
45.0,1111.1,0.0,0.0,0.0,8.9,176.3,806.4,844.8,False,True,False,True,False,False,False,False,True,0,0,0,8.9,0.0,176.3,0.0,806.4,0.0,844.8,0.0,0.0,0.0,45.0,0.0,0.0,0.0,0.0,317,650280.96,0.0,2025.0,0.0,36288.0,0
9.2,2750.0,76.5,0.0,35.19,121.4,239.7,1087.7,1288.7,False,True,True,False,False,False,False,False,True,0,0,0,121.4,0.0,239.7,0.0,1087.7,0.0,1288.7,0.0,35.19,0.0,9.2,0.0,0.45999398700670574,0.012796358983142186,0.0,2,1183091.29,1238.3360999999998,84.63999999999999,38276.163,10006.84,0
11.6,2140.8,0.0,0.0,0.0,28.4,146.4,1144.9,1288.7,True,False,True,False,False,False,False,False,True,1,0,0,0.0,28.4,0.0,146.4,0.0,1144.9,0.0,1288.7,0.0,0.0,0.0,11.6,0.0,0.0,0.0,342,1310796.0100000002,0.0,134.56,0.0,13280.84,0
30.0,3225.8,33.3,133.3,29.981,25.6,52.5,1307.7,1331.2,False,True,False,False,False,False,True,True,False,0,0,0,25.6,0.0,52.5,0.0,1307.7,0.0,1331.2,0.0,29.981,0.0,30.0,0.0,0.9003032941953697,0.009294125707072444,133.3,350,1710079.29,898.8603610000001,900.0,39206.1537,39231.0,0
8.0,1875.0,0.0,125.0,13.75,167.6,41.8,931.0,1062.2,False,True,True,False,False,False,False,False,True,0,0,0,167.6,0.0,41.8,0.0,931.0,0.0,1062.2,0.0,13.75,0.0,8.0,0.0,13750.0,0.007333329422224308,125.0,360,866761.0,189.0625,64.0,12801.25,7448.0,0
0.1,0.0,0.0,0.0,0.0,10.0,325.8,944.4,1331.4,True,False,True,False,False,False,False,False,True,2,0,1,0.0,10.0,0.0,325.8,0.0,944.4,0.0,1331.4,0.0,0.0,0.0,0.1,0.0,0.0,0.0,336,891891.36,0.0,0.010000000000000002,0.0,94.44,0
0.3,600.0,15.0,0.0,6.9,136.2,153.4,916.0,1331.4,False,True,True,False,False,False,False,False,True,0,0,0,136.2,0.0,153.4,0.0,916.0,0.0,1331.4,0.0,6.9,0.0,0.3,0.0,0.4599693353776415,0.01149998083336528,0.0,320,839056.0,47.61000000000001,0.09,6320.400000000001,274.8,0
1.2,2300.0,0.0,0.0,0.0,31.3,107.2,709.6,1142.3,False,True,False,False,False,False,True,True,False,0,0,0,31.3,0.0,107.2,0.0,709.6,0.0,1142.3,0.0,0.0,0.0,1.2,0.0,0.0,0.0,0.0,329,503532.16000000003,0.0,1.44,0.0,851.52,1
36.2,2762.4,44.2,69.1,27.933,0.0,369.2,1308.7,1331.2,False,True,False,False,False,False,True,True,False,0,0,0,0.0,0.0,369.2,0.0,1308.7,0.0,1331.2,0.0,27.933,0.0,36.2,0.0,0.6319540281894075,0.010111855592290908,69.1,330,1712695.6900000002,780.252489,1310.4400000000003,36555.9171,47374.94,0
10.9,2289.4,27.5,0.0,12.65,140.0,32.2,722.12,844.8,False,True,False,True,False,False,False,False,True,0,0,0,140.0,0.0,32.2,0.0,722.12,0.0,844.8,0.0,12.65,0.0,10.9,0.0,0.4599832733355151,0.005525462773887143,0.0,360,521457.2944,160.0225,118.81,9134.818000000001,7871.108,1
25.0,0.0,40.0,0.0,18.4,157.7,30.6,718.2,806.1,False,True,False,False,True,False,False,False,True,0,1,1,157.7,0.0,30.6,0.0,718.2,0.0,806.1,0.0,18.4,0.0,25.0,0.0,0.45998850028749283,18400.0,0.0,363,515811.24000000005,338.55999999999995,625.0,13214.88,17955.0,1
17.6,2125.9,0.0,45.4,4.994,228.6,8.6,825.0,1062.2,True,False,True,False,False,False,False,False,True,1,0,1,0.0,228.6,0.0,8.6,0.0,825.0,0.0,1062.2,0.0,4.994,0.0,17.6,4994.0,0.0023491216194921585,45.4,2,680625.0,24.940036,309.76000000000005,4120.05,14520.000000000002,0
10.0,0.0,0.0,50.0,5.5,154.0,53.8,978.6,1062.2,False,True,True,False,False,False,False,False,True,0,0,0,154.0,0.0,53.8,0.0,978.6,0.0,1062.2,0.0,5.5,0.0,10.0,0.0,5500.0,5500.0,50.0,356,957657.9600000001,30.25,100.0,5382.3,9786.0,0
42.0,1785.7,71.4,0.0,32.844,171.7,30.6,718.2,806.1,False,True,False,False,True,False,False,False,True,0,1,0,171.7,0.0,30.6,0.0,718.2,0.0,806.1,0.0,32.844,0.0,42.0,0.0,0.45999355751320004,0.018392776842259706,0.0,362,515811.24000000005,1078.7283360000001,1764.0,23588.560800000003,30164.4,1
11.8,4251.7,42.5,144.6,35.456,66.6,294.1,1245.5,1331.2,True,False,False,False,False,False,True,True,False,1,0,0,0.0,66.6,0.0,294.1,0.0,1245.5,0.0,1331.2,0.0,35.456,0.0,11.8,0.8342391943718972,0.008339250572888358,144.6,2,1551270.25,1257.1279360000003,139.24,44160.448000000004,14696.900000000001,0
6.5,1230.8,46.2,0.0,21.252,168.0,30.6,718.2,806.1,True,False,False,False,True,False,False,False,True,1,1,1,0.0,168.0,0.0,30.6,0.0,718.2,0.0,806.1,0.0,21.252,0.0,6.5,0.4599900435055518,0.01726680430061399,0.0,358,515811.24000000005,451.64750399999997,42.25,15263.1864,4668.3,1
0.1,500.0,0.0,0.0,0.0,72.9,3.8,870.5,1227.0,False,True,False,True,False,False,False,False,True,0,0,0,72.9,0.0,3.8,0.0,870.5,0.0,1227.0,0.0,0.0,0.0,0.1,0.0,0.0,0.0,0.0,355,757770.25,0.0,0.010000000000000002,0.0,87.05000000000001,0
0.2,0.0,0.0,0.0,0.0,42.4,308.6,987.0,1331.4,False,True,True,False,False,False,False,False,True,0,0,0,42.4,0.0,308.6,0.0,987.0,0.0,1331.4,0.0,0.0,0.0,0.2,0.0,0.0,0.0,0.0,306,974169.0,0.0,0.04000000000000001,0.0,197.4,0
9.1,2628.7,43.8,54.8,26.176,109.8,52.5,755.0,875.4,True,False,False,False,False,False,True,True,False,1,0,0,0.0,109.8,0.0,52.5,0.0,755.0,0.0,875.4,0.0,26.176,0.0,9.1,0.597611926668341,0.009957770016445384,54.8,362,570025.0,685.1829759999999,82.80999999999999,19762.879999999997,6870.5,1
0.5,0.0,0.0,0.0,0.0,31.1,99.7,939.2,1089.9,False,True,False,True,False,False,False,False,True,0,0,0,31.1,0.0,99.7,0.0,939.2,0.0,1089.9,0.0,0.0,0.0,0.5,0.0,0.0,0.0,0.0,349,882096.6400000001,0.0,0.25,0.0,469.6,0
10.0,3000.0,0.0,120.0,13.2,228.6,8.6,825.0,1062.2,False,True,True,False,False,False,False,False,True,0,0,0,228.6,0.0,8.6,0.0,825.0,0.0,1062.2,0.0,13.2,0.0,10.0,0.0,13199.999999999998,0.004399998533333822,120.0,2,680625.0,174.23999999999998,100.0,10890.0,8250.0,0
0.1,0.0,0.0,0.0,0.0,119.8,4.2,1041.8,1105.0,True,False,True,False,False,False,False,False,True,4,0,0,0.0,119.8,0.0,4.2,0.0,1041.8,0.0,1105.0,0.0,0.0,0.0,0.1,0.0,0.0,0.0,334,1085347.24,0.0,0.010000000000000002,0.0,104.18,0
20.3,3694.6,59.1,0.0,27.186,157.7,30.6,718.2,806.1,False,True,False,False,True,False,False,True,False,0,1,0,157.7,0.0,30.6,0.0,718.2,0.0,806.1,0.0,27.186,0.0,20.3,0.0,0.45999221671376117,0.007358304726274908,0.0,363,515811.24000000005,739.078596,412.09000000000003,19524.985200000003,14579.460000000001,1
8.0,3125.0,62.5,125.0,42.5,69.1,129.1,1166.2,1320.5,False,True,False,True,False,False,False,False,True,0,0,1,69.1,0.0,129.1,0.0,1166.2,0.0,1320.5,0.0,42.5,0.0,8.0,0.0,0.6799891201740772,0.013599995648001392,125.0,361,1360022.4400000002,1806.25,64.0,49563.5,9329.6,0
0.3,690.0,0.0,0.0,0.0,29.7,106.5,719.4,1142.3,False,True,False,False,False,False,True,False,True,0,0,0,29.7,0.0,106.5,0.0,719.4,0.0,1142.3,0.0,0.0,0.0,0.3,0.0,0.0,0.0,0.0,336,517536.36,0.0,0.09,0.0,215.82,1
20.0,5000.0,20.0,50.0,14.7,79.6,15.1,714.2,875.4,True,False,False,False,False,False,True,True,False,1,0,0,0.0,79.6,0.0,15.1,0.0,714.2,0.0,875.4,0.0,14.7,0.0,20.0,0.7349632518374081,0.002939999412000117,50.0,4,510081.6400000001,216.08999999999997,400.0,10498.74,14284.0,1
0.2,0.0,0.0,0.0,0.0,96.1,3.1,933.3,1142.3,False,True,False,False,False,False,True,False,True,0,0,0,96.1,0.0,3.1,0.0,933.3,0.0,1142.3,0.0,0.0,0.0,0.2,0.0,0.0,0.0,0.0,355,871048.8899999999,0.0,0.04000000000000001,0.0,186.66,0
15.0,1666.7,66.7,0.0,30.682,34.0,146.5,947.9,1108.4,False,True,False,False,True,False,False,False,True,0,0,0,34.0,0.0,146.5,0.0,947.9,0.0,1108.4,0.0,30.682,0.0,15.0,0.0,0.45999310355167083,0.018408820778291965,0.0,341,898514.4099999999,941.3851239999999,225.0,29083.4678,14218.5,0
16.0,3125.0,0.0,0.0,0.0,165.6,53.8,962.4,1062.2,False,True,True,False,False,False,False,False,True,0,0,0,165.6,0.0,53.8,0.0,962.4,0.0,1062.2,0.0,0.0,0.0,16.0,0.0,0.0,0.0,0.0,357,926213.76,0.0,256.0,0.0,15398.4,0
0.3,1000.0,0.0,0.0,0.0,107.0,168.5,796.8,1180.0,False,True,False,False,False,True,False,True,False,0,0,0,107.0,0.0,168.5,0.0,796.8,0.0,1180.0,0.0,0.0,0.0,0.3,0.0,0.0,0.0,0.0,327,634890.2399999999,0.0,0.09,0.0,239.03999999999996,1
1.0,0.0,0.0,0.0,0.0,77.6,67.4,960.4,1089.9,True,False,False,True,False,False,False,False,True,1,0,0,0.0,77.6,0.0,67.4,0.0,960.4,0.0,1089.9,0.0,0.0,0.0,1.0,0.0,0.0,0.0,341,922368.1599999999,0.0,1.0,0.0,960.4,0
10.0,5000.0,50.0,0.0,23.0,109.8,52.5,755.0,875.4,False,True,False,False,False,False,True,False,True,0,0,0,109.8,0.0,52.5,0.0,755.0,0.0,875.4,0.0,23.0,0.0,10.0,0.0,0.45999080018399635,0.004599999080000184,0.0,362,570025.0,529.0,100.0,17365.0,7550.0,1
0.2,0.0,0.0,0.0,0.0,37.1,370.2,927.6,1089.9,True,False,False,True,False,False,False,False,True,1,0,0,0.0,37.1,0.0,370.2,0.0,927.6,0.0,1089.9,0.0,0.0,0.0,0.2,0.0,0.0,0.0,360,860441.76,0.0,0.04000000000000001,0.0,185.52,0
0.3,750.0,0.0,0.0,0.0,140.0,7.5,783.5,1180.0,False,True,False,False,False,True,False,True,False,0,0,0,140.0,0.0,7.5,0.0,783.5,0.0,1180.0,0.0,0.0,0.0,0.3,0.0,0.0,0.0,0.0,350,613872.25,0.0,0.09,0.0,235.04999999999998,1
0.1,0.0,0.0,8.0,0.88,61.4,33.0,981.0,1331.4,True,False,True,False,False,False,False,False,True,2,0,1,0.0,61.4,0.0,33.0,0.0,981.0,0.0,1331.4,0.0,0.88,0.0,0.1,880.0,880.0,8.0,361,962361.0,0.7744,0.010000000000000002,863.28,98.10000000000001,0
0.1,0.0,0.0,0.0,0.0,142.0,8.0,615.6,801.7,True,False,False,False,True,False,False,False,True,1,0,0,0.0,142.0,0.0,8.0,0.0,615.6,0.0,801.7,0.0,0.0,0.0,0.1,0.0,0.0,0.0,6,378963.36000000004,0.0,0.010000000000000002,0.0,61.56,1
0.1,250.0,0.0,0.0,0.0,109.6,195.4,762.3,1227.0,True,False,False,True,False,False,False,False,True,4,0,1,0.0,109.6,0.0,195.4,0.0,762.3,0.0,1227.0,0.0,0.0,0.0,0.1,0.0,0.0,0.0,313,581101.2899999999,0.0,0.010000000000000002,0.0,76.23,1
0.2,0.0,0.0,0.0,0.0,95.2,283.6,960.2,1331.4,True,False,True,False,False,False,False,False,True,1,0,1,0.0,95.2,0.0,283.6,0.0,960.2,0.0,1331.4,0.0,0.0,0.0,0.2,0.0,0.0,0.0,313,921984.04,0.0,0.04000000000000001,0.0,192.04000000000002,0
3.0,3333.3,0.0,200.0,22.0,170.4,5.4,824.4,1062.2,False,True,True,False,False,False,False,False,True,0,0,0,170.4,0.0,5.4,0.0,824.4,0.0,1062.2,0.0,22.0,0.0,3.0,0.0,22000.0,0.006600064020620999,200.0,5,679635.36,484.0,9.0,18136.8,2473.2,0
0.1,0.0,0.0,0.0,0.0,20.4,164.9,929.1,1089.9,False,True,False,True,False,False,False,False,True,0,0,0,20.4,0.0,164.9,0.0,929.1,0.0,1089.9,0.0,0.0,0.0,0.1,0.0,0.0,0.0,0.0,353,863226.81,0.0,0.010000000000000002,0.0,92.91000000000001,0
0.3,0.0,0.0,0.0,0.0,83.5,6.5,718.8,801.7,True,False,False,False,True,False,False,False,True,1,0,0,0.0,83.5,0.0,6.5,0.0,718.8,0.0,801.7,0.0,0.0,0.0,0.3,0.0,0.0,0.0,344,516673.43999999994,0.0,0.09,0.0,215.64,1
0.4,0.0,0.0,0.0,0.0,20.5,114.4,931.0,1089.9,False,True,False,True,False,False,False,False,True,0,0,0,20.5,0.0,114.4,0.0,931.0,0.0,1089.9,0.0,0.0,0.0,0.4,0.0,0.0,0.0,0.0,351,866761.0,0.0,0.16000000000000003,0.0,372.40000000000003,0
0.1,0.0,0.0,0.0,0.0,69.4,97.8,928.6,1105.0,True,False,True,False,False,False,False,False,True,2,0,0,0.0,69.4,0.0,97.8,0.0,928.6,0.0,1105.0,0.0,0.0,0.0,0.1,0.0,0.0,0.0,346,862297.9600000001,0.0,0.010000000000000002,0.0,92.86000000000001,0
10.0,0.0,0.0,0.0,0.0,181.8,6.8,706.4,1062.2,False,True,True,False,False,False,False,False,True,0,0,0,181.8,0.0,6.8,0.0,706.4,0.0,1062.2,0.0,0.0,0.0,10.0,0.0,0.0,0.0,0.0,15,499000.95999999996,0.0,100.0,0.0,7064.0,1
0.3,900.0,0.0,0.0,0.0,96.1,3.1,933.3,1142.3,True,False,False,False,False,False,True,True,False,1,0,0,0.0,96.1,0.0,3.1,0.0,933.3,0.0,1142.3,0.0,0.0,0.0,0.3,0.0,0.0,0.0,355,871048.8899999999,0.0,0.09,0.0,279.98999999999995,0
45.0,1666.7,0.0,0.0,0.0,88.4,15.6,665.52,844.8,False,True,False,True,False,False,False,False,True,0,0,0,88.4,0.0,15.6,0.0,665.52,0.0,844.8,0.0,0.0,0.0,45.0,0.0,0.0,0.0,0.0,1,442916.87039999996,0.0,2025.0,0.0,29948.399999999998,1
6.0,4166.7,0.0,0.0,0.0,89.4,180.0,1106.1,1288.7,False,True,True,False,False,False,False,False,True,0,0,0,89.4,0.0,180.0,0.0,1106.1,0.0,1288.7,0.0,0.0,0.0,6.0,0.0,0.0,0.0,0.0,335,1223457.2099999997,0.0,36.0,0.0,6636.599999999999,0
30.4,2750.0,32.9,32.9,18.753,4.2,226.7,1209.5,1320.5,False,True,False,True,False,False,False,False,True,0,0,0,4.2,0.0,226.7,0.0,1209.5,0.0,1320.5,0.0,18.753,0.0,30.4,0.0,0.5699826752986232,0.006819270247538091,32.9,346,1462890.25,351.675009,924.16,22681.7535,36768.799999999996,0
0.2,3000.0,0.0,0.0,0.0,56.7,177.8,836.3,939.0,True,False,False,False,False,False,True,True,False,4,0,0,0.0,56.7,0.0,177.8,0.0,836.3,0.0,939.0,0.0,0.0,0.0,0.2,0.0,0.0,0.0,347,699397.69,0.0,0.04000000000000001,0.0,167.26,0
0.1,500.0,0.0,0.0,0.0,91.2,110.6,954.8,1331.4,False,True,True,False,False,False,False,False,True,0,0,1,91.2,0.0,110.6,0.0,954.8,0.0,1331.4,0.0,0.0,0.0,0.1,0.0,0.0,0.0,0.0,5,911643.0399999999,0.0,0.010000000000000002,0.0,95.48,0
0.1,0.0,0.0,0.0,0.0,4.4,192.4,696.0,1105.0,True,False,True,False,False,False,False,False,True,2,0,0,0.0,4.4,0.0,192.4,0.0,696.0,0.0,1105.0,0.0,0.0,0.0,0.1,0.0,0.0,0.0,306,484416.0,0.0,0.010000000000000002,0.0,69.60000000000001,1
17.8,0.0,56.2,0.0,25.852,154.0,53.8,978.6,1062.2,True,False,True,False,False,False,False,False,True,3,1,1,0.0,154.0,0.0,53.8,0.0,978.6,0.0,1062.2,0.0,25.852,0.0,17.8,0.45999181509225817,25852.0,0.0,356,957657.9600000001,668.325904,316.84000000000003,25298.767200000002,17419.08,0
45.0,1222.2,22.2,0.0,10.212,0.0,191.3,785.2,806.1,False,True,False,False,True,False,False,False,True,0,1,0,0.0,0.0,191.3,0.0,785.2,0.0,806.1,0.0,10.212,0.0,45.0,0.0,0.45997928021260304,0.008355417807709205,0.0,314,616539.04,104.284944,2025.0,8018.4624,35334.0,1
0.2,0.0,0.0,0.0,0.0,45.5,97.6,946.0,1089.9,False,True,False,True,False,False,False,False,True,0,0,0,45.5,0.0,97.6,0.0,946.0,0.0,1089.9,0.0,0.0,0.0,0.2,0.0,0.0,0.0,0.0,347,894916.0,0.0,0.04000000000000001,0.0,189.20000000000002,0
0.3,0.0,0.0,0.0,0.0,43.7,130.6,678.0,1142.3,False,True,False,False,False,False,True,True,False,0,0,0,43.7,0.0,130.6,0.0,678.0,0.0,1142.3,0.0,0.0,0.0,0.3,0.0,0.0,0.0,0.0,319,459684.0,0.0,0.09,0.0,203.4,1
80.3,2491.9,49.8,49.8,28.386,45.6,15.1,713.4,875.4,False,True,False,False,False,False,True,True,False,0,0,0,45.6,0.0,15.1,0.0,713.4,0.0,875.4,0.0,28.386,0.0,80.3,0.0,0.5699885544466979,0.01139130326606073,49.8,6,508939.55999999994,805.764996,6448.089999999999,20250.572399999997,57286.02,1
0.6,0.0,0.0,0.0,0.0,45.5,97.6,946.0,1089.9,False,True,False,True,False,False,False,False,True,0,0,0,45.5,0.0,97.6,0.0,946.0,0.0,1089.9,0.0,0.0,0.0,0.6,0.0,0.0,0.0,0.0,347,894916.0,0.0,0.36,0.0,567.6,0
13.3,3000.0,52.8,0.0,24.288,99.0,190.2,1105.7,1288.7,True,False,True,False,False,False,False,False,True,1,0,0,0.0,99.0,0.0,190.2,0.0,1105.7,0.0,1288.7,0.0,24.288,0.0,13.3,0.4599912880437871,0.008095997301334232,0.0,333,1222572.49,589.9069440000001,176.89000000000001,26855.2416,14705.810000000001,0
7.0,2857.1,0.0,100.0,11.0,228.6,8.6,825.0,1062.2,False,True,True,False,False,False,False,False,True,0,0,0,228.6,0.0,8.6,0.0,825.0,0.0,1062.2,0.0,11.0,0.0,7.0,0.0,11000.0,0.0038500564033263087,100.0,2,680625.0,121.0,49.0,9075.0,5775.0,0
65.0,3500.0,46.2,0.0,21.252,34.0,146.5,947.9,1108.4,True,False,False,False,True,False,False,False,True,1,0,0,0.0,34.0,0.0,146.5,0.0,947.9,0.0,1108.4,0.0,21.252,0.0,65.0,0.4599900435055518,0.006071998265143352,0.0,340,898514.4099999999,451.64750399999997,4225.0,20144.7708,61613.5,0
20.0,3500.0,125.0,250.0,85.0,54.4,49.3,1089.3,1288.7,False,True,True,False,False,False,False,False,True,0,0,0,54.4,0.0,49.3,0.0,1089.3,0.0,1288.7,0.0,85.0,0.0,20.0,0.0,0.6799945600435197,0.024285707346940758,250.0,360,1186574.49,7225.0,400.0,92590.5,21786.0,0
0.3,1200.0,0.0,0.0,0.0,96.1,3.1,933.3,1142.3,True,False,False,False,False,False,True,True,False,1,0,0,0.0,96.1,0.0,3.1,0.0,933.3,0.0,1142.3,0.0,0.0,0.0,0.3,0.0,0.0,0.0,355,871048.8899999999,0.0,0.09,0.0,279.98999999999995,0
0.2,690.0,0.0,0.0,0.0,31.3,107.2,709.6,1142.3,False,True,False,False,False,False,True,False,True,0,0,0,31.3,0.0,107.2,0.0,709.6,0.0,1142.3,0.0,0.0,0.0,0.2,0.0,0.0,0.0,0.0,329,503532.16000000003,0.0,0.04000000000000001,0.0,141.92000000000002,1
0.1,272.7,0.0,0.0,0.0,16.2,345.4,803.5,939.0,True,False,False,False,False,False,True,False,True,4,0,0,0.0,16.2,0.0,345.4,0.0,803.5,0.0,939.0,0.0,0.0,0.0,0.1,0.0,0.0,0.0,357,645612.25,0.0,0.010000000000000002,0.0,80.35000000000001,1
0.5,1000.0,0.0,0.0,0.0,24.2,120.8,761.8,1227.0,False,True,False,True,False,False,False,False,True,0,0,0,24.2,0.0,120.8,0.0,761.8,0.0,1227.0,0.0,0.0,0.0,0.5,0.0,0.0,0.0,0.0,341,580339.2399999999,0.0,0.25,0.0,380.9,1
0.1,200.0,0.0,0.0,0.0,29.7,106.8,717.2,1142.3,True,False,False,False,False,False,True,True,False,1,0,0,0.0,29.7,0.0,106.8,0.0,717.2,0.0,1142.3,0.0,0.0,0.0,0.1,0.0,0.0,0.0,335,514375.8400000001,0.0,0.010000000000000002,0.0,71.72000000000001,1
0.1,0.0,0.0,0.0,0.0,144.6,13.8,928.4,1105.0,True,False,True,False,False,False,False,False,True,3,0,0,0.0,144.6,0.0,13.8,0.0,928.4,0.0,1105.0,0.0,0.0,0.0,0.1,0.0,0.0,0.0,343,861926.5599999999,0.0,0.010000000000000002,0.0,92.84,0
0.2,0.0,0.0,0.0,0.0,30.6,106.8,717.2,1142.3,False,True,False,False,False,False,True,False,True,0,0,0,30.6,0.0,106.8,0.0,717.2,0.0,1142.3,0.0,0.0,0.0,0.2,0.0,0.0,0.0,0.0,334,514375.8400000001,0.0,0.04000000000000001,0.0,143.44000000000003,1
0.8,0.0,0.0,0.0,0.0,74.4,6.5,879.6,1227.0,False,True,False,True,False,False,False,False,True,0,0,0,74.4,0.0,6.5,0.0,879.6,0.0,1227.0,0.0,0.0,0.0,0.8,0.0,0.0,0.0,0.0,353,773696.16,0.0,0.6400000000000001,0.0,703.6800000000001,0
0.1,0.0,3.0,0.0,1.38,159.8,138.2,700.5,1227.0,True,False,False,True,False,False,False,False,True,2,0,1,0.0,159.8,0.0,138.2,0.0,700.5,0.0,1227.0,0.0,1.38,0.0,0.1,0.4598467177607464,1379.9999999999998,0.0,318,490700.25,1.9043999999999996,0.010000000000000002,966.6899999999999,70.05,1
9.0,2784.0,55.7,111.4,37.876,14.7,246.4,1209.5,1320.5,True,False,False,True,False,False,False,False,True,1,0,1,0.0,14.7,0.0,246.4,0.0,1209.5,0.0,1320.5,0.0,37.876,0.0,9.0,0.679987791960647,0.013604880170660857,111.4,343,1462890.25,1434.5913759999999,81.0,45811.022,10885.5,0
7.4,0.0,54.4,0.0,25.024,1.8,122.2,1015.4,1062.2,True,False,True,False,False,False,False,False,True,1,0,1,0.0,1.8,0.0,122.2,0.0,1015.4,0.0,1062.2,0.0,25.024,0.0,7.4,0.45999154427308325,25024.0,0.0,332,1031037.1599999999,626.2005760000001,54.760000000000005,25409.3696,7513.96,0
10.0,3225.8,0.0,0.0,0.0,66.6,173.4,1106.3,1288.7,False,True,True,False,False,False,False,True,False,0,0,0,66.6,0.0,173.4,0.0,1106.3,0.0,1288.7,0.0,0.0,0.0,10.0,0.0,0.0,0.0,0.0,336,1223899.69,0.0,100.0,0.0,11063.0,0
3.0,2666.7,0.0,140.0,15.4,156.6,7.6,817.8,1062.2,False,True,True,False,False,False,False,False,True,0,0,0,156.6,0.0,7.6,0.0,817.8,0.0,1062.2,0.0,15.4,0.0,3.0,0.0,15400.0,0.0057749256478322845,140.0,7,668796.84,237.16000000000003,9.0,12594.119999999999,2453.3999999999996,0
0.5,8000.0,0.0,150.0,16.5,91.6,71.4,1021.0,1062.2,False,True,True,False,False,False,False,False,True,0,0,0,91.6,0.0,71.4,0.0,1021.0,0.0,1062.2,0.0,16.5,0.0,0.5,0.0,16500.0,0.002062499742187532,150.0,351,1042441.0,272.25,0.25,16846.5,510.5,0
0.2,0.0,0.0,0.0,0.0,46.0,14.3,768.8,801.7,True,False,False,False,True,False,False,False,True,1,0,0,0.0,46.0,0.0,14.3,0.0,768.8,0.0,801.7,0.0,0.0,0.0,0.2,0.0,0.0,0.0,334,591053.44,0.0,0.04000000000000001,0.0,153.76,1
0.2,0.0,0.0,0.0,0.0,37.8,350.9,927.9,1089.9,False,True,False,True,False,False,False,False,True,0,0,0,37.8,0.0,350.9,0.0,927.9,0.0,1089.9,0.0,0.0,0.0,0.2,0.0,0.0,0.0,0.0,362,860998.4099999999,0.0,0.04000000000000001,0.0,185.58,0
0.1,400.0,0.0,0.0,0.0,123.8,21.8,916.4,1331.4,False,True,True,False,False,False,False,False,True,0,0,0,123.8,0.0,21.8,0.0,916.4,0.0,1331.4,0.0,0.0,0.0,0.1,0.0,0.0,0.0,0.0,322,839788.96,0.0,0.010000000000000002,0.0,91.64,0
0.1,0.0,0.0,0.0,0.0,32.3,112.5,946.0,1089.9,True,False,False,True,False,False,False,False,True,1,0,0,0.0,32.3,0.0,112.5,0.0,946.0,0.0,1089.9,0.0,0.0,0.0,0.1,0.0,0.0,0.0,348,894916.0,0.0,0.010000000000000002,0.0,94.60000000000001,0
33.0,4166.7,30.3,60.6,20.604,13.0,430.7,1308.7,1331.2,False,True,False,False,False,False,True,False,True,0,0,0,13.0,0.0,430.7,0.0,1308.7,0.0,1331.2,0.0,20.604,0.0,33.0,0.0,0.6799775584964192,0.004944919253865348,60.6,337,1712695.6900000002,424.524816,1089.0,26964.4548,43187.1,0
0.2,0.0,0.0,0.0,0.0,45.2,15.4,1010.8,1331.4,False,True,True,False,False,False,False,False,True,0,0,0,45.2,0.0,15.4,0.0,1010.8,0.0,1331.4,0.0,0.0,0.0,0.2,0.0,0.0,0.0,0.0,347,1021716.6399999999,0.0,0.04000000000000001,0.0,202.16,0
0.1,0.0,4.0,0.0,1.84,82.6,323.5,747.5,1164.1,True,False,False,False,True,False,False,False,True,1,0,1,0.0,82.6,0.0,323.5,0.0,747.5,0.0,1164.1,0.0,1.84,0.0,0.1,0.4598850287428143,1840.0,0.0,311,558756.25,3.3856,0.010000000000000002,1375.4,74.75,1
0.2,0.0,0.0,0.0,0.0,45.5,67.1,946.1,1089.9,True,False,False,True,False,False,False,False,True,4,1,1,0.0,45.5,0.0,67.1,0.0,946.1,0.0,1089.9,0.0,0.0,0.0,0.2,0.0,0.0,0.0,345,895105.2100000001,0.0,0.04000000000000001,0.0,189.22000000000003,0
30.0,0.0,0.0,0.0,0.0,146.4,44.0,868.8,1062.2,False,True,True,False,False,False,False,False,True,0,0,0,146.4,0.0,44.0,0.0,868.8,0.0,1062.2,0.0,0.0,0.0,30.0,0.0,0.0,0.0,0.0,364,754813.44,0.0,900.0,0.0,26064.0,0
0.1,0.0,0.0,0.0,0.0,138.2,116.4,868.0,1105.0,True,False,True,False,False,False,False,False,True,1,1,1,0.0,138.2,0.0,116.4,0.0,868.0,0.0,1105.0,0.0,0.0,0.0,0.1,0.0,0.0,0.0,4,753424.0,0.0,0.010000000000000002,0.0,86.80000000000001,0
0.2,0.0,0.0,0.0,0.0,29.6,105.2,981.4,1331.4,False,True,True,False,False,False,False,False,True,0,0,0,29.6,0.0,105.2,0.0,981.4,0.0,1331.4,0.0,0.0,0.0,0.2,0.0,0.0,0.0,0.0,365,963145.96,0.0,0.04000000000000001,0.0,196.28,0
0.2,500.0,0.0,0.0,0.0,107.0,168.5,796.8,1180.0,False,True,False,False,False,True,False,True,False,0,0,0,107.0,0.0,168.5,0.0,796.8,0.0,1180.0,0.0,0.0,0.0,0.2,0.0,0.0,0.0,0.0,327,634890.2399999999,0.0,0.04000000000000001,0.0,159.36,1
0.1,0.0,0.0,0.0,0.0,16.9,0.0,899.8,1164.1,False,True,False,False,True,False,False,False,True,0,0,0,16.9,0.0,0.0,0.0,899.8,0.0,1164.1,0.0,0.0,0.0,0.1,0.0,0.0,0.0,0.0,356,809640.0399999999,0.0,0.010000000000000002,0.0,89.98,0
0.2,0.0,0.0,0.0,0.0,17.6,129.8,1031.2,1105.0,False,True,True,False,False,False,False,False,True,0,1,0,17.6,0.0,129.8,0.0,1031.2,0.0,1105.0,0.0,0.0,0.0,0.2,0.0,0.0,0.0,0.0,321,1063373.4400000002,0.0,0.04000000000000001,0.0,206.24,0
0.0,100.0,0.0,0.0,0.0,92.1,106.8,929.3,1142.3,True,False,False,False,False,False,True,False,True,1,0,0,0.0,92.1,0.0,106.8,0.0,929.3,0.0,1142.3,0.0,0.0,0.0,0.0,0.0,0.0,0.0,358,863598.4899999999,0.0,0.0,0.0,0.0,0
0.1,0.0,0.0,0.0,0.0,35.8,225.4,957.0,1331.4,False,True,True,False,False,False,False,False,True,0,0,0,35.8,0.0,225.4,0.0,957.0,0.0,1331.4,0.0,0.0,0.0,0.1,0.0,0.0,0.0,0.0,341,915849.0,0.0,0.010000000000000002,0.0,95.7,0
25.0,1666.7,100.0,200.0,68.0,28.4,137.6,1136.7,1288.7,True,False,True,False,False,False,False,True,False,1,1,0,0.0,28.4,0.0,137.6,0.0,1136.7,0.0,1288.7,0.0,68.0,0.0,25.0,0.6799932000679992,0.04079915953731353,200.0,344,1292086.8900000001,4624.0,625.0,77295.6,28417.5,0
4.0,2083.3,0.0,0.0,0.0,117.0,244.8,1148.1,1288.7,False,True,True,False,False,False,False,False,True,0,0,0,117.0,0.0,244.8,0.0,1148.1,0.0,1288.7,0.0,0.0,0.0,4.0,0.0,0.0,0.0,0.0,329,1318133.6099999999,0.0,16.0,0.0,4592.4,0
25.0,0.0,0.0,0.0,0.0,254.4,3.8,599.6,1062.2,False,True,True,False,False,False,False,False,True,0,1,1,254.4,0.0,3.8,0.0,599.6,0.0,1062.2,0.0,0.0,0.0,25.0,0.0,0.0,0.0,0.0,27,359520.16000000003,0.0,625.0,0.0,14990.0,1
14.0,4166.7,50.0,128.6,37.146,167.5,244.5,843.1,1108.4,True,False,False,False,True,False,False,False,True,1,0,0,0.0,167.5,0.0,244.5,0.0,843.1,0.0,1108.4,0.0,37.146,0.0,14.0,0.7429051418971621,0.008914966540675705,128.6,6,710817.61,1379.8253160000002,196.0,31317.7926,11803.4,0
13.0,0.0,76.9,0.0,35.374,112.7,68.7,804.92,844.8,True,False,False,True,False,False,False,False,True,1,0,1,0.0,112.7,0.0,68.7,0.0,804.92,0.0,844.8,0.0,35.374,0.0,13.0,0.45999401828324726,35374.0,0.0,355,647896.2063999999,1251.3198760000002,169.0,28473.24008,10463.96,0
30.0,4166.7,20.0,40.0,13.6,16.5,353.0,862.0,948.0,False,True,False,False,False,True,False,False,True,0,0,0,16.5,0.0,353.0,0.0,862.0,0.0,948.0,0.0,13.6,0.0,30.0,0.0,0.679966001699915,0.003263973104861616,40.0,326,743044.0,184.95999999999998,900.0,11723.199999999999,25860.0,0
12.0,2083.3,0.0,0.0,0.0,6.2,142.0,1132.1,1288.7,False,True,True,False,False,False,False,False,True,0,0,0,6.2,0.0,142.0,0.0,1132.1,0.0,1288.7,0.0,0.0,0.0,12.0,0.0,0.0,0.0,0.0,350,1281650.4099999997,0.0,144.0,0.0,13585.199999999999,0
4.0,3333.3,0.0,0.0,0.0,66.7,280.0,1263.0,1331.2,False,True,False,False,False,False,True,False,True,0,0,0,66.7,0.0,280.0,0.0,1263.0,0.0,1331.2,0.0,0.0,0.0,4.0,0.0,0.0,0.0,0.0,362,1595169.0,0.0,16.0,0.0,5052.0,0
0.0,36.6,0.0,0.0,0.0,34.4,49.9,709.2,1142.3,True,False,False,False,False,False,True,True,False,3,0,0,0.0,34.4,0.0,49.9,0.0,709.2,0.0,1142.3,0.0,0.0,0.0,0.0,0.0,0.0,0.0,325,502964.6400000001,0.0,0.0,0.0,0.0,1
0.3,0.0,0.0,0.0,0.0,20.4,164.9,929.1,1089.9,False,True,False,True,False,False,False,False,True,0,0,0,20.4,0.0,164.9,0.0,929.1,0.0,1089.9,0.0,0.0,0.0,0.3,0.0,0.0,0.0,0.0,353,863226.81,0.0,0.09,0.0,278.73,0
19.0,2631.6,0.0,105.3,11.583,167.6,41.8,931.0,1062.2,False,True,True,False,False,False,False,False,True,0,0,0,167.6,0.0,41.8,0.0,931.0,0.0,1062.2,0.0,11.583,0.0,19.0,0.0,11583.0,0.004401503115403893,105.3,360,866761.0,134.165889,361.0,10783.773000000001,17689.0,0
10.0,3500.0,75.0,0.0,34.5,91.6,72.0,990.6,1062.2,True,False,True,False,False,False,False,False,True,1,1,1,0.0,91.6,0.0,72.0,0.0,990.6,0.0,1062.2,0.0,34.5,0.0,10.0,0.45999386674844334,0.009857140040817131,0.0,352,981288.3600000001,1190.25,100.0,34175.700000000004,9906.0,0
60.0,0.0,41.7,166.7,37.519,29.6,181.4,1143.3,1288.7,True,False,True,False,False,False,False,False,True,1,0,0,0.0,29.6,0.0,181.4,0.0,1143.3,0.0,1288.7,0.0,37.519,0.0,60.0,0.8997146351406441,37519.0,166.7,339,1307134.89,1407.6753609999998,3600.0,42895.4727,68598.0,0
1.5,3333.3,0.0,0.0,0.0,228.6,8.6,825.0,1062.2,False,True,True,False,False,False,False,False,True,0,0,0,228.6,0.0,8.6,0.0,825.0,0.0,1062.2,0.0,0.0,0.0,1.5,0.0,0.0,0.0,0.0,2,680625.0,0.0,2.25,0.0,1237.5,0
0.0,0.0,0.0,0.0,0.0,78.0,15.4,1023.4,1331.4,False,True,True,False,False,False,False,False,True,0,0,0,78.0,0.0,15.4,0.0,1023.4,0.0,1331.4,0.0,0.0,0.0,0.0,0.0,0.0,0.0,0.0,350,1047347.5599999999,0.0,0.0,0.0,0.0,0
40.0,3000.0,75.0,0.0,34.5,13.2,123.0,1132.3,1288.7,False,True,True,False,False,False,False,False,True,0,0,0,13.2,0.0,123.0,0.0,1132.3,0.0,1288.7,0.0,34.5,0.0,40.0,0.0,0.45999386674844334,0.011499996166667944,0.0,347,1282103.2899999998,1190.25,1600.0,39064.35,45292.0,0
0.3,1650.0,0.0,0.0,0.0,16.9,0.0,913.7,1164.1,False,True,False,False,True,False,False,False,True,0,0,0,16.9,0.0,0.0,0.0,913.7,0.0,1164.1,0.0,0.0,0.0,0.3,0.0,0.0,0.0,0.0,354,834847.6900000001,0.0,0.09,0.0,274.11,0
0.2,375.0,0.0,0.0,0.0,33.8,61.0,706.5,1142.3,True,False,False,False,False,False,True,True,False,1,0,0,0.0,33.8,0.0,61.0,0.0,706.5,0.0,1142.3,0.0,0.0,0.0,0.2,0.0,0.0,0.0,326,499142.25,0.0,0.04000000000000001,0.0,141.3,1
0.3,0.0,0.0,0.0,0.0,4.2,172.8,908.0,1105.0,True,False,True,False,False,False,False,False,True,1,0,0,0.0,4.2,0.0,172.8,0.0,908.0,0.0,1105.0,0.0,0.0,0.0,0.3,0.0,0.0,0.0,313,824464.0,0.0,0.09,0.0,272.4,0
0.1,0.0,0.0,0.0,0.0,194.1,41.0,709.8,1227.0,False,True,False,True,False,False,False,True,False,0,0,0,194.1,0.0,41.0,0.0,709.8,0.0,1227.0,0.0,0.0,0.0,0.1,0.0,0.0,0.0,0.0,321,503816.0399999999,0.0,0.010000000000000002,0.0,70.98,1
0.1,0.0,0.0,0.0,0.0,104.4,21.0,914.6,1331.4,True,False,True,False,False,False,False,False,True,2,0,1,0.0,104.4,0.0,21.0,0.0,914.6,0.0,1331.4,0.0,0.0,0.0,0.1,0.0,0.0,0.0,323,836493.16,0.0,0.010000000000000002,0.0,91.46000000000001,0
1.5,0.0,0.0,0.0,0.0,91.6,71.4,1021.0,1062.2,True,False,True,False,False,False,False,False,True,1,0,0,0.0,91.6,0.0,71.4,0.0,1021.0,0.0,1062.2,0.0,0.0,0.0,1.5,0.0,0.0,0.0,351,1042441.0,0.0,2.25,0.0,1531.5,0
0.2,0.0,0.0,0.0,0.0,36.8,227.4,895.6,1105.0,False,True,True,False,False,False,False,True,False,0,0,0,36.8,0.0,227.4,0.0,895.6,0.0,1105.0,0.0,0.0,0.0,0.2,0.0,0.0,0.0,0.0,352,802099.36,0.0,0.04000000000000001,0.0,179.12,0
0.1,0.0,0.0,0.0,0.0,86.6,299.8,894.2,1105.0,False,True,True,False,False,False,False,False,True,0,0,0,86.6,0.0,299.8,0.0,894.2,0.0,1105.0,0.0,0.0,0.0,0.1,0.0,0.0,0.0,0.0,363,799593.6400000001,0.0,0.010000000000000002,0.0,89.42000000000002,0
0.3,850.0,0.0,0.0,0.0,31.7,117.3,725.9,1142.3,False,True,False,False,False,False,True,False,True,0,0,0,31.7,0.0,117.3,0.0,725.9,0.0,1142.3,0.0,0.0,0.0,0.3,0.0,0.0,0.0,0.0,337,526930.8099999999,0.0,0.09,0.0,217.76999999999998,1
30.0,3333.3,0.0,110.0,12.1,3.0,136.5,866.5,948.0,True,False,False,False,False,True,False,False,True,3,1,1,0.0,3.0,0.0,136.5,0.0,866.5,0.0,948.0,0.0,12.1,0.0,30.0,12100.0,0.0036300352113415495,110.0,334,750822.25,146.41,900.0,10484.65,25995.0,0
0.2,0.0,0.0,0.0,0.0,79.0,55.4,836.3,939.0,True,False,False,False,False,False,True,True,False,2,0,0,0.0,79.0,0.0,55.4,0.0,836.3,0.0,939.0,0.0,0.0,0.0,0.2,0.0,0.0,0.0,342,699397.69,0.0,0.04000000000000001,0.0,167.26,0
0.2,0.0,0.0,0.0,0.0,16.6,377.0,896.2,1105.0,True,False,True,False,False,False,False,False,True,1,1,1,0.0,16.6,0.0,377.0,0.0,896.2,0.0,1105.0,0.0,0.0,0.0,0.2,0.0,0.0,0.0,356,803174.4400000001,0.0,0.04000000000000001,0.0,179.24,0
3.5,0.0,0.0,0.0,0.0,44.2,207.8,834.0,939.0,True,False,False,False,False,False,True,True,False,1,0,0,0.0,44.2,0.0,207.8,0.0,834.0,0.0,939.0,0.0,0.0,0.0,3.5,0.0,0.0,0.0,348,695556.0,0.0,12.25,0.0,2919.0,0
0.1,0.0,0.0,0.0,0.0,36.6,21.4,1006.0,1331.4,False,True,True,False,False,False,False,False,True,0,0,0,36.6,0.0,21.4,0.0,1006.0,0.0,1331.4,0.0,0.0,0.0,0.1,0.0,0.0,0.0,0.0,345,1012036.0,0.0,0.010000000000000002,0.0,100.60000000000001,0
0.1,0.0,0.0,0.0,0.0,35.8,225.4,957.0,1331.4,False,True,True,False,False,False,False,False,True,0,0,0,35.8,0.0,225.4,0.0,957.0,0.0,1331.4,0.0,0.0,0.0,0.1,0.0,0.0,0.0,0.0,341,915849.0,0.0,0.010000000000000002,0.0,95.7,0
9.0,3571.4,55.6,111.1,37.797,34.0,146.5,947.9,1108.4,True,False,False,False,True,False,False,False,True,1,0,0,0.0,34.0,0.0,146.5,0.0,947.9,0.0,1108.4,0.0,37.797,0.0,9.0,0.6797899318357583,0.010583241702625942,111.1,340,898514.4099999999,1428.6132089999999,81.0,35827.7763,8531.1,0
17.0,2750.0,50.0,117.6,35.936,138.0,145.4,970.4,1108.4,True,False,False,False,True,False,False,False,True,1,0,0,0.0,138.0,0.0,145.4,0.0,970.4,0.0,1108.4,0.0,35.936,0.0,17.0,0.7187056258874823,0.013067631611770322,117.6,326,941676.1599999999,1291.396096,289.0,34872.2944,16496.8,0
36.5,2054.8,0.0,68.5,7.535,112.7,68.7,804.92,844.8,True,False,False,True,False,False,False,False,True,1,0,1,0.0,112.7,0.0,68.7,0.0,804.92,0.0,844.8,0.0,7.535,0.0,36.5,7535.0,0.0036670217699913514,68.5,355,647896.2063999999,56.776225000000004,1332.25,6065.0722,29379.579999999998,0
3.5,4166.7,85.7,171.4,58.276,28.2,208.8,1144.3,1288.7,False,True,True,False,False,False,False,False,True,0,0,0,28.2,0.0,208.8,0.0,1144.3,0.0,1288.7,0.0,58.276,0.0,3.5,0.0,0.6799920654368093,0.013986124754332025,171.4,341,1309422.49,3396.0921760000006,12.25,66685.2268,4005.0499999999997,0
1.2,0.0,0.0,0.0,0.0,79.0,55.4,836.3,939.0,False,True,False,False,False,False,True,False,True,0,0,0,79.0,0.0,55.4,0.0,836.3,0.0,939.0,0.0,0.0,0.0,1.2,0.0,0.0,0.0,0.0,344,699397.69,0.0,1.44,0.0,1003.56,0
11.0,3928.6,54.5,0.0,25.07,28.4,148.2,1137.1,1288.7,False,True,True,False,False,False,False,True,False,0,0,0,28.4,0.0,148.2,0.0,1137.1,0.0,1288.7,0.0,25.07,0.0,11.0,0.0,0.4599915597878938,0.0063814065108673546,0.0,343,1292996.4099999997,628.5049,121.0,28507.096999999998,12508.099999999999,0
0.3,0.0,0.0,0.0,0.0,83.1,67.4,956.7,1089.9,False,True,False,True,False,False,False,False,True,0,0,0,83.1,0.0,67.4,0.0,956.7,0.0,1089.9,0.0,0.0,0.0,0.3,0.0,0.0,0.0,0.0,342,915274.8900000001,0.0,0.09,0.0,287.01,0
0.2,0.0,0.0,0.0,0.0,84.4,63.5,973.3,1089.9,False,True,False,True,False,False,False,False,True,0,0,0,84.4,0.0,63.5,0.0,973.3,0.0,1089.9,0.0,0.0,0.0,0.2,0.0,0.0,0.0,0.0,339,947312.8899999999,0.0,0.04000000000000001,0.0,194.66,0
1.0,0.0,0.0,0.0,0.0,42.1,173.3,756.3,1227.0,False,True,False,True,False,False,False,False,True,0,0,0,42.1,0.0,173.3,0.0,756.3,0.0,1227.0,0.0,0.0,0.0,1.0,0.0,0.0,0.0,0.0,338,571989.69,0.0,1.0,0.0,756.3,1
0.1,0.0,0.0,0.0,0.0,69.4,97.8,928.6,1105.0,True,False,True,False,False,False,False,False,True,1,0,0,0.0,69.4,0.0,97.8,0.0,928.6,0.0,1105.0,0.0,0.0,0.0,0.1,0.0,0.0,0.0,346,862297.9600000001,0.0,0.010000000000000002,0.0,92.86000000000001,0
0.1,200.0,0.0,0.0,0.0,13.5,32.1,924.1,1142.3,True,False,False,False,False,False,True,True,False,1,0,0,0.0,13.5,0.0,32.1,0.0,924.1,0.0,1142.3,0.0,0.0,0.0,0.1,0.0,0.0,0.0,351,853960.81,0.0,0.010000000000000002,0.0,92.41000000000001,0
25.0,2000.0,100.0,0.0,46.0,157.7,30.6,718.2,806.1,False,True,False,False,True,False,False,False,True,0,1,1,157.7,0.0,30.6,0.0,718.2,0.0,806.1,0.0,46.0,0.0,25.0,0.0,0.45999540004599954,0.02299998850000575,0.0,363,515811.24000000005,2116.0,625.0,33037.200000000004,17955.0,1
0.1,600.0,0.0,0.0,0.0,6.0,41.3,908.6,1142.3,True,False,False,False,False,False,True,False,True,1,0,0,0.0,6.0,0.0,41.3,0.0,908.6,0.0,1142.3,0.0,0.0,0.0,0.1,0.0,0.0,0.0,345,825553.9600000001,0.0,0.010000000000000002,0.0,90.86000000000001,0
17.2,4000.0,0.0,174.8,19.228,28.2,210.0,1144.3,1288.7,True,False,True,False,False,False,False,False,True,3,0,0,0.0,28.2,0.0,210.0,0.0,1144.3,0.0,1288.7,0.0,19.228,0.0,17.2,19228.0,0.004806998798250301,174.8,340,1309422.49,369.71598400000005,295.84,22002.6004,19681.96,0
10.6,2750.0,47.0,0.0,21.62,28.4,137.6,1136.7,1288.7,True,False,True,False,False,False,False,False,True,1,0,0,0.0,28.4,0.0,137.6,0.0,1136.7,0.0,1288.7,0.0,21.62,0.0,10.6,0.45999021297419207,0.007861815322976246,0.0,344,1292086.8900000001,467.42440000000005,112.36,24575.454,12049.02,0
0.3,1700.0,0.0,0.0,0.0,16.9,0.0,913.7,1164.1,False,True,False,False,True,False,False,False,True,0,0,0,16.9,0.0,0.0,0.0,913.7,0.0,1164.1,0.0,0.0,0.0,0.3,0.0,0.0,0.0,0.0,354,834847.6900000001,0.0,0.09,0.0,274.11,0
3.5,2857.1,28.6,28.6,16.302,129.0,8.6,704.4,1062.2,True,False,True,False,False,False,False,False,True,1,0,0,0.0,129.0,0.0,8.6,0.0,704.4,0.0,1062.2,0.0,16.302,0.0,3.5,0.569980070626901,0.005705783589729589,28.6,10,496179.36,265.755204,12.25,11483.128799999999,2465.4,1
0.1,0.0,0.0,0.0,0.0,83.2,67.3,946.1,1089.9,False,True,False,True,False,False,False,False,True,0,0,0,83.2,0.0,67.3,0.0,946.1,0.0,1089.9,0.0,0.0,0.0,0.1,0.0,0.0,0.0,0.0,344,895105.2100000001,0.0,0.010000000000000002,0.0,94.61000000000001,0
5.0,3125.0,0.0,0.0,0.0,138.5,147.9,1021.4,1108.4,True,False,False,False,True,False,False,False,True,1,0,0,0.0,138.5,0.0,147.9,0.0,1021.4,0.0,1108.4,0.0,0.0,0.0,5.0,0.0,0.0,0.0,325,1043257.96,0.0,25.0,0.0,5107.0,0
0.0,0.0,0.0,0.0,0.0,43.0,12.8,1002.4,1331.4,True,False,True,False,False,False,False,False,True,2,0,0,0.0,43.0,0.0,12.8,0.0,1002.4,0.0,1331.4,0.0,0.0,0.0,0.0,0.0,0.0,0.0,357,1004805.76,0.0,0.0,0.0,0.0,0
0.2,0.0,0.0,0.0,0.0,77.6,67.4,960.4,1089.9,True,False,False,True,False,False,False,False,True,1,0,0,0.0,77.6,0.0,67.4,0.0,960.4,0.0,1089.9,0.0,0.0,0.0,0.2,0.0,0.0,0.0,341,922368.1599999999,0.0,0.04000000000000001,0.0,192.08,0
0.1,0.0,0.0,0.0,0.0,86.0,67.3,956.4,1089.9,False,True,False,True,False,False,False,False,True,0,0,0,86.0,0.0,67.3,0.0,956.4,0.0,1089.9,0.0,0.0,0.0,0.1,0.0,0.0,0.0,0.0,343,914700.96,0.0,0.010000000000000002,0.0,95.64,0
2.5,2400.0,0.0,200.0,22.0,91.6,72.0,990.6,1062.2,False,True,True,False,False,False,False,False,True,0,0,0,91.6,0.0,72.0,0.0,990.6,0.0,1062.2,0.0,22.0,0.0,2.5,0.0,22000.0,0.009166662847223813,200.0,352,981288.3600000001,484.0,6.25,21793.2,2476.5,0
0.4,0.0,0.0,0.0,0.0,40.6,330.6,950.6,1331.4,False,True,True,False,False,False,False,False,True,0,0,0,40.6,0.0,330.6,0.0,950.6,0.0,1331.4,0.0,0.0,0.0,0.4,0.0,0.0,0.0,0.0,337,903640.36,0.0,0.16000000000000003,0.0,380.24,0
0.1,0.0,0.0,0.0,0.0,11.6,327.2,944.2,1331.4,True,False,True,False,False,False,False,False,True,4,0,1,0.0,11.6,0.0,327.2,0.0,944.2,0.0,1331.4,0.0,0.0,0.0,0.1,0.0,0.0,0.0,335,891513.6400000001,0.0,0.010000000000000002,0.0,94.42000000000002,0
0.2,0.0,0.0,0.0,0.0,136.2,153.4,916.0,1331.4,False,True,True,False,False,False,False,False,True,0,0,0,136.2,0.0,153.4,0.0,916.0,0.0,1331.4,0.0,0.0,0.0,0.2,0.0,0.0,0.0,0.0,320,839056.0,0.0,0.04000000000000001,0.0,183.20000000000002,0
20.0,3500.0,0.0,50.0,5.5,40.2,15.1,682.9,875.4,True,False,False,False,False,False,True,False,True,1,0,0,0.0,40.2,0.0,15.1,0.0,682.9,0.0,875.4,0.0,5.5,0.0,20.0,5500.0,0.0015714281224491079,50.0,10,466352.41,30.25,400.0,3755.95,13658.0,1
20.0,0.0,0.0,50.0,5.5,181.8,6.8,706.4,1062.2,False,True,True,False,False,False,False,False,True,0,0,0,181.8,0.0,6.8,0.0,706.4,0.0,1062.2,0.0,5.5,0.0,20.0,0.0,5500.0,5500.0,50.0,15,499000.95999999996,30.25,400.0,3885.2,14128.0,1
190.5,0.0,78.7,81.0,45.112,140.0,32.2,727.9,844.8,True,False,False,True,False,False,False,False,True,1,0,1,0.0,140.0,0.0,32.2,0.0,727.9,0.0,844.8,0.0,45.112,0.0,190.5,0.5732074560679026,45112.0,81.0,358,529838.4099999999,2035.092544,36290.25,32837.0248,138664.94999999998,1
0.2,0.0,0.0,0.0,0.0,69.4,97.8,928.6,1105.0,True,False,True,False,False,False,False,False,True,1,0,0,0.0,69.4,0.0,97.8,0.0,928.6,0.0,1105.0,0.0,0.0,0.0,0.2,0.0,0.0,0.0,346,862297.9600000001,0.0,0.04000000000000001,0.0,185.72000000000003,0
7.0,3125.0,100.0,142.9,61.719,43.4,72.2,1132.1,1288.7,True,False,True,False,False,False,False,True,False,1,0,0,0.0,43.4,0.0,72.2,0.0,1132.1,0.0,1288.7,0.0,61.719,0.0,7.0,0.6171838281617184,0.019750073679976422,142.9,354,1281650.4099999997,3809.234961,49.0,69872.0799,7924.699999999999,0
0.1,0.0,0.0,0.0,0.0,36.8,227.4,895.6,1105.0,True,False,True,False,False,False,False,False,True,1,0,0,0.0,36.8,0.0,227.4,0.0,895.6,0.0,1105.0,0.0,0.0,0.0,0.1,0.0,0.0,0.0,352,802099.36,0.0,0.010000000000000002,0.0,89.56,0
10.0,2500.0,0.0,0.0,0.0,65.2,225.5,1263.0,1331.2,False,True,False,False,False,False,True,True,False,0,0,0,65.2,0.0,225.5,0.0,1263.0,0.0,1331.2,0.0,0.0,0.0,10.0,0.0,0.0,0.0,0.0,361,1595169.0,0.0,100.0,0.0,12630.0,0
0.3,1000.0,31.0,0.0,14.26,20.7,96.8,778.4,1142.3,False,True,False,False,False,False,True,True,False,0,0,0,20.7,0.0,96.8,0.0,778.4,0.0,1142.3,0.0,14.26,0.0,0.3,0.0,0.4599851617689752,0.01425998574001426,0.0,341,605906.5599999999,203.3476,0.09,11099.984,233.51999999999998,1
11.0,3500.0,50.0,0.0,23.0,0.0,339.1,836.5,875.4,False,True,False,False,False,False,True,True,False,0,0,0,0.0,0.0,339.1,0.0,836.5,0.0,875.4,0.0,23.0,0.0,11.0,0.0,0.45999080018399635,0.006571426693878087,0.0,341,699732.25,529.0,121.0,19239.5,9201.5,0
0.3,0.0,0.0,0.0,0.0,32.8,199.9,807.0,939.0,True,False,False,False,False,False,True,True,False,1,0,0,0.0,32.8,0.0,199.9,0.0,807.0,0.0,939.0,0.0,0.0,0.0,0.3,0.0,0.0,0.0,349,651249.0,0.0,0.09,0.0,242.1,0
5.0,0.0,0.0,0.0,0.0,162.6,45.0,870.8,1062.2,True,False,True,False,False,False,False,False,True,1,0,0,0.0,162.6,0.0,45.0,0.0,870.8,0.0,1062.2,0.0,0.0,0.0,5.0,0.0,0.0,0.0,363,758292.6399999999,0.0,25.0,0.0,4354.0,0
45.0,0.0,22.2,0.0,10.212,109.8,52.5,770.5,875.4,True,False,False,False,False,False,True,False,True,1,0,0,0.0,109.8,0.0,52.5,0.0,770.5,0.0,875.4,0.0,10.212,0.0,45.0,0.45997928021260304,10212.0,0.0,360,593670.25,104.284944,2025.0,7868.346,34672.5,1
0.9,0.0,0.0,0.0,0.0,74.4,6.5,879.6,1227.0,False,True,False,True,False,False,False,False,True,0,0,0,74.4,0.0,6.5,0.0,879.6,0.0,1227.0,0.0,0.0,0.0,0.9,0.0,0.0,0.0,0.0,353,773696.16,0.0,0.81,0.0,791.64,0
0.2,800.0,0.0,0.0,0.0,135.0,143.8,915.0,1331.4,True,False,True,False,False,False,False,False,True,1,0,0,0.0,135.0,0.0,143.8,0.0,915.0,0.0,1331.4,0.0,0.0,0.0,0.2,0.0,0.0,0.0,319,837225.0,0.0,0.04000000000000001,0.0,183.0,0
0.1,0.0,0.0,0.0,0.0,46.4,138.4,908.6,1105.0,True,False,True,False,False,False,False,False,True,3,1,1,0.0,46.4,0.0,138.4,0.0,908.6,0.0,1105.0,0.0,0.0,0.0,0.1,0.0,0.0,0.0,349,825553.9600000001,0.0,0.010000000000000002,0.0,90.86000000000001,0
0.1,0.0,3.0,0.0,1.38,28.5,44.2,918.3,1164.1,True,False,False,False,True,False,False,False,True,3,0,1,0.0,28.5,0.0,44.2,0.0,918.3,0.0,1164.1,0.0,1.38,0.0,0.1,0.4598467177607464,1379.9999999999998,0.0,343,843274.8899999999,1.9043999999999996,0.010000000000000002,1267.254,91.83,0
0.2,0.0,0.0,0.0,0.0,17.6,129.8,1023.4,1105.0,True,False,True,False,False,False,False,False,True,2,0,0,0.0,17.6,0.0,129.8,0.0,1023.4,0.0,1105.0,0.0,0.0,0.0,0.2,0.0,0.0,0.0,322,1047347.5599999999,0.0,0.04000000000000001,0.0,204.68,0
0.1,0.0,0.0,0.0,0.0,45.7,357.1,804.5,939.0,True,False,False,False,False,False,True,False,True,2,0,0,0.0,45.7,0.0,357.1,0.0,804.5,0.0,939.0,0.0,0.0,0.0,0.1,0.0,0.0,0.0,355,647220.25,0.0,0.010000000000000002,0.0,80.45,0
0.5,2000.0,0.0,0.0,0.0,194.8,28.8,699.5,1227.0,False,True,False,True,False,False,False,True,False,0,0,0,194.8,0.0,28.8,0.0,699.5,0.0,1227.0,0.0,0.0,0.0,0.5,0.0,0.0,0.0,0.0,322,489300.25,0.0,0.25,0.0,349.75,1
0.2,0.0,0.0,0.0,0.0,20.5,133.9,929.1,1089.9,False,True,False,True,False,False,False,False,True,0,0,0,20.5,0.0,133.9,0.0,929.1,0.0,1089.9,0.0,0.0,0.0,0.2,0.0,0.0,0.0,0.0,352,863226.81,0.0,0.04000000000000001,0.0,185.82000000000002,0
0.2,0.0,0.0,0.0,0.0,21.2,342.4,931.2,1331.4,True,False,True,False,False,False,False,False,True,4,0,1,0.0,21.2,0.0,342.4,0.0,931.2,0.0,1331.4,0.0,0.0,0.0,0.2,0.0,0.0,0.0,331,867133.4400000001,0.0,0.04000000000000001,0.0,186.24,0
0.4,0.0,0.0,0.0,0.0,45.5,97.6,946.0,1089.9,True,False,False,True,False,False,False,False,True,1,0,0,0.0,45.5,0.0,97.6,0.0,946.0,0.0,1089.9,0.0,0.0,0.0,0.4,0.0,0.0,0.0,347,894916.0,0.0,0.16000000000000003,0.0,378.40000000000003,0
0.1,0.0,0.0,0.0,0.0,36.8,358.6,896.0,1105.0,False,True,True,False,False,False,False,False,True,0,0,0,36.8,0.0,358.6,0.0,896.0,0.0,1105.0,0.0,0.0,0.0,0.1,0.0,0.0,0.0,0.0,354,802816.0,0.0,0.010000000000000002,0.0,89.60000000000001,0
0.2,0.0,0.0,20.0,2.2,52.8,50.6,981.0,1331.4,False,True,True,False,False,False,False,False,True,0,0,1,52.8,0.0,50.6,0.0,981.0,0.0,1331.4,0.0,2.2,0.0,0.2,0.0,2200.0,2200.0,20.0,362,962361.0,4.840000000000001,0.04000000000000001,2158.2000000000003,196.20000000000002,0
0.2,0.0,7.0,0.0,3.22,28.5,8.7,898.7,1164.1,False,True,False,False,True,False,False,False,True,0,0,0,28.5,0.0,8.7,0.0,898.7,0.0,1164.1,0.0,3.22,0.0,0.2,0.0,0.4599342951006999,3220.0,0.0,346,807661.6900000001,10.368400000000001,0.04000000000000001,2893.8140000000003,179.74,0
10.6,2349.6,0.0,112.8,12.408,170.4,5.4,824.4,1062.2,True,False,True,False,False,False,False,False,True,3,1,1,0.0,170.4,0.0,5.4,0.0,824.4,0.0,1062.2,0.0,12.408,0.0,10.6,12408.0,0.005280896628831874,112.8,5,679635.36,153.958464,112.36,10229.1552,8738.64,0
60.0,0.0,0.0,0.0,0.0,226.2,5.4,825.0,1062.2,False,True,True,False,False,False,False,False,True,0,0,0,226.2,0.0,5.4,0.0,825.0,0.0,1062.2,0.0,0.0,0.0,60.0,0.0,0.0,0.0,0.0,4,680625.0,0.0,3600.0,0.0,49500.0,0
0.1,3000.0,0.0,0.0,0.0,68.2,239.7,802.0,939.0,True,False,False,False,False,False,True,False,True,2,0,0,0.0,68.2,0.0,239.7,0.0,802.0,0.0,939.0,0.0,0.0,0.0,0.1,0.0,0.0,0.0,362,643204.0,0.0,0.010000000000000002,0.0,80.2,1
37.6,3994.7,26.6,0.0,12.236,96.0,25.0,821.0,948.0,True,False,False,False,False,True,False,True,False,1,0,0,0.0,96.0,0.0,25.0,0.0,821.0,0.0,948.0,0.0,12.236,0.0,37.6,0.45998270741701436,0.003063057785801741,0.0,360,674041.0,149.71969600000003,1413.7600000000002,10045.756000000001,30869.600000000002,0
6.0,3333.3,0.0,116.7,12.837,3.0,136.5,866.5,948.0,True,False,False,False,False,True,False,False,True,2,1,1,0.0,3.0,0.0,136.5,0.0,866.5,0.0,948.0,0.0,12.837,0.0,6.0,12837.0,0.003851137356032353,116.7,334,750822.25,164.788569,36.0,11123.2605,5199.0,0
12.6,1984.1,0.0,0.0,0.0,112.7,68.7,804.9,844.8,False,True,False,True,False,False,False,False,True,0,0,0,112.7,0.0,68.7,0.0,804.9,0.0,844.8,0.0,0.0,0.0,12.6,0.0,0.0,0.0,0.0,355,647864.01,0.0,158.76,0.0,10141.74,0
0.2,0.0,0.0,0.0,0.0,31.1,99.7,939.2,1089.9,True,False,False,True,False,False,False,False,True,1,0,0,0.0,31.1,0.0,99.7,0.0,939.2,0.0,1089.9,0.0,0.0,0.0,0.2,0.0,0.0,0.0,349,882096.6400000001,0.0,0.04000000000000001,0.0,187.84000000000003,0
10.0,3000.0,0.0,150.0,16.5,169.0,40.6,926.6,1062.2,False,True,True,False,False,False,False,False,True,0,0,0,169.0,0.0,40.6,0.0,926.6,0.0,1062.2,0.0,16.5,0.0,10.0,0.0,16500.0,0.005499998166667277,150.0,362,858587.56,272.25,100.0,15288.9,9266.0,0
0.2,700.0,0.0,0.0,0.0,29.7,106.8,717.2,1142.3,True,False,False,False,False,False,True,True,False,3,0,0,0.0,29.7,0.0,106.8,0.0,717.2,0.0,1142.3,0.0,0.0,0.0,0.2,0.0,0.0,0.0,335,514375.8400000001,0.0,0.04000000000000001,0.0,143.44000000000003,1
0.2,0.0,0.0,0.0,0.0,132.2,3.0,1036.8,1105.0,False,True,True,False,False,False,False,True,False,0,0,0,132.2,0.0,3.0,0.0,1036.8,0.0,1105.0,0.0,0.0,0.0,0.2,0.0,0.0,0.0,0.0,336,1074954.24,0.0,0.04000000000000001,0.0,207.36,0
0.5,0.0,50.0,0.0,23.0,42.1,173.3,756.3,1227.0,False,True,False,True,False,False,False,False,True,0,0,0,42.1,0.0,173.3,0.0,756.3,0.0,1227.0,0.0,23.0,0.0,0.5,0.0,0.45999080018399635,23000.0,0.0,338,571989.69,529.0,0.25,17394.899999999998,378.15,1
6.0,1666.7,0.0,166.7,18.337,305.6,0.0,443.4,1331.2,True,False,False,False,False,False,True,True,False,1,0,0,0.0,305.6,0.0,0.0,0.0,443.4,0.0,1331.2,0.0,18.337,0.0,6.0,18337.0,0.011001973359348797,166.7,47,196603.55999999997,336.245569,36.0,8130.6258,2660.3999999999996,1
0.3,800.0,0.0,0.0,0.0,30.6,106.8,728.2,1142.3,False,True,False,False,False,False,True,True,False,0,0,0,30.6,0.0,106.8,0.0,728.2,0.0,1142.3,0.0,0.0,0.0,0.3,0.0,0.0,0.0,0.0,333,530275.2400000001,0.0,0.09,0.0,218.46,1
5.0,3000.0,40.0,80.0,27.2,198.2,43.4,934.2,1062.2,False,True,True,False,False,False,False,False,True,0,0,0,198.2,0.0,43.4,0.0,934.2,0.0,1062.2,0.0,27.2,0.0,5.0,0.0,0.6799830004249894,0.009066663644445451,80.0,358,872729.6400000001,739.8399999999999,25.0,25410.24,4671.0,0
0.1,0.0,0.0,0.0,0.0,131.2,4.2,1040.6,1105.0,True,False,True,False,False,False,False,False,True,1,0,0,0.0,131.2,0.0,4.2,0.0,1040.6,0.0,1105.0,0.0,0.0,0.0,0.1,0.0,0.0,0.0,335,1082848.3599999999,0.0,0.010000000000000002,0.0,104.06,0
20.0,5000.0,90.0,150.0,57.9,38.8,15.1,712.4,875.4,True,False,False,False,False,False,True,True,False,1,0,1,0.0,38.8,0.0,15.1,0.0,712.4,0.0,875.4,0.0,57.9,0.0,20.0,0.6433261852646082,0.011579997684000462,150.0,8,507513.75999999995,3352.41,400.0,41247.96,14248.0,1
0.3,0.0,0.0,0.0,0.0,79.6,34.5,883.5,939.0,True,False,False,False,False,False,True,False,True,2,0,0,0.0,79.6,0.0,34.5,0.0,883.5,0.0,939.0,0.0,0.0,0.0,0.3,0.0,0.0,0.0,337,780572.25,0.0,0.09,0.0,265.05,0
0.1,300.0,0.0,0.0,0.0,6.0,41.3,908.6,1142.3,True,False,False,False,False,False,True,True,False,1,0,0,0.0,6.0,0.0,41.3,0.0,908.6,0.0,1142.3,0.0,0.0,0.0,0.1,0.0,0.0,0.0,347,825553.9600000001,0.0,0.010000000000000002,0.0,90.86000000000001,0
0.3,450.0,0.0,0.0,0.0,34.4,49.9,709.2,1142.3,False,True,False,False,False,False,True,False,True,0,0,0,34.4,0.0,49.9,0.0,709.2,0.0,1142.3,0.0,0.0,0.0,0.3,0.0,0.0,0.0,0.0,325,502964.6400000001,0.0,0.09,0.0,212.76000000000002,1
0.7,2000.0,35.0,0.0,16.1,40.6,330.6,950.6,1331.4,False,True,True,False,False,False,False,False,True,0,0,1,40.6,0.0,330.6,0.0,950.6,0.0,1331.4,0.0,16.1,0.0,0.7,0.0,0.45998685751835666,0.008049995975002014,0.0,337,903640.36,259.21000000000004,0.48999999999999994,15304.660000000002,665.42,0
41.3,4356.2,24.2,50.0,16.632,6.0,148.5,868.0,948.0,True,False,False,False,False,True,False,False,True,4,0,0,0.0,6.0,0.0,148.5,0.0,868.0,0.0,948.0,0.0,16.632,0.0,41.3,0.687244328746746,0.003818005642990303,50.0,346,753424.0,276.62342400000006,1705.6899999999998,14436.576000000001,35848.399999999994,0
10.0,2000.0,50.0,50.0,28.5,0.0,229.3,785.2,806.1,True,False,False,False,True,False,False,False,True,4,1,1,0.0,0.0,0.0,229.3,0.0,785.2,0.0,806.1,0.0,28.5,0.0,10.0,0.5699886002279955,0.014249992875003562,50.0,315,616539.04,812.25,100.0,22378.2,7852.0,1
0.1,0.0,0.0,0.0,0.0,57.3,23.8,909.4,939.0,True,False,False,False,False,False,True,True,False,1,0,0,0.0,57.3,0.0,23.8,0.0,909.4,0.0,939.0,0.0,0.0,0.0,0.1,0.0,0.0,0.0,330,827008.36,0.0,0.010000000000000002,0.0,90.94,0
32.5,4166.7,30.7,0.0,14.122,45.7,37.6,1211.9,1320.5,False,True,False,True,False,False,False,False,True,0,0,0,45.7,0.0,37.6,0.0,1211.9,0.0,1320.5,0.0,14.122,0.0,32.5,0.0,0.4599850167746979,0.003389252072562922,0.0,356,1468701.6100000003,199.430884,1056.25,17114.451800000003,39386.75,0
5.0,2400.0,40.0,0.0,18.4,70.0,55.2,788.2,806.1,True,False,False,False,True,False,False,False,True,4,1,1,0.0,70.0,0.0,55.2,0.0,788.2,0.0,806.1,0.0,18.4,0.0,5.0,0.45998850028749283,0.007666663472223552,0.0,354,621259.2400000001,338.55999999999995,25.0,14502.88,3941.0,1
0.1,70.0,0.0,0.0,0.0,137.7,187.5,746.8,1227.0,True,False,False,True,False,False,False,False,True,1,0,1,0.0,137.7,0.0,187.5,0.0,746.8,0.0,1227.0,0.0,0.0,0.0,0.1,0.0,0.0,0.0,316,557710.2399999999,0.0,0.010000000000000002,0.0,74.67999999999999,1
5.5,2500.0,54.5,0.0,25.07,100.6,261.5,1089.5,1288.7,False,True,True,False,False,False,False,False,True,0,0,0,100.6,0.0,261.5,0.0,1089.5,0.0,1288.7,0.0,25.07,0.0,5.5,0.0,0.4599915597878938,0.010027995988801604,0.0,363,1187010.25,628.5049,30.25,27313.765,5992.25,0
0.1,0.0,0.0,0.0,0.0,16.6,377.0,896.2,1105.0,False,True,True,False,False,False,False,False,True,0,0,0,16.6,0.0,377.0,0.0,896.2,0.0,1105.0,0.0,0.0,0.0,0.1,0.0,0.0,0.0,0.0,356,803174.4400000001,0.0,0.010000000000000002,0.0,89.62,0
1.0,0.0,0.0,0.0,0.0,83.2,67.3,946.1,1089.9,False,True,False,True,False,False,False,False,True,0,0,0,83.2,0.0,67.3,0.0,946.1,0.0,1089.9,0.0,0.0,0.0,1.0,0.0,0.0,0.0,0.0,344,895105.2100000001,0.0,1.0,0.0,946.1,0
10.3,0.0,38.9,43.7,22.701,117.2,199.4,1188.9,1288.7,True,False,True,False,False,False,False,False,True,1,0,0,0.0,117.2,0.0,199.4,0.0,1188.9,0.0,1288.7,0.0,22.701,0.0,10.3,0.5835582632837203,22701.0,43.7,326,1413483.2100000002,515.335401,106.09000000000002,26989.218900000003,12245.670000000002,0
0.2,0.0,0.0,0.0,0.0,32.8,198.4,804.5,939.0,True,False,False,False,False,False,True,True,False,3,0,0,0.0,32.8,0.0,198.4,0.0,804.5,0.0,939.0,0.0,0.0,0.0,0.2,0.0,0.0,0.0,350,647220.25,0.0,0.04000000000000001,0.0,160.9,0
0.2,0.0,0.0,11.0,1.21,21.2,342.4,931.2,1331.4,False,True,True,False,False,False,False,False,True,0,0,1,21.2,0.0,342.4,0.0,931.2,0.0,1331.4,0.0,1.21,0.0,0.2,0.0,1210.0,1210.0,11.0,331,867133.4400000001,1.4641,0.04000000000000001,1126.752,186.24,0
0.1,0.0,0.0,0.0,0.0,129.0,298.0,889.0,1105.0,True,False,True,False,False,False,False,False,True,3,0,0,0.0,129.0,0.0,298.0,0.0,889.0,0.0,1105.0,0.0,0.0,0.0,0.1,0.0,0.0,0.0,1,790321.0,0.0,0.010000000000000002,0.0,88.9,0
46.5,1612.9,32.3,0.0,14.858,2.2,281.2,1017.8,1062.2,False,True,True,False,False,False,False,False,True,0,1,0,2.2,0.0,281.2,0.0,1017.8,0.0,1062.2,0.0,14.858,0.0,46.5,0.0,0.45998575895483124,0.009211972712522344,0.0,337,1035916.8399999999,220.760164,2162.25,15122.4724,47327.7,0
24.0,1041.7,41.7,0.0,19.182,78.1,33.2,674.1,844.8,True,False,False,True,False,False,False,False,True,1,0,0,0.0,78.1,0.0,33.2,0.0,674.1,0.0,844.8,0.0,19.182,0.0,24.0,0.45998896908947023,0.018414113070833182,0.0,365,454410.81000000006,367.9491239999999,576.0,12930.5862,16178.400000000001,1
0.1,500.0,0.0,0.0,0.0,343.0,39.4,913.4,1331.4,False,True,True,False,False,False,False,False,True,0,0,0,343.0,0.0,39.4,0.0,913.4,0.0,1331.4,0.0,0.0,0.0,0.1,0.0,0.0,0.0,0.0,14,834299.5599999999,0.0,0.010000000000000002,0.0,91.34,0
0.1,0.0,0.0,0.0,0.0,17.6,129.8,1031.2,1105.0,True,False,True,False,False,False,False,False,True,1,1,1,0.0,17.6,0.0,129.8,0.0,1031.2,0.0,1105.0,0.0,0.0,0.0,0.1,0.0,0.0,0.0,321,1063373.4400000002,0.0,0.010000000000000002,0.0,103.12,0
1.1,500.0,0.0,0.0,0.0,77.6,22.8,875.5,1227.0,False,True,False,True,False,False,False,False,True,0,0,0,77.6,0.0,22.8,0.0,875.5,0.0,1227.0,0.0,0.0,0.0,1.1,0.0,0.0,0.0,0.0,350,766500.25,0.0,1.2100000000000002,0.0,963.0500000000001,0
2.0,2500.0,0.0,150.0,16.5,151.8,71.0,990.6,1062.2,False,True,True,False,False,False,False,False,True,0,0,0,151.8,0.0,71.0,0.0,990.6,0.0,1062.2,0.0,16.5,0.0,2.0,0.0,16500.0,0.006599997360001056,150.0,355,981288.3600000001,272.25,4.0,16344.9,1981.2,0
0.2,0.0,0.0,0.0,0.0,45.5,78.7,946.0,1089.9,True,False,False,True,False,False,False,False,True,1,0,0,0.0,45.5,0.0,78.7,0.0,946.0,0.0,1089.9,0.0,0.0,0.0,0.2,0.0,0.0,0.0,346,894916.0,0.0,0.04000000000000001,0.0,189.20000000000002,0
0.2,0.0,4.0,0.0,1.84,123.8,76.3,785.9,1227.0,False,True,False,True,False,False,False,False,True,0,0,0,123.8,0.0,76.3,0.0,785.9,0.0,1227.0,0.0,1.84,0.0,0.2,0.0,0.4598850287428143,1840.0,0.0,326,617638.8099999999,3.3856,0.04000000000000001,1446.056,157.18,1
0.1,0.0,0.0,0.0,0.0,43.0,336.8,954.4,1331.4,False,True,True,False,False,False,False,False,True,0,0,0,43.0,0.0,336.8,0.0,954.4,0.0,1331.4,0.0,0.0,0.0,0.1,0.0,0.0,0.0,0.0,338,910879.36,0.0,0.010000000000000002,0.0,95.44,0
16.2,0.0,61.7,0.0,28.382,171.7,30.6,718.2,806.1,True,False,False,False,True,False,False,True,False,2,1,1,0.0,171.7,0.0,30.6,0.0,718.2,0.0,806.1,0.0,28.382,0.0,16.2,0.45999254469133405,28382.0,0.0,360,515811.24000000005,805.5379240000001,262.44,20383.952400000002,11634.84,1
14.0,1785.7,0.0,0.0,0.0,47.5,97.2,836.5,875.4,True,False,False,False,False,False,True,False,True,1,0,0,0.0,47.5,0.0,97.2,0.0,836.5,0.0,875.4,0.0,0.0,0.0,14.0,0.0,0.0,0.0,349,699732.25,0.0,196.0,0.0,11711.0,0
0.1,0.0,0.0,0.0,0.0,104.2,304.0,894.0,1105.0,False,True,True,False,False,False,False,False,True,0,0,0,104.2,0.0,304.0,0.0,894.0,0.0,1105.0,0.0,0.0,0.0,0.1,0.0,0.0,0.0,0.0,364,799236.0,0.0,0.010000000000000002,0.0,89.4,0
20.0,1666.7,30.0,0.0,13.8,28.4,146.4,1144.9,1288.7,False,True,True,False,False,False,False,False,True,0,1,0,28.4,0.0,146.4,0.0,1144.9,0.0,1288.7,0.0,13.8,0.0,20.0,0.0,0.45998466717776076,0.00827982943551363,0.0,342,1310796.0100000002,190.44000000000003,400.0,15799.620000000003,22898.0,0
30.0,3000.0,0.0,0.0,0.0,109.8,52.5,755.0,875.4,False,True,False,False,False,False,True,True,False,0,0,0,109.8,0.0,52.5,0.0,755.0,0.0,875.4,0.0,0.0,0.0,30.0,0.0,0.0,0.0,0.0,362,570025.0,0.0,900.0,0.0,22650.0,1
6.0,3333.3,50.0,0.0,23.0,17.8,305.6,1323.0,1331.2,False,True,False,False,False,False,True,False,True,0,0,0,17.8,0.0,305.6,0.0,1323.0,0.0,1331.2,0.0,23.0,0.0,6.0,0.0,0.45999080018399635,0.006900066930649227,0.0,340,1750329.0,529.0,36.0,30429.0,7938.0,0
0.0,0.0,1.0,0.0,0.46,79.2,91.2,932.6,1331.4,True,False,True,False,False,False,False,False,True,1,0,0,0.0,79.2,0.0,91.2,0.0,932.6,0.0,1331.4,0.0,0.46,0.0,0.0,0.45954045954045963,460.0,0.0,325,869742.76,0.2116,0.0,428.99600000000004,0.0,0
152.0,3571.4,119.7,131.6,69.538,43.4,119.0,1132.1,1288.7,False,True,True,False,False,False,False,False,True,0,0,0,43.4,0.0,119.0,0.0,1132.1,0.0,1288.7,0.0,69.538,0.0,152.0,0.0,0.580930819291401,0.019470790314501225,131.6,352,1281650.4099999997,4835.533444,23104.0,78723.96979999999,172079.19999999998,0
0.1,0.0,0.0,0.0,0.0,83.2,67.3,946.1,1089.9,True,False,False,True,False,False,False,False,True,4,1,1,0.0,83.2,0.0,67.3,0.0,946.1,0.0,1089.9,0.0,0.0,0.0,0.1,0.0,0.0,0.0,344,895105.2100000001,0.0,0.010000000000000002,0.0,94.61000000000001,0
0.1,0.0,0.0,0.0,0.0,21.2,342.4,931.2,1331.4,False,True,True,False,False,False,False,False,True,0,0,0,21.2,0.0,342.4,0.0,931.2,0.0,1331.4,0.0,0.0,0.0,0.1,0.0,0.0,0.0,0.0,331,867133.4400000001,0.0,0.010000000000000002,0.0,93.12,0
0.2,0.0,0.0,0.0,0.0,31.6,370.4,894.2,1105.0,False,True,True,False,False,False,False,False,True,0,0,0,31.6,0.0,370.4,0.0,894.2,0.0,1105.0,0.0,0.0,0.0,0.2,0.0,0.0,0.0,0.0,360,799593.6400000001,0.0,0.04000000000000001,0.0,178.84000000000003,0
0.5,500.0,0.0,0.0,0.0,74.4,6.5,879.6,1227.0,False,True,False,True,False,False,False,False,True,0,0,0,74.4,0.0,6.5,0.0,879.6,0.0,1227.0,0.0,0.0,0.0,0.5,0.0,0.0,0.0,0.0,353,773696.16,0.0,0.25,0.0,439.8,0
0.3,0.0,0.0,0.0,0.0,68.2,239.7,802.0,939.0,True,False,False,False,False,False,True,False,True,1,0,0,0.0,68.2,0.0,239.7,0.0,802.0,0.0,939.0,0.0,0.0,0.0,0.3,0.0,0.0,0.0,362,643204.0,0.0,0.09,0.0,240.6,1
0.1,0.0,0.0,0.0,0.0,104.2,12.8,1056.8,1105.0,True,False,True,False,False,False,False,False,True,1,0,0,0.0,104.2,0.0,12.8,0.0,1056.8,0.0,1105.0,0.0,0.0,0.0,0.1,0.0,0.0,0.0,331,1116826.24,0.0,0.010000000000000002,0.0,105.68,0
15.0,0.0,66.7,133.3,45.345,38.4,189.4,1106.3,1288.7,False,True,True,False,False,False,False,False,True,0,0,0,38.4,0.0,189.4,0.0,1106.3,0.0,1288.7,0.0,45.345,0.0,15.0,0.0,0.6798248901815565,45345.0,133.3,337,1223899.69,2056.1690249999997,225.0,50165.1735,16594.5,0
20.0,1666.7,35.0,25.0,18.85,35.5,55.4,907.4,1108.4,False,True,False,False,True,False,False,True,False,0,0,0,35.5,0.0,55.4,0.0,907.4,0.0,1108.4,0.0,18.85,0.0,20.0,0.0,0.5385560412559642,0.011309767018799413,25.0,338,823374.76,355.32250000000005,400.0,17104.49,18148.0,0
0.1,272.0,0.0,0.0,0.0,29.7,106.5,719.4,1142.3,True,False,False,False,False,False,True,True,False,3,0,0,0.0,29.7,0.0,106.5,0.0,719.4,0.0,1142.3,0.0,0.0,0.0,0.1,0.0,0.0,0.0,336,517536.36,0.0,0.010000000000000002,0.0,71.94,1
0.3,800.0,0.0,0.0,0.0,6.0,41.3,925.2,1142.3,False,True,False,False,False,False,True,True,False,0,0,0,6.0,0.0,41.3,0.0,925.2,0.0,1142.3,0.0,0.0,0.0,0.3,0.0,0.0,0.0,0.0,349,855995.04,0.0,0.09,0.0,277.56,0
0.5,0.0,0.0,0.0,0.0,141.1,344.2,927.9,1089.9,False,True,False,True,False,False,False,False,True,0,0,0,141.1,0.0,344.2,0.0,927.9,0.0,1089.9,0.0,0.0,0.0,0.5,0.0,0.0,0.0,0.0,364,860998.4099999999,0.0,0.25,0.0,463.95,0
0.2,0.0,0.0,0.0,0.0,9.4,366.2,896.2,1105.0,False,True,True,False,False,False,False,True,False,0,0,0,9.4,0.0,366.2,0.0,896.2,0.0,1105.0,0.0,0.0,0.0,0.2,0.0,0.0,0.0,0.0,357,803174.4400000001,0.0,0.04000000000000001,0.0,179.24,0
0.1,0.0,0.0,0.0,0.0,104.2,304.0,894.0,1105.0,False,True,True,False,False,False,False,False,True,0,0,0,104.2,0.0,304.0,0.0,894.0,0.0,1105.0,0.0,0.0,0.0,0.1,0.0,0.0,0.0,0.0,364,799236.0,0.0,0.010000000000000002,0.0,89.4,0
1.0,2750.0,0.0,0.0,0.0,34.0,146.5,947.9,1108.4,True,False,False,False,True,False,False,False,True,1,0,0,0.0,34.0,0.0,146.5,0.0,947.9,0.0,1108.4,0.0,0.0,0.0,1.0,0.0,0.0,0.0,340,898514.4099999999,0.0,1.0,0.0,947.9,0
0.1,0.0,0.0,0.0,0.0,104.2,12.8,1056.8,1105.0,True,False,True,False,False,False,False,False,True,1,0,0,0.0,104.2,0.0,12.8,0.0,1056.8,0.0,1105.0,0.0,0.0,0.0,0.1,0.0,0.0,0.0,331,1116826.24,0.0,0.010000000000000002,0.0,105.68,0
15.0,3333.3,66.7,0.0,30.682,60.2,237.8,1176.5,1320.5,False,True,False,True,False,False,False,False,True,0,0,0,60.2,0.0,237.8,0.0,1176.5,0.0,1320.5,0.0,30.682,0.0,15.0,0.0,0.45999310355167083,0.009204689285486067,0.0,333,1384152.25,941.3851239999999,225.0,36097.373,17647.5,0
0.2,0.0,0.0,0.0,0.0,34.4,336.4,926.4,1331.4,True,False,True,False,False,False,False,False,True,2,0,0,0.0,34.4,0.0,336.4,0.0,926.4,0.0,1331.4,0.0,0.0,0.0,0.2,0.0,0.0,0.0,330,858216.96,0.0,0.04000000000000001,0.0,185.28,0
0.1,0.0,0.0,0.0,0.0,131.0,2.4,962.2,1105.0,True,False,True,False,False,False,False,False,True,1,1,1,0.0,131.0,0.0,2.4,0.0,962.2,0.0,1105.0,0.0,0.0,0.0,0.1,0.0,0.0,0.0,339,925828.8400000001,0.0,0.010000000000000002,0.0,96.22000000000001,0
10.0,7500.0,0.0,150.0,16.5,122.3,53.3,789.0,875.4,False,True,False,False,False,False,True,False,True,0,0,0,122.3,0.0,53.3,0.0,789.0,0.0,875.4,0.0,16.5,0.0,10.0,0.0,16500.0,0.002199999706666706,150.0,358,622521.0,272.25,100.0,13018.5,7890.0,1
80.0,812.5,37.5,62.5,24.125,168.0,30.6,757.7,806.1,True,False,False,False,True,False,False,False,True,2,1,1,0.0,168.0,0.0,30.6,0.0,757.7,0.0,806.1,0.0,24.125,0.0,80.0,0.6433161782352471,0.029692271147973973,62.5,357,574109.29,582.015625,6400.0,18279.5125,60616.0,1
0.2,0.0,0.0,0.0,0.0,63.4,139.4,925.2,1105.0,True,False,True,False,False,False,False,False,True,4,0,0,0.0,63.4,0.0,139.4,0.0,925.2,0.0,1105.0,0.0,0.0,0.0,0.2,0.0,0.0,0.0,348,855995.04,0.0,0.04000000000000001,0.0,185.04000000000002,0
0.1,0.0,0.0,0.0,0.0,6.0,41.3,908.6,1142.3,False,True,False,False,False,False,True,False,True,0,0,0,6.0,0.0,41.3,0.0,908.6,0.0,1142.3,0.0,0.0,0.0,0.1,0.0,0.0,0.0,0.0,345,825553.9600000001,0.0,0.010000000000000002,0.0,90.86000000000001,0
50.0,3500.0,0.0,40.0,4.4,66.6,294.1,1245.5,1331.2,False,True,False,False,False,False,True,True,False,0,0,0,66.6,0.0,294.1,0.0,1245.5,0.0,1331.2,0.0,4.4,0.0,50.0,0.0,4400.0,0.0012571424979592864,40.0,2,1551270.25,19.360000000000003,2500.0,5480.200000000001,62275.0,0
0.2,0.0,0.0,0.0,0.0,175.4,244.9,731.8,900.1,True,False,False,False,False,True,False,True,False,3,0,0,0.0,175.4,0.0,244.9,0.0,731.8,0.0,900.1,0.0,0.0,0.0,0.2,0.0,0.0,0.0,364,535531.24,0.0,0.04000000000000001,0.0,146.35999999999999,1
0.1,0.0,0.0,0.0,0.0,135.0,143.8,915.0,1331.4,True,False,True,False,False,False,False,False,True,2,0,1,0.0,135.0,0.0,143.8,0.0,915.0,0.0,1331.4,0.0,0.0,0.0,0.1,0.0,0.0,0.0,319,837225.0,0.0,0.010000000000000002,0.0,91.5,0
10.1,3125.0,0.0,49.3,5.423,29.6,181.4,1143.3,1288.7,False,True,True,False,False,False,False,False,True,0,0,0,29.6,0.0,181.4,0.0,1143.3,0.0,1288.7,0.0,5.423,0.0,10.1,0.0,5423.0,0.0017353594446849775,49.3,339,1307134.89,29.408929,102.00999999999999,6200.1159,11547.33,0
20.5,3662.1,0.0,24.4,2.684,0.2,286.7,803.7,844.8,False,True,False,True,False,False,False,False,True,0,0,0,0.2,0.0,286.7,0.0,803.7,0.0,844.8,0.0,2.684,0.0,20.5,0.0,2684.0,0.0007329126094556104,24.4,341,645933.6900000001,7.203856000000001,420.25,2157.1308000000004,16475.850000000002,1
16.2,1851.9,61.7,0.0,28.382,154.0,53.8,978.6,1062.2,True,False,True,False,False,False,False,False,True,4,0,1,0.0,154.0,0.0,53.8,0.0,978.6,0.0,1062.2,0.0,28.382,0.0,16.2,0.45999254469133405,0.01532587325132391,0.0,356,957657.9600000001,805.5379240000001,262.44,27774.625200000002,15853.32,0
0.1,400.0,3.2,0.0,1.472,121.2,283.6,956.8,1331.4,False,True,True,False,False,False,False,False,True,0,0,0,121.2,0.0,283.6,0.0,956.8,0.0,1331.4,0.0,1.472,0.0,0.1,0.0,0.4598562949078413,0.0036799908000230003,0.0,314,915466.2399999999,2.166784,0.010000000000000002,1408.4096,95.68,0
0.1,0.0,0.0,0.0,0.0,86.0,67.3,956.4,1089.9,True,False,False,True,False,False,False,False,True,1,0,0,0.0,86.0,0.0,67.3,0.0,956.4,0.0,1089.9,0.0,0.0,0.0,0.1,0.0,0.0,0.0,343,914700.96,0.0,0.010000000000000002,0.0,95.64,0
0.1,0.0,0.0,0.0,0.0,16.6,377.0,896.2,1105.0,True,False,True,False,False,False,False,False,True,1,0,0,0.0,16.6,0.0,377.0,0.0,896.2,0.0,1105.0,0.0,0.0,0.0,0.1,0.0,0.0,0.0,356,803174.4400000001,0.0,0.010000000000000002,0.0,89.62,0
0.0,0.0,0.0,0.0,0.0,144.6,13.8,928.4,1105.0,False,True,True,False,False,False,False,True,False,0,0,0,144.6,0.0,13.8,0.0,928.4,0.0,1105.0,0.0,0.0,0.0,0.0,0.0,0.0,0.0,0.0,343,861926.5599999999,0.0,0.0,0.0,0.0,0
0.2,500.0,0.0,0.0,0.0,95.2,303.8,962.4,1331.4,False,True,True,False,False,False,False,False,True,0,0,1,95.2,0.0,303.8,0.0,962.4,0.0,1331.4,0.0,0.0,0.0,0.2,0.0,0.0,0.0,0.0,310,926213.76,0.0,0.04000000000000001,0.0,192.48000000000002,0
15.0,3000.0,60.0,33.3,31.263,44.7,6.0,1307.7,1331.2,False,True,False,False,False,False,True,True,False,0,0,0,44.7,0.0,6.0,0.0,1307.7,0.0,1331.2,0.0,31.263,0.0,15.0,0.0,0.5210413159780671,0.010420996526334492,33.3,354,1710079.29,977.3751690000001,225.0,40882.625100000005,19615.5,0
0.2,0.0,0.0,0.0,0.0,40.9,24.8,746.6,900.1,True,False,False,False,False,True,False,False,True,1,0,0,0.0,40.9,0.0,24.8,0.0,746.6,0.0,900.1,0.0,0.0,0.0,0.2,0.0,0.0,0.0,345,557411.56,0.0,0.04000000000000001,0.0,149.32000000000002,1
20.0,1250.0,0.0,0.0,0.0,109.8,52.5,755.0,875.4,False,True,False,False,False,False,True,False,True,0,0,0,109.8,0.0,52.5,0.0,755.0,0.0,875.4,0.0,0.0,0.0,20.0,0.0,0.0,0.0,0.0,362,570025.0,0.0,400.0,0.0,15100.0,1
10.0,5000.0,50.0,0.0,23.0,144.8,43.8,857.2,1062.2,False,True,True,False,False,False,False,False,True,0,0,1,144.8,0.0,43.8,0.0,857.2,0.0,1062.2,0.0,23.0,0.0,10.0,0.0,0.45999080018399635,0.004599999080000184,0.0,365,734791.8400000001,529.0,100.0,19715.600000000002,8572.0,0
35.0,3571.4,42.9,108.6,31.68,38.8,15.1,712.4,875.4,False,True,False,False,False,False,True,True,False,0,0,0,38.8,0.0,15.1,0.0,712.4,0.0,875.4,0.0,31.68,0.0,35.0,0.0,0.7384443253071025,0.008870468480016665,108.6,8,507513.75999999995,1003.6224,1225.0,22568.832,24934.0,1
0.2,0.0,0.0,0.0,0.0,14.4,197.2,955.0,1105.0,True,False,True,False,False,False,False,False,True,4,0,0,0.0,14.4,0.0,197.2,0.0,955.0,0.0,1105.0,0.0,0.0,0.0,0.2,0.0,0.0,0.0,314,912025.0,0.0,0.04000000000000001,0.0,191.0,0
0.2,0.0,0.0,0.0,0.0,45.5,97.6,946.0,1089.9,False,True,False,True,False,False,False,False,True,0,0,0,45.5,0.0,97.6,0.0,946.0,0.0,1089.9,0.0,0.0,0.0,0.2,0.0,0.0,0.0,0.0,347,894916.0,0.0,0.04000000000000001,0.0,189.20000000000002,0
0.5,0.0,0.0,0.0,0.0,83.2,67.3,946.1,1089.9,False,True,False,True,False,False,False,False,True,0,0,0,83.2,0.0,67.3,0.0,946.1,0.0,1089.9,0.0,0.0,0.0,0.5,0.0,0.0,0.0,0.0,344,895105.2100000001,0.0,0.25,0.0,473.05,0
0.2,500.0,10.0,0.0,4.6,24.7,55.8,910.6,1142.3,False,True,False,False,False,False,True,True,False,0,0,0,24.7,0.0,55.8,0.0,910.6,0.0,1142.3,0.0,4.6,0.0,0.2,0.0,0.45995400459954006,0.0091999816000368,0.0,343,829192.36,21.159999999999997,0.04000000000000001,4188.76,182.12,0
0.5,0.0,0.0,0.0,0.0,129.0,8.0,634.6,801.7,True,False,False,False,True,False,False,False,True,1,0,0,0.0,129.0,0.0,8.0,0.0,634.6,0.0,801.7,0.0,0.0,0.0,0.5,0.0,0.0,0.0,5,402717.16000000003,0.0,0.25,0.0,317.3,1
0.2,0.0,0.0,0.0,0.0,92.1,323.5,742.9,1164.1,False,True,False,False,True,False,False,False,True,0,0,0,92.1,0.0,323.5,0.0,742.9,0.0,1164.1,0.0,0.0,0.0,0.2,0.0,0.0,0.0,0.0,314,551900.4099999999,0.0,0.04000000000000001,0.0,148.58,1
18.2,2083.3,54.9,109.9,37.343,44.7,6.0,1307.7,1331.2,True,False,False,False,False,False,True,True,False,1,0,0,0.0,44.7,0.0,6.0,0.0,1307.7,0.0,1331.2,0.0,37.343,0.0,18.2,0.6801879747181291,0.01792491819473038,109.9,355,1710079.29,1394.4996490000003,331.23999999999995,48833.441100000004,23800.14,0
0.0,200.0,0.0,0.0,0.0,6.0,41.3,920.6,1142.3,True,False,False,False,False,False,True,False,True,3,0,0,0.0,6.0,0.0,41.3,0.0,920.6,0.0,1142.3,0.0,0.0,0.0,0.0,0.0,0.0,0.0,348,847504.36,0.0,0.0,0.0,0.0,0
0.0,0.0,0.0,0.0,0.0,95.2,303.8,962.4,1331.4,True,False,True,False,False,False,False,False,True,2,0,0,0.0,95.2,0.0,303.8,0.0,962.4,0.0,1331.4,0.0,0.0,0.0,0.0,0.0,0.0,0.0,310,926213.76,0.0,0.0,0.0,0.0,0
0.1,0.0,0.0,0.0,0.0,124.2,2.4,962.2,1105.0,False,True,True,False,False,False,False,False,True,0,0,0,124.2,0.0,2.4,0.0,962.2,0.0,1105.0,0.0,0.0,0.0,0.1,0.0,0.0,0.0,0.0,340,925828.8400000001,0.0,0.010000000000000002,0.0,96.22000000000001,0
0.2,0.0,0.0,0.0,0.0,159.8,92.8,769.4,1105.0,False,True,True,False,False,False,False,False,True,0,0,0,159.8,0.0,92.8,0.0,769.4,0.0,1105.0,0.0,0.0,0.0,0.2,0.0,0.0,0.0,0.0,8,591976.36,0.0,0.04000000000000001,0.0,153.88,1
0.1,0.0,0.0,0.0,0.0,132.2,3.0,1036.8,1105.0,True,False,True,False,False,False,False,False,True,3,0,0,0.0,132.2,0.0,3.0,0.0,1036.8,0.0,1105.0,0.0,0.0,0.0,0.1,0.0,0.0,0.0,336,1074954.24,0.0,0.010000000000000002,0.0,103.68,0
5.2,3125.0,76.3,0.0,35.098,132.2,176.0,1115.9,1288.7,True,False,True,False,False,False,False,False,True,1,0,0,0.0,132.2,0.0,176.0,0.0,1115.9,0.0,1288.7,0.0,35.098,0.0,5.2,0.45999397124546204,0.01123135640596595,0.0,330,1245232.8100000003,1231.869604,27.040000000000003,39165.8582,5802.68,0
0.5,0.0,0.0,0.0,0.0,17.9,341.4,926.6,1089.9,True,False,False,True,False,False,False,False,True,1,0,0,0.0,17.9,0.0,341.4,0.0,926.6,0.0,1089.9,0.0,0.0,0.0,0.5,0.0,0.0,0.0,358,858587.56,0.0,0.25,0.0,463.3,0
6.0,2666.7,0.0,0.0,0.0,50.1,15.1,714.2,875.4,False,True,False,False,False,False,True,True,False,0,0,0,50.1,0.0,15.1,0.0,714.2,0.0,875.4,0.0,0.0,0.0,6.0,0.0,0.0,0.0,0.0,5,510081.6400000001,0.0,36.0,0.0,4285.200000000001,1
0.3,920.0,0.0,0.0,0.0,109.6,199.8,766.4,1227.0,True,False,False,True,False,False,False,False,True,2,0,1,0.0,109.6,0.0,199.8,0.0,766.4,0.0,1227.0,0.0,0.0,0.0,0.3,0.0,0.0,0.0,311,587368.96,0.0,0.09,0.0,229.92,1
0.2,0.0,0.0,0.0,0.0,13.0,323.7,929.1,1089.9,False,True,False,True,False,False,False,False,True,0,0,0,13.0,0.0,323.7,0.0,929.1,0.0,1089.9,0.0,0.0,0.0,0.2,0.0,0.0,0.0,0.0,356,863226.81,0.0,0.04000000000000001,0.0,185.82000000000002,0
73.1,5128.6,0.0,16.4,1.804,140.0,32.2,722.12,844.8,False,True,False,True,False,False,False,False,True,0,0,0,140.0,0.0,32.2,0.0,722.12,0.0,844.8,0.0,1.804,0.0,73.1,0.0,1804.0,0.0003517528464390191,16.4,360,521457.2944,3.254416,5343.609999999999,1302.70448,52786.971999999994,1
17.0,0.0,47.1,58.8,28.134,2.2,230.8,1013.8,1062.2,True,False,True,False,False,False,False,False,True,1,1,1,0.0,2.2,0.0,230.8,0.0,1013.8,0.0,1062.2,0.0,28.134,0.0,17.0,0.5973121589775164,28134.0,58.8,334,1027790.44,791.521956,289.0,28522.2492,17234.6,0
0.8,0.0,0.0,0.0,0.0,20.4,202.7,929.1,1089.9,True,False,False,True,False,False,False,False,True,1,0,0,0.0,20.4,0.0,202.7,0.0,929.1,0.0,1089.9,0.0,0.0,0.0,0.8,0.0,0.0,0.0,354,863226.81,0.0,0.6400000000000001,0.0,743.2800000000001,0
11.0,4545.5,90.9,136.4,56.818,167.6,41.4,931.0,1062.2,False,True,True,False,False,False,False,False,True,0,0,1,167.6,0.0,41.4,0.0,931.0,0.0,1062.2,0.0,56.818,0.0,11.0,0.0,0.6250536297730497,0.012499832251714386,136.4,359,866761.0,3228.2851239999995,121.0,52897.558,10241.0,0
0.6,0.0,0.0,0.0,0.0,45.5,67.1,946.1,1089.9,False,True,False,True,False,False,False,False,True,0,0,0,45.5,0.0,67.1,0.0,946.1,0.0,1089.9,0.0,0.0,0.0,0.6,0.0,0.0,0.0,0.0,345,895105.2100000001,0.0,0.36,0.0,567.66,0
18.0,2500.0,0.0,0.0,0.0,109.8,52.5,755.5,875.4,False,True,False,False,False,False,True,True,False,0,0,0,109.8,0.0,52.5,0.0,755.5,0.0,875.4,0.0,0.0,0.0,18.0,0.0,0.0,0.0,0.0,361,570780.25,0.0,324.0,0.0,13599.0,1
0.2,0.0,0.0,0.0,0.0,82.6,305.3,747.5,1164.1,False,True,False,False,True,False,False,False,True,0,0,0,82.6,0.0,305.3,0.0,747.5,0.0,1164.1,0.0,0.0,0.0,0.2,0.0,0.0,0.0,0.0,310,558756.25,0.0,0.04000000000000001,0.0,149.5,1
0.1,0.0,0.0,0.0,0.0,95.2,283.6,960.2,1331.4,True,False,True,False,False,False,False,False,True,2,0,1,0.0,95.2,0.0,283.6,0.0,960.2,0.0,1331.4,0.0,0.0,0.0,0.1,0.0,0.0,0.0,313,921984.04,0.0,0.010000000000000002,0.0,96.02000000000001,0
0.1,0.0,0.0,0.0,0.0,7.6,325.1,926.6,1089.9,True,False,False,True,False,False,False,False,True,1,0,0,0.0,7.6,0.0,325.1,0.0,926.6,0.0,1089.9,0.0,0.0,0.0,0.1,0.0,0.0,0.0,357,858587.56,0.0,0.010000000000000002,0.0,92.66000000000001,0
0.1,0.0,0.0,0.0,0.0,164.6,102.0,813.8,1105.0,True,False,True,False,False,False,False,False,True,1,1,1,0.0,164.6,0.0,102.0,0.0,813.8,0.0,1105.0,0.0,0.0,0.0,0.1,0.0,0.0,0.0,6,662270.44,0.0,0.010000000000000002,0.0,81.38,0
0.0,0.0,0.0,0.0,0.0,8.8,375.0,894.8,1105.0,True,False,True,False,False,False,False,False,True,1,0,0,0.0,8.8,0.0,375.0,0.0,894.8,0.0,1105.0,0.0,0.0,0.0,0.0,0.0,0.0,0.0,358,800667.0399999999,0.0,0.0,0.0,0.0,0
47.7,0.0,62.9,0.0,28.934,168.0,30.6,757.7,806.1,False,True,False,False,True,False,False,False,True,0,1,0,168.0,0.0,30.6,0.0,757.7,0.0,806.1,0.0,28.934,0.0,47.7,0.0,0.4599926869207167,28934.0,0.0,357,574109.29,837.176356,2275.2900000000004,21923.291800000003,36142.29,1
2.1,0.0,0.0,0.0,0.0,96.0,73.4,990.6,1062.2,True,False,True,False,False,False,False,False,True,1,0,0,0.0,96.0,0.0,73.4,0.0,990.6,0.0,1062.2,0.0,0.0,0.0,2.1,0.0,0.0,0.0,353,981288.3600000001,0.0,4.41,0.0,2080.26,0
0.1,0.0,0.0,0.0,0.0,79.0,55.4,836.3,939.0,True,False,False,False,False,False,True,True,False,2,0,0,0.0,79.0,0.0,55.4,0.0,836.3,0.0,939.0,0.0,0.0,0.0,0.1,0.0,0.0,0.0,344,699397.69,0.0,0.010000000000000002,0.0,83.63,0
0.4,0.0,0.0,0.0,0.0,50.0,107.2,719.1,1142.3,True,False,False,False,False,False,True,False,True,1,1,0,0.0,50.0,0.0,107.2,0.0,719.1,0.0,1142.3,0.0,0.0,0.0,0.4,0.0,0.0,0.0,331,517104.81000000006,0.0,0.16000000000000003,0.0,287.64000000000004,1
12.0,2500.0,0.0,125.0,13.75,200.0,6.8,706.0,1062.2,False,True,True,False,False,False,False,False,True,0,0,0,200.0,0.0,6.8,0.0,706.0,0.0,1062.2,0.0,13.75,0.0,12.0,0.0,13750.0,0.005499997800000879,125.0,13,498436.0,189.0625,144.0,9707.5,8472.0,1
12.0,0.0,0.0,125.0,13.75,198.2,43.4,934.2,1062.2,False,True,True,False,False,False,False,False,True,0,1,1,198.2,0.0,43.4,0.0,934.2,0.0,1062.2,0.0,13.75,0.0,12.0,0.0,13750.0,13750.0,125.0,358,872729.6400000001,189.0625,144.0,12845.25,11210.400000000001,0
5.0,4000.0,50.0,150.0,39.5,69.1,294.1,1244.0,1331.2,True,False,False,False,False,False,True,True,False,1,0,0,0.0,69.1,0.0,294.1,0.0,1244.0,0.0,1331.2,0.0,39.5,0.0,5.0,0.7899842003159937,0.009874997531250616,150.0,3,1547536.0,1560.25,25.0,49138.0,6220.0,0
25.0,3200.0,0.0,0.0,0.0,165.6,53.8,962.4,1062.2,False,True,True,False,False,False,False,False,True,0,0,0,165.6,0.0,53.8,0.0,962.4,0.0,1062.2,0.0,0.0,0.0,25.0,0.0,0.0,0.0,0.0,357,926213.76,0.0,625.0,0.0,24060.0,0
18.0,4166.7,44.4,0.0,20.424,169.0,40.6,926.6,1062.2,True,False,True,False,False,False,False,False,True,1,1,1,0.0,169.0,0.0,40.6,0.0,926.6,0.0,1062.2,0.0,20.424,0.0,18.0,0.45998963987297586,0.004901719609830415,0.0,362,858587.56,417.139776,324.0,18924.8784,16678.8,0
41.0,2500.0,119.5,200.0,76.97,34.0,153.0,947.9,1108.4,True,False,False,False,True,False,False,False,True,1,1,0,0.0,34.0,0.0,153.0,0.0,947.9,0.0,1108.4,0.0,76.97,0.0,41.0,0.6440950284934853,0.030787987684804924,200.0,342,898514.4099999999,5924.3809,1681.0,72959.863,38863.9,0
8.0,0.0,0.0,0.0,0.0,22.6,8.6,642.62,844.8,False,True,False,True,False,False,False,False,True,0,0,0,22.6,0.0,8.6,0.0,642.62,0.0,844.8,0.0,0.0,0.0,8.0,0.0,0.0,0.0,0.0,18,412960.4644,0.0,64.0,0.0,5140.96,1
7.0,2571.4,71.4,100.0,43.844,64.0,41.0,862.0,948.0,True,False,False,False,False,True,False,True,False,1,0,1,0.0,64.0,0.0,41.0,0.0,862.0,0.0,948.0,0.0,43.844,0.0,7.0,0.6140530244674444,0.017050627265059008,100.0,355,743044.0,1922.296336,49.0,37793.528,6034.0,0
0.1,0.0,0.0,0.0,0.0,124.6,34.4,927.4,1105.0,True,False,True,False,False,False,False,False,True,3,1,0,0.0,124.6,0.0,34.4,0.0,927.4,0.0,1105.0,0.0,0.0,0.0,0.1,0.0,0.0,0.0,344,860070.76,0.0,0.010000000000000002,0.0,92.74000000000001,0
0.1,0.0,2.0,8.0,1.8,135.0,143.8,915.0,1331.4,True,False,True,False,False,False,False,False,True,4,0,1,0.0,135.0,0.0,143.8,0.0,915.0,0.0,1331.4,0.0,1.8,0.0,0.1,0.8995502248875563,1800.0,8.0,319,837225.0,3.24,0.010000000000000002,1647.0,91.5,0
0.2,600.0,0.0,0.0,0.0,34.4,49.9,709.2,1142.3,True,False,False,False,False,False,True,True,False,1,0,0,0.0,34.4,0.0,49.9,0.0,709.2,0.0,1142.3,0.0,0.0,0.0,0.2,0.0,0.0,0.0,325,502964.6400000001,0.0,0.04000000000000001,0.0,141.84,1
0.1,0.0,0.0,0.0,0.0,21.2,342.4,931.2,1331.4,True,False,True,False,False,False,False,False,True,1,0,1,0.0,21.2,0.0,342.4,0.0,931.2,0.0,1331.4,0.0,0.0,0.0,0.1,0.0,0.0,0.0,331,867133.4400000001,0.0,0.010000000000000002,0.0,93.12,0
0.2,0.0,0.0,0.0,0.0,37.3,325.6,804.5,939.0,True,False,False,False,False,False,True,False,True,1,0,0,0.0,37.3,0.0,325.6,0.0,804.5,0.0,939.0,0.0,0.0,0.0,0.2,0.0,0.0,0.0,354,647220.25,0.0,0.04000000000000001,0.0,160.9,0
0.1,150.0,0.0,0.0,0.0,135.7,195.4,755.3,1227.0,True,False,False,True,False,False,False,False,True,2,0,1,0.0,135.7,0.0,195.4,0.0,755.3,0.0,1227.0,0.0,0.0,0.0,0.1,0.0,0.0,0.0,314,570478.09,0.0,0.010000000000000002,0.0,75.53,1
26.0,1666.7,76.9,0.0,35.374,28.4,148.2,1137.1,1288.7,False,True,True,False,False,False,False,False,True,0,0,0,28.4,0.0,148.2,0.0,1137.1,0.0,1288.7,0.0,35.374,0.0,26.0,0.0,0.45999401828324726,0.021223962786366603,0.0,343,1292996.4099999997,1251.3198760000002,676.0,40223.7754,29564.6,0
0.1,0.0,0.0,0.0,0.0,16.2,345.4,803.5,939.0,True,False,False,False,False,False,True,True,False,1,0,0,0.0,16.2,0.0,345.4,0.0,803.5,0.0,939.0,0.0,0.0,0.0,0.1,0.0,0.0,0.0,357,645612.25,0.0,0.010000000000000002,0.0,80.35000000000001,1
10.4,2083.3,0.0,115.6,12.716,117.0,244.8,1148.1,1288.7,False,True,True,False,False,False,False,False,True,0,0,0,117.0,0.0,244.8,0.0,1148.1,0.0,1288.7,0.0,12.716,0.0,10.4,0.0,12715.999999999998,0.006103774730583818,115.6,329,1318133.6099999999,161.696656,108.16000000000001,14599.239599999997,11940.24,0
0.1,0.0,0.0,0.0,0.0,36.8,227.4,895.6,1105.0,True,False,True,False,False,False,False,False,True,3,0,0,0.0,36.8,0.0,227.4,0.0,895.6,0.0,1105.0,0.0,0.0,0.0,0.1,0.0,0.0,0.0,352,802099.36,0.0,0.010000000000000002,0.0,89.56,0
0.1,0.0,0.0,0.0,0.0,202.2,137.2,702.3,1227.0,False,True,False,True,False,False,False,False,True,0,0,0,202.2,0.0,137.2,0.0,702.3,0.0,1227.0,0.0,0.0,0.0,0.1,0.0,0.0,0.0,0.0,320,493225.2899999999,0.0,0.010000000000000002,0.0,70.23,1
7.2,2762.4,0.0,21.0,2.31,167.6,41.8,931.0,1062.2,True,False,True,False,False,False,False,False,True,4,1,1,0.0,167.6,0.0,41.8,0.0,931.0,0.0,1062.2,0.0,2.31,0.0,7.2,2310.0,0.0008362290630505852,21.0,360,866761.0,5.3361,51.84,2150.61,6703.2,0
0.1,0.0,0.0,0.0,0.0,55.6,15.4,1024.6,1331.4,True,False,True,False,False,False,False,False,True,1,0,1,0.0,55.6,0.0,15.4,0.0,1024.6,0.0,1331.4,0.0,0.0,0.0,0.1,0.0,0.0,0.0,348,1049805.16,0.0,0.010000000000000002,0.0,102.46,0
0.1,400.0,0.0,0.0,0.0,136.2,153.4,916.0,1331.4,False,True,True,False,False,False,False,False,True,0,0,0,136.2,0.0,153.4,0.0,916.0,0.0,1331.4,0.0,0.0,0.0,0.1,0.0,0.0,0.0,0.0,320,839056.0,0.0,0.010000000000000002,0.0,91.60000000000001,0
1.1,5714.3,0.0,0.0,0.0,91.6,71.4,1021.0,1062.2,True,False,True,False,False,False,False,False,True,1,0,1,0.0,91.6,0.0,71.4,0.0,1021.0,0.0,1062.2,0.0,0.0,0.0,1.1,0.0,0.0,0.0,351,1042441.0,0.0,1.2100000000000002,0.0,1123.1000000000001,0
0.2,0.0,0.0,0.0,0.0,31.0,230.5,685.3,801.7,True,False,False,False,True,False,False,False,True,1,0,0,0.0,31.0,0.0,230.5,0.0,685.3,0.0,801.7,0.0,0.0,0.0,0.2,0.0,0.0,0.0,352,469636.0899999999,0.0,0.04000000000000001,0.0,137.06,1
0.5,1800.0,0.0,0.0,0.0,23.4,22.8,846.1,1227.0,False,True,False,True,False,False,False,True,False,0,0,0,23.4,0.0,22.8,0.0,846.1,0.0,1227.0,0.0,0.0,0.0,0.5,0.0,0.0,0.0,0.0,345,715885.2100000001,0.0,0.25,0.0,423.05,0
44.8,4010.0,33.5,129.5,29.655,4.2,226.7,1209.5,1320.5,True,False,False,True,False,False,False,False,True,1,0,0,0.0,4.2,0.0,226.7,0.0,1209.5,0.0,1320.5,0.0,29.655,0.0,44.8,0.8851974567923346,0.007395260001182045,129.5,346,1462890.25,879.419025,2007.0399999999997,35867.7225,54185.6,0
0.1,0.0,0.0,0.0,0.0,17.6,191.0,982.8,1105.0,True,False,True,False,False,False,False,False,True,1,0,0,0.0,17.6,0.0,191.0,0.0,982.8,0.0,1105.0,0.0,0.0,0.0,0.1,0.0,0.0,0.0,318,965895.84,0.0,0.010000000000000002,0.0,98.28,0
0.1,0.0,0.0,0.0,0.0,142.4,13.8,939.8,1105.0,False,True,True,False,False,False,False,False,True,0,0,0,142.4,0.0,13.8,0.0,939.8,0.0,1105.0,0.0,0.0,0.0,0.1,0.0,0.0,0.0,0.0,342,883224.0399999999,0.0,0.010000000000000002,0.0,93.98,0
0.9,0.0,0.0,0.0,0.0,172.2,151.3,754.0,939.0,True,False,False,False,False,False,True,True,False,1,0,0,0.0,172.2,0.0,151.3,0.0,754.0,0.0,939.0,0.0,0.0,0.0,0.9,0.0,0.0,0.0,3,568516.0,0.0,0.81,0.0,678.6,1
4.0,0.0,49.6,0.0,22.816,170.4,5.4,824.4,1062.2,True,False,True,False,False,False,False,False,True,1,0,1,0.0,170.4,0.0,5.4,0.0,824.4,0.0,1062.2,0.0,22.816,0.0,4.0,0.45999072599342755,22816.0,0.0,5,679635.36,520.569856,16.0,18809.5104,3297.6,0
9.8,1220.8,50.9,0.0,23.414,168.0,30.6,757.7,806.1,False,True,False,False,True,False,False,False,True,0,1,1,168.0,0.0,30.6,0.0,757.7,0.0,806.1,0.0,23.414,0.0,9.8,0.0,0.4599909628494529,0.01917921102620329,0.0,357,574109.29,548.215396,96.04000000000002,17740.787800000002,7425.460000000001,1
0.1,0.0,0.0,0.0,0.0,37.3,286.0,804.5,939.0,True,False,False,False,False,False,True,False,True,2,0,0,0.0,37.3,0.0,286.0,0.0,804.5,0.0,939.0,0.0,0.0,0.0,0.1,0.0,0.0,0.0,353,647220.25,0.0,0.010000000000000002,0.0,80.45,0
0.0,0.0,0.0,0.0,0.0,95.2,283.6,960.2,1331.4,True,False,True,False,False,False,False,False,True,4,0,1,0.0,95.2,0.0,283.6,0.0,960.2,0.0,1331.4,0.0,0.0,0.0,0.0,0.0,0.0,0.0,313,921984.04,0.0,0.0,0.0,0.0,0
0.1,150.0,0.0,0.0,0.0,135.7,195.4,755.3,1227.0,True,False,False,True,False,False,False,False,True,2,0,1,0.0,135.7,0.0,195.4,0.0,755.3,0.0,1227.0,0.0,0.0,0.0,0.1,0.0,0.0,0.0,314,570478.09,0.0,0.010000000000000002,0.0,75.53,1
0.9,0.0,0.0,0.0,0.0,16.9,0.0,899.8,1164.1,False,True,False,False,True,False,False,False,True,0,0,0,16.9,0.0,0.0,0.0,899.8,0.0,1164.1,0.0,0.0,0.0,0.9,0.0,0.0,0.0,0.0,356,809640.0399999999,0.0,0.81,0.0,809.8199999999999,0
18.6,5367.7,42.9,0.0,19.734,25.6,222.8,1176.5,1320.5,False,True,False,True,False,False,False,False,True,0,0,0,25.6,0.0,222.8,0.0,1176.5,0.0,1320.5,0.0,19.734,0.0,18.6,0.0,0.45998927763921593,0.0036764342872302315,0.0,336,1384152.25,389.4307560000001,345.96000000000004,23217.051000000003,21882.9,0
3.3,0.0,30.8,0.0,14.168,144.8,43.8,857.2,1062.2,False,True,True,False,False,False,False,False,True,0,0,1,144.8,0.0,43.8,0.0,857.2,0.0,1062.2,0.0,14.168,0.0,3.3,0.0,0.4599850654199538,14167.999999999998,0.0,365,734791.8400000001,200.73222399999997,10.889999999999999,12144.8096,2828.76,0
0.2,0.0,0.0,0.0,0.0,31.1,99.7,939.2,1089.9,False,True,False,True,False,False,False,False,True,0,0,0,31.1,0.0,99.7,0.0,939.2,0.0,1089.9,0.0,0.0,0.0,0.2,0.0,0.0,0.0,0.0,349,882096.6400000001,0.0,0.04000000000000001,0.0,187.84000000000003,0
40.0,5000.0,50.0,75.0,31.25,47.5,97.2,836.5,875.4,False,True,False,False,False,False,True,False,True,0,0,0,47.5,0.0,97.2,0.0,836.5,0.0,875.4,0.0,31.25,0.0,40.0,0.0,0.624987500249995,0.00624999875000025,75.0,349,699732.25,976.5625,1600.0,26140.625,33460.0,0
0.5,0.0,0.0,0.0,0.0,45.5,78.7,946.0,1089.9,True,False,False,True,False,False,False,False,True,1,0,0,0.0,45.5,0.0,78.7,0.0,946.0,0.0,1089.9,0.0,0.0,0.0,0.5,0.0,0.0,0.0,346,894916.0,0.0,0.25,0.0,473.0,0
3.0,4000.0,0.0,0.0,0.0,124.4,7.4,791.2,1062.2,False,True,True,False,False,False,False,False,True,0,0,0,124.4,0.0,7.4,0.0,791.2,0.0,1062.2,0.0,0.0,0.0,3.0,0.0,0.0,0.0,0.0,8,625997.4400000001,0.0,9.0,0.0,2373.6000000000004,1
0.2,0.0,0.0,0.0,0.0,43.0,342.2,987.0,1331.4,True,False,True,False,False,False,False,False,True,1,0,0,0.0,43.0,0.0,342.2,0.0,987.0,0.0,1331.4,0.0,0.0,0.0,0.2,0.0,0.0,0.0,307,974169.0,0.0,0.04000000000000001,0.0,197.4,0
0.1,0.0,0.0,0.0,0.0,4.4,147.6,738.0,1105.0,True,False,True,False,False,False,False,False,True,3,0,0,0.0,4.4,0.0,147.6,0.0,738.0,0.0,1105.0,0.0,0.0,0.0,0.1,0.0,0.0,0.0,308,544644.0,0.0,0.010000000000000002,0.0,73.8,1
3.5,2083.3,57.1,0.0,26.266,13.2,122.0,1132.3,1288.7,False,True,True,False,False,False,False,False,True,0,0,0,13.2,0.0,122.0,0.0,1132.3,0.0,1288.7,0.0,26.266,0.0,3.5,0.0,0.45999194409905253,0.01260787567423046,0.0,349,1282103.2899999998,689.902756,12.25,29740.991799999996,3963.0499999999997,0
20.0,4250.0,60.0,0.0,27.6,171.7,30.6,718.2,806.1,True,False,False,False,True,False,False,False,True,3,1,1,0.0,171.7,0.0,30.6,0.0,718.2,0.0,806.1,0.0,27.6,0.0,20.0,0.459992333461109,0.006494116119031501,0.0,362,515811.24000000005,761.7600000000001,400.0,19822.320000000003,14364.0,1
0.0,0.0,0.0,0.0,0.0,135.0,143.8,915.0,1331.4,True,False,True,False,False,False,False,False,True,1,0,1,0.0,135.0,0.0,143.8,0.0,915.0,0.0,1331.4,0.0,0.0,0.0,0.0,0.0,0.0,0.0,319,837225.0,0.0,0.0,0.0,0.0,0
25.0,0.0,0.0,60.0,6.6,124.4,7.4,791.2,1062.2,True,False,True,False,False,False,False,False,True,1,1,1,0.0,124.4,0.0,7.4,0.0,791.2,0.0,1062.2,0.0,6.6,0.0,25.0,6599.999999999999,6599.999999999999,60.0,8,625997.4400000001,43.559999999999995,625.0,5221.92,19780.0,1
50.0,1000.0,0.0,0.0,0.0,86.9,1.2,664.7,844.8,False,True,False,True,False,False,False,False,True,0,0,0,86.9,0.0,1.2,0.0,664.7,0.0,844.8,0.0,0.0,0.0,50.0,0.0,0.0,0.0,0.0,4,441826.0900000001,0.0,2500.0,0.0,33235.0,1
0.2,0.0,0.0,0.0,0.0,36.8,139.2,973.2,1331.4,False,True,True,False,False,False,False,False,True,0,0,0,36.8,0.0,139.2,0.0,973.2,0.0,1331.4,0.0,0.0,0.0,0.2,0.0,0.0,0.0,0.0,342,947118.2400000001,0.0,0.04000000000000001,0.0,194.64000000000001,0
7.1,0.0,0.0,70.0,7.7,124.4,7.4,791.2,1062.2,True,False,True,False,False,False,False,False,True,4,0,1,0.0,124.4,0.0,7.4,0.0,791.2,0.0,1062.2,0.0,7.7,0.0,7.1,7700.0,7700.0,70.0,8,625997.4400000001,59.290000000000006,50.41,6092.240000000001,5617.52,1
10.0,2500.0,30.0,0.0,13.8,117.7,33.3,692.8,844.8,False,True,False,True,False,False,False,True,False,0,0,0,117.7,0.0,33.3,0.0,692.8,0.0,844.8,0.0,13.8,0.0,10.0,0.0,0.45998466717776076,0.005519997792000883,0.0,363,479971.8399999999,190.44000000000003,100.0,9560.64,6928.0,1
12.3,8116.9,40.6,32.5,22.251,49.7,8.0,1307.7,1331.2,True,False,False,False,False,False,True,True,False,1,0,0,0.0,49.7,0.0,8.0,0.0,1307.7,0.0,1331.2,0.0,22.251,0.0,12.3,0.5480406886529889,0.0027413171603300327,32.5,357,1710079.29,495.1070010000001,151.29000000000002,29097.632700000002,16084.710000000001,0
8.0,0.0,0.0,125.0,13.75,165.6,53.8,962.4,1062.2,True,False,True,False,False,False,False,False,True,2,0,1,0.0,165.6,0.0,53.8,0.0,962.4,0.0,1062.2,0.0,13.75,0.0,8.0,13750.0,13750.0,125.0,357,926213.76,189.0625,64.0,13233.0,7699.2,0
0.2,0.0,0.0,0.0,0.0,20.5,114.4,931.0,1089.9,False,True,False,True,False,False,False,False,True,0,0,0,20.5,0.0,114.4,0.0,931.0,0.0,1089.9,0.0,0.0,0.0,0.2,0.0,0.0,0.0,0.0,351,866761.0,0.0,0.04000000000000001,0.0,186.20000000000002,0
15.5,3225.8,32.3,41.9,19.467,16.5,345.0,862.0,948.0,True,False,False,False,False,True,False,True,False,1,1,0,0.0,16.5,0.0,345.0,0.0,862.0,0.0,948.0,0.0,19.467,0.0,15.5,0.6026748397882419,0.0060347801987785344,41.9,327,743044.0,378.96408899999994,240.25,16780.554,13361.0,0
0.1,250.0,0.0,0.0,0.0,96.4,160.3,842.0,1142.3,True,False,False,False,False,False,True,True,False,4,0,0,0.0,96.4,0.0,160.3,0.0,842.0,0.0,1142.3,0.0,0.0,0.0,0.1,0.0,0.0,0.0,365,708964.0,0.0,0.010000000000000002,0.0,84.2,0
20.5,0.0,87.8,0.0,40.388,117.2,199.4,1188.9,1288.7,True,False,True,False,False,False,False,False,True,1,0,0,0.0,117.2,0.0,199.4,0.0,1188.9,0.0,1288.7,0.0,40.388,0.0,20.5,0.4599947608797166,40388.0,0.0,326,1413483.2100000002,1631.1905439999998,420.25,48017.2932,24372.45,0
6.0,0.0,0.0,0.0,0.0,151.8,71.0,990.6,1062.2,True,False,True,False,False,False,False,False,True,2,0,1,0.0,151.8,0.0,71.0,0.0,990.6,0.0,1062.2,0.0,0.0,0.0,6.0,0.0,0.0,0.0,355,981288.3600000001,0.0,36.0,0.0,5943.6,0
10.0,0.0,30.0,60.0,20.4,45.4,31.9,1132.1,1288.7,False,True,True,False,False,False,False,False,True,0,1,0,45.4,0.0,31.9,0.0,1132.1,0.0,1288.7,0.0,20.4,0.0,10.0,0.0,0.6799773340888636,20399.999999999996,60.0,357,1281650.4099999997,416.15999999999997,100.0,23094.839999999997,11321.0,0
15.0,0.0,33.3,0.0,15.318,171.7,30.6,718.2,806.1,False,True,False,False,True,False,False,False,True,0,1,0,171.7,0.0,30.6,0.0,718.2,0.0,806.1,0.0,15.318,0.0,15.0,0.0,0.45998618660100304,15318.0,0.0,362,515811.24000000005,234.641124,225.0,11001.3876,10773.0,1
0.3,0.0,0.0,0.0,0.0,63.4,139.4,925.2,1105.0,False,True,True,False,False,False,False,True,False,0,0,0,63.4,0.0,139.4,0.0,925.2,0.0,1105.0,0.0,0.0,0.0,0.3,0.0,0.0,0.0,0.0,348,855995.04,0.0,0.09,0.0,277.56,0
0.2,0.0,0.0,0.0,0.0,20.4,202.7,929.1,1089.9,True,False,False,True,False,False,False,False,True,2,0,0,0.0,20.4,0.0,202.7,0.0,929.1,0.0,1089.9,0.0,0.0,0.0,0.2,0.0,0.0,0.0,354,863226.81,0.0,0.04000000000000001,0.0,185.82000000000002,0
15.0,3000.0,80.0,166.7,55.137,115.5,54.3,824.0,875.4,False,True,False,False,False,False,True,True,False,0,0,0,115.5,0.0,54.3,0.0,824.0,0.0,875.4,0.0,55.137,0.0,15.0,0.0,0.689203884951438,0.018378993873668707,166.7,356,678976.0,3040.088769,225.0,45432.888,12360.0,0
0.2,0.0,0.0,0.0,0.0,142.4,13.8,939.8,1105.0,False,True,True,False,False,False,False,False,True,0,0,0,142.4,0.0,13.8,0.0,939.8,0.0,1105.0,0.0,0.0,0.0,0.2,0.0,0.0,0.0,0.0,342,883224.0399999999,0.0,0.04000000000000001,0.0,187.96,0
37.0,0.0,0.0,0.0,0.0,70.0,49.4,788.2,806.1,False,True,False,False,True,False,False,False,True,0,1,0,70.0,0.0,49.4,0.0,788.2,0.0,806.1,0.0,0.0,0.0,37.0,0.0,0.0,0.0,0.0,355,621259.2400000001,0.0,1369.0,0.0,29163.4,1
3.0,4000.0,66.7,133.3,45.345,65.2,225.5,1263.0,1331.2,False,True,False,False,False,False,True,True,False,0,0,0,65.2,0.0,225.5,0.0,1263.0,0.0,1331.2,0.0,45.345,0.0,3.0,0.0,0.6798248901815565,0.011336247165938208,133.3,361,1595169.0,2056.1690249999997,9.0,57270.735,3789.0,0
0.0,0.0,0.0,0.0,0.0,16.6,377.0,896.2,1105.0,True,False,True,False,False,False,False,False,True,3,0,0,0.0,16.6,0.0,377.0,0.0,896.2,0.0,1105.0,0.0,0.0,0.0,0.0,0.0,0.0,0.0,356,803174.4400000001,0.0,0.0,0.0,0.0,0
16.0,0.0,62.5,0.0,28.75,45.9,158.4,1211.8,1320.5,False,True,False,True,False,False,False,False,True,0,0,0,45.9,0.0,158.4,0.0,1211.8,0.0,1320.5,0.0,28.75,0.0,16.0,0.0,0.45999264011775814,28750.0,0.0,353,1468459.24,826.5625,256.0,34839.25,19388.8,0
8.0,4166.7,37.5,50.0,22.75,13.2,123.0,1132.3,1288.7,False,True,True,False,False,False,False,False,True,0,1,0,13.2,0.0,123.0,0.0,1132.3,0.0,1288.7,0.0,22.75,0.0,8.0,0.0,0.6066504893202849,0.005459955009970718,50.0,347,1282103.2899999998,517.5625,64.0,25759.825,9058.4,0
20.0,1250.0,50.0,0.0,23.0,168.0,30.6,757.7,806.1,True,False,False,False,True,False,False,False,True,1,1,1,0.0,168.0,0.0,30.6,0.0,757.7,0.0,806.1,0.0,23.0,0.0,20.0,0.45999080018399635,0.018399985280011775,0.0,357,574109.29,529.0,400.0,17427.100000000002,15154.0,1
80.0,1875.0,100.0,0.0,46.0,145.9,0.0,616.5,806.1,False,True,False,False,True,False,False,False,True,0,1,0,145.9,0.0,0.0,0.0,616.5,0.0,806.1,0.0,46.0,0.0,80.0,0.0,0.45999540004599954,0.024533320248895867,0.0,4,380072.25,2116.0,6400.0,28359.0,49320.0,1
0.3,0.0,0.0,0.0,0.0,36.8,312.2,895.8,1105.0,True,False,True,False,False,False,False,False,True,1,0,0,0.0,36.8,0.0,312.2,0.0,895.8,0.0,1105.0,0.0,0.0,0.0,0.3,0.0,0.0,0.0,353,802457.6399999999,0.0,0.09,0.0,268.73999999999995,0
0.1,0.0,0.0,0.0,0.0,95.2,283.6,960.2,1331.4,False,True,True,False,False,False,False,False,True,0,0,0,95.2,0.0,283.6,0.0,960.2,0.0,1331.4,0.0,0.0,0.0,0.1,0.0,0.0,0.0,0.0,313,921984.04,0.0,0.010000000000000002,0.0,96.02000000000001,0
5.0,0.0,80.0,0.0,36.8,28.0,132.5,925.4,1108.4,True,False,False,False,True,False,False,True,False,1,1,1,0.0,28.0,0.0,132.5,0.0,925.4,0.0,1108.4,0.0,36.8,0.0,5.0,0.45999425007187406,36800.0,0.0,346,856365.1599999999,1354.2399999999998,25.0,34054.719999999994,4627.0,0
10.0,3500.0,0.0,0.0,0.0,124.5,101.9,911.9,1108.4,True,False,False,False,True,False,False,False,True,2,0,0,0.0,124.5,0.0,101.9,0.0,911.9,0.0,1108.4,0.0,0.0,0.0,10.0,0.0,0.0,0.0,331,831561.61,0.0,100.0,0.0,9119.0,0
8.6,2907.0,34.9,34.9,19.893,117.7,33.3,692.8,844.8,False,True,False,True,False,False,False,False,True,0,0,0,117.7,0.0,33.3,0.0,692.8,0.0,844.8,0.0,19.893,0.0,8.6,0.0,0.5699836680897397,0.006843134900882387,34.9,363,479971.8399999999,395.73144900000005,73.96,13781.8704,5958.079999999999,1
0.4,0.0,0.0,0.0,0.0,20.4,318.6,929.1,1089.9,False,True,False,True,False,False,False,False,True,0,0,0,20.4,0.0,318.6,0.0,929.1,0.0,1089.9,0.0,0.0,0.0,0.4,0.0,0.0,0.0,0.0,355,863226.81,0.0,0.16000000000000003,0.0,371.64000000000004,0
0.5,0.0,0.0,0.0,0.0,84.4,57.7,973.3,1089.9,True,False,False,True,False,False,False,False,True,1,0,0,0.0,84.4,0.0,57.7,0.0,973.3,0.0,1089.9,0.0,0.0,0.0,0.5,0.0,0.0,0.0,338,947312.8899999999,0.0,0.25,0.0,486.65,0
25.0,1500.0,0.0,0.0,0.0,112.7,68.7,804.9,844.8,False,True,False,True,False,False,False,False,True,0,1,0,112.7,0.0,68.7,0.0,804.9,0.0,844.8,0.0,0.0,0.0,25.0,0.0,0.0,0.0,0.0,355,647864.01,0.0,625.0,0.0,20122.5,0
0.3,0.0,0.0,0.0,0.0,97.1,244.9,731.8,900.1,False,True,False,False,False,True,False,True,False,0,0,0,97.1,0.0,244.9,0.0,731.8,0.0,900.1,0.0,0.0,0.0,0.3,0.0,0.0,0.0,0.0,362,535531.24,0.0,0.09,0.0,219.54,1
0.3,0.0,0.0,0.0,0.0,65.2,102.3,716.3,801.7,False,True,False,False,True,False,False,False,True,0,0,0,65.2,0.0,102.3,0.0,716.3,0.0,801.7,0.0,0.0,0.0,0.3,0.0,0.0,0.0,0.0,346,513085.68999999994,0.0,0.09,0.0,214.89,1
0.1,0.0,0.0,0.0,0.0,104.2,12.8,1056.8,1105.0,False,True,True,False,False,False,False,False,True,0,0,0,104.2,0.0,12.8,0.0,1056.8,0.0,1105.0,0.0,0.0,0.0,0.1,0.0,0.0,0.0,0.0,331,1116826.24,0.0,0.010000000000000002,0.0,105.68,0
0.2,750.0,0.0,0.0,0.0,29.7,106.8,717.2,1142.3,False,True,False,False,False,False,True,False,True,0,0,0,29.7,0.0,106.8,0.0,717.2,0.0,1142.3,0.0,0.0,0.0,0.2,0.0,0.0,0.0,0.0,335,514375.8400000001,0.0,0.04000000000000001,0.0,143.44000000000003,1
2.1,2843.6,23.7,47.4,16.116,127.0,7.6,728.6,1062.2,True,False,True,False,False,False,False,False,True,1,0,0,0.0,127.0,0.0,7.6,0.0,728.6,0.0,1062.2,0.0,16.116,0.0,2.1,0.6799713092274587,0.005667461785250462,47.4,9,530857.9600000001,259.725456,4.41,11742.1176,1530.0600000000002,1
0.1,0.0,4.0,0.0,1.84,74.6,317.3,752.0,1164.1,False,True,False,False,True,False,False,False,True,0,0,1,74.6,0.0,317.3,0.0,752.0,0.0,1164.1,0.0,1.84,0.0,0.1,0.0,0.4598850287428143,1840.0,0.0,309,565504.0,3.3856,0.010000000000000002,1383.68,75.2,1
0.2,500.0,24.0,0.0,11.04,46.8,195.6,795.8,1180.0,False,True,False,False,False,True,False,False,True,0,0,0,46.8,0.0,195.6,0.0,795.8,0.0,1180.0,0.0,11.04,0.0,0.2,0.0,0.4599808341319111,0.02207995584008832,0.0,331,633297.6399999999,121.88159999999998,0.04000000000000001,8785.632,159.16,1
70.0,2750.0,0.0,0.0,0.0,0.0,351.9,1288.6,1331.2,True,False,False,False,False,False,True,True,False,2,0,0,0.0,0.0,0.0,351.9,0.0,1288.6,0.0,1331.2,0.0,0.0,0.0,70.0,0.0,0.0,0.0,323,1660489.9599999997,0.0,4900.0,0.0,90202.0,0
8.0,3500.0,50.0,0.0,23.0,139.5,149.4,1021.4,1108.4,True,False,False,False,True,False,False,False,True,2,0,0,0.0,139.5,0.0,149.4,0.0,1021.4,0.0,1108.4,0.0,23.0,0.0,8.0,0.45999080018399635,0.006571426693878087,0.0,324,1043257.96,529.0,64.0,23492.2,8171.2,0
0.2,800.0,0.0,0.0,0.0,6.0,41.3,908.6,1142.3,False,True,False,False,False,False,True,True,False,0,0,0,6.0,0.0,41.3,0.0,908.6,0.0,1142.3,0.0,0.0,0.0,0.2,0.0,0.0,0.0,0.0,345,825553.9600000001,0.0,0.04000000000000001,0.0,181.72000000000003,0
16.4,0.0,0.0,0.0,0.0,167.6,41.8,931.0,1062.2,False,True,True,False,False,False,False,False,True,0,0,0,167.6,0.0,41.8,0.0,931.0,0.0,1062.2,0.0,0.0,0.0,16.4,0.0,0.0,0.0,0.0,360,866761.0,0.0,268.96,0.0,15268.399999999998,0
7.3,4000.0,96.3,110.0,56.398,117.2,199.4,1188.9,1288.7,False,True,True,False,False,False,False,False,True,0,0,0,117.2,0.0,199.4,0.0,1188.9,0.0,1288.7,0.0,56.398,0.0,7.3,0.0,0.5856429320567803,0.014099496475125881,110.0,326,1413483.2100000002,3180.7344040000003,53.29,67051.5822,8678.970000000001,0
0.3,2000.0,0.0,0.0,0.0,45.7,357.1,804.5,939.0,True,False,False,False,False,False,True,True,False,2,0,0,0.0,45.7,0.0,357.1,0.0,804.5,0.0,939.0,0.0,0.0,0.0,0.3,0.0,0.0,0.0,355,647220.25,0.0,0.09,0.0,241.35,0
0.2,0.0,0.0,0.0,0.0,44.6,2.2,1023.4,1331.4,True,False,True,False,False,False,False,False,True,2,0,1,0.0,44.6,0.0,2.2,0.0,1023.4,0.0,1331.4,0.0,0.0,0.0,0.2,0.0,0.0,0.0,354,1047347.5599999999,0.0,0.04000000000000001,0.0,204.68,0
0.3,950.0,0.0,0.0,0.0,92.1,109.9,924.2,1142.3,True,False,False,False,False,False,True,True,False,1,0,0,0.0,92.1,0.0,109.9,0.0,924.2,0.0,1142.3,0.0,0.0,0.0,0.3,0.0,0.0,0.0,361,854145.6400000001,0.0,0.09,0.0,277.26,0
0.2,800.0,0.0,0.0,0.0,6.0,41.3,908.6,1142.3,True,False,False,False,False,False,True,False,True,1,0,0,0.0,6.0,0.0,41.3,0.0,908.6,0.0,1142.3,0.0,0.0,0.0,0.2,0.0,0.0,0.0,347,825553.9600000001,0.0,0.04000000000000001,0.0,181.72000000000003,0
0.7,0.0,0.0,0.0,0.0,117.0,18.4,776.9,900.1,True,False,False,False,False,True,False,True,False,1,0,0,0.0,117.0,0.0,18.4,0.0,776.9,0.0,900.1,0.0,0.0,0.0,0.7,0.0,0.0,0.0,339,603573.61,0.0,0.48999999999999994,0.0,543.8299999999999,1
0.2,0.0,0.0,0.0,0.0,36.8,139.2,973.2,1331.4,False,True,True,False,False,False,False,False,True,0,0,1,36.8,0.0,139.2,0.0,973.2,0.0,1331.4,0.0,0.0,0.0,0.2,0.0,0.0,0.0,0.0,342,947118.2400000001,0.0,0.04000000000000001,0.0,194.64000000000001,0
4.2,0.0,0.0,0.0,0.0,167.6,41.4,931.0,1062.2,True,False,True,False,False,False,False,False,True,2,0,1,0.0,167.6,0.0,41.4,0.0,931.0,0.0,1062.2,0.0,0.0,0.0,4.2,0.0,0.0,0.0,359,866761.0,0.0,17.64,0.0,3910.2000000000003,0
13.5,2083.3,74.1,111.1,46.307,13.2,132.4,1132.7,1288.7,False,True,True,False,False,False,False,False,True,0,1,1,13.2,0.0,132.4,0.0,1132.7,0.0,1288.7,0.0,46.307,0.0,13.5,0.0,0.6249173425459845,0.022227704973981192,111.1,346,1283009.29,2144.3382490000004,182.25,52451.9389,15291.45,0
10.8,0.0,60.1,46.2,32.728,154.0,53.8,978.6,1062.2,True,False,True,False,False,False,False,True,False,2,1,0,0.0,154.0,0.0,53.8,0.0,978.6,0.0,1062.2,0.0,32.728,0.0,10.8,0.5445500074873962,32728.0,46.2,356,957657.9600000001,1071.121984,116.64000000000001,32027.6208,10568.880000000001,0
0.2,0.0,0.0,0.0,0.0,104.2,12.8,1056.8,1105.0,True,False,True,False,False,False,False,False,True,2,0,0,0.0,104.2,0.0,12.8,0.0,1056.8,0.0,1105.0,0.0,0.0,0.0,0.2,0.0,0.0,0.0,331,1116826.24,0.0,0.04000000000000001,0.0,211.36,0
17.0,4166.7,41.2,147.1,35.133,66.6,294.1,1245.5,1331.2,True,False,False,False,False,False,True,True,False,1,0,0,0.0,66.6,0.0,294.1,0.0,1245.5,0.0,1331.2,0.0,35.133,0.0,17.0,0.8527220213101624,0.008431850521551702,147.1,2,1551270.25,1234.3276890000002,289.0,43758.1515,21173.5,0
0.0,0.0,0.0,0.0,0.0,10.0,325.8,944.4,1331.4,True,False,True,False,False,False,False,False,True,1,0,1,0.0,10.0,0.0,325.8,0.0,944.4,0.0,1331.4,0.0,0.0,0.0,0.0,0.0,0.0,0.0,336,891891.36,0.0,0.0,0.0,0.0,0
10.0,0.0,0.0,0.0,0.0,168.0,30.6,757.7,806.1,True,False,False,False,True,False,False,False,True,1,1,1,0.0,168.0,0.0,30.6,0.0,757.7,0.0,806.1,0.0,0.0,0.0,10.0,0.0,0.0,0.0,357,574109.29,0.0,100.0,0.0,7577.0,1
0.2,0.0,0.0,0.0,0.0,32.3,112.5,946.0,1089.9,True,False,False,True,False,False,False,False,True,1,0,0,0.0,32.3,0.0,112.5,0.0,946.0,0.0,1089.9,0.0,0.0,0.0,0.2,0.0,0.0,0.0,348,894916.0,0.0,0.04000000000000001,0.0,189.20000000000002,0
8.4,4761.9,0.0,0.0,0.0,162.6,45.0,870.8,1062.2,True,False,True,False,False,False,False,False,True,3,1,1,0.0,162.6,0.0,45.0,0.0,870.8,0.0,1062.2,0.0,0.0,0.0,8.4,0.0,0.0,0.0,363,758292.6399999999,0.0,70.56,0.0,7314.72,0
7.0,4285.7,0.0,0.0,0.0,169.0,40.6,926.6,1062.2,False,True,True,False,False,False,False,False,True,0,0,0,169.0,0.0,40.6,0.0,926.6,0.0,1062.2,0.0,0.0,0.0,7.0,0.0,0.0,0.0,0.0,362,858587.56,0.0,49.0,0.0,6486.2,0
0.0,0.0,0.0,0.0,0.0,90.0,34.4,928.6,1105.0,False,True,True,False,False,False,False,False,True,0,0,0,90.0,0.0,34.4,0.0,928.6,0.0,1105.0,0.0,0.0,0.0,0.0,0.0,0.0,0.0,0.0,345,862297.9600000001,0.0,0.0,0.0,0.0,0
0.1,400.0,5.0,0.0,2.3,33.8,93.6,706.5,1142.3,True,False,False,False,False,False,True,True,False,4,0,0,0.0,33.8,0.0,93.6,0.0,706.5,0.0,1142.3,0.0,2.3,0.0,0.1,0.4599080183963207,0.005749985625035937,0.0,327,499142.25,5.289999999999999,0.010000000000000002,1624.9499999999998,70.65,1
0.2,0.0,0.0,0.0,0.0,20.5,133.9,929.1,1089.9,False,True,False,True,False,False,False,False,True,0,0,0,20.5,0.0,133.9,0.0,929.1,0.0,1089.9,0.0,0.0,0.0,0.2,0.0,0.0,0.0,0.0,352,863226.81,0.0,0.04000000000000001,0.0,185.82000000000002,0
21.0,3571.4,47.6,238.1,48.087,43.4,119.0,1132.1,1288.7,True,False,True,False,False,False,False,False,True,1,0,0,0.0,43.4,0.0,119.0,0.0,1132.1,0.0,1288.7,0.0,48.087,0.0,21.0,1.010209869540556,0.01346446394566166,238.1,352,1281650.4099999997,2312.359569,441.0,54439.2927,23774.1,0
0.4,0.0,0.0,0.0,0.0,92.1,109.9,841.2,1142.3,False,True,False,False,False,False,True,False,True,0,0,0,92.1,0.0,109.9,0.0,841.2,0.0,1142.3,0.0,0.0,0.0,0.4,0.0,0.0,0.0,0.0,362,707617.4400000001,0.0,0.16000000000000003,0.0,336.48,0
0.1,0.0,0.0,0.0,0.0,69.4,97.8,928.6,1105.0,False,True,True,False,False,False,False,False,True,0,0,0,69.4,0.0,97.8,0.0,928.6,0.0,1105.0,0.0,0.0,0.0,0.1,0.0,0.0,0.0,0.0,346,862297.9600000001,0.0,0.010000000000000002,0.0,92.86000000000001,0
6.0,5333.3,41.7,0.0,19.182,28.4,148.2,1137.1,1288.7,False,True,True,False,False,False,False,False,True,0,0,0,28.4,0.0,148.2,0.0,1137.1,0.0,1288.7,0.0,19.182,0.0,6.0,0.0,0.45998896908947023,0.0035966468046712526,0.0,343,1292996.4099999997,367.9491239999999,36.0,21811.852199999998,6822.599999999999,0
0.2,0.0,0.0,0.0,0.0,208.1,63.5,760.0,1089.9,False,True,False,True,False,False,False,False,True,0,0,0,208.1,0.0,63.5,0.0,760.0,0.0,1089.9,0.0,0.0,0.0,0.2,0.0,0.0,0.0,0.0,8,577600.0,0.0,0.04000000000000001,0.0,152.0,1
10.0,0.0,30.0,0.0,13.8,226.2,5.4,825.0,1062.2,False,True,True,False,False,False,False,False,True,0,0,1,226.2,0.0,5.4,0.0,825.0,0.0,1062.2,0.0,13.8,0.0,10.0,0.0,0.45998466717776076,13800.0,0.0,4,680625.0,190.44000000000003,100.0,11385.0,8250.0,0
0.1,0.0,0.0,0.0,0.0,35.8,225.4,957.0,1331.4,True,False,True,False,False,False,False,False,True,2,0,1,0.0,35.8,0.0,225.4,0.0,957.0,0.0,1331.4,0.0,0.0,0.0,0.1,0.0,0.0,0.0,341,915849.0,0.0,0.010000000000000002,0.0,95.7,0
30.0,3125.0,33.3,133.3,29.981,63.7,103.5,1263.0,1331.2,True,False,False,False,False,False,True,True,False,1,0,0,0.0,63.7,0.0,103.5,0.0,1263.0,0.0,1331.2,0.0,29.981,0.0,30.0,0.9003032941953697,0.009593916929946582,133.3,360,1595169.0,898.8603610000001,900.0,37866.003000000004,37890.0,0
0.2,0.0,0.0,0.0,0.0,43.0,342.2,987.0,1331.4,False,True,True,False,False,False,False,False,True,0,0,0,43.0,0.0,342.2,0.0,987.0,0.0,1331.4,0.0,0.0,0.0,0.2,0.0,0.0,0.0,0.0,307,974169.0,0.0,0.04000000000000001,0.0,197.4,0
0.1,0.0,0.0,0.0,0.0,104.2,304.0,894.0,1105.0,True,False,True,False,False,False,False,False,True,3,1,0,0.0,104.2,0.0,304.0,0.0,894.0,0.0,1105.0,0.0,0.0,0.0,0.1,0.0,0.0,0.0,364,799236.0,0.0,0.010000000000000002,0.0,89.4,0
0.1,200.0,0.0,0.0,0.0,112.1,38.2,785.3,1227.0,True,False,False,True,False,False,False,False,True,2,0,1,0.0,112.1,0.0,38.2,0.0,785.3,0.0,1227.0,0.0,0.0,0.0,0.1,0.0,0.0,0.0,325,616696.09,0.0,0.010000000000000002,0.0,78.53,1
0.2,0.0,0.0,0.0,0.0,79.6,34.5,883.5,939.0,True,False,False,False,False,False,True,True,False,2,0,0,0.0,79.6,0.0,34.5,0.0,883.5,0.0,939.0,0.0,0.0,0.0,0.2,0.0,0.0,0.0,336,780572.25,0.0,0.04000000000000001,0.0,176.70000000000002,0
0.2,0.0,0.0,0.0,0.0,86.0,67.3,956.4,1089.9,False,True,False,True,False,False,False,False,True,0,0,0,86.0,0.0,67.3,0.0,956.4,0.0,1089.9,0.0,0.0,0.0,0.2,0.0,0.0,0.0,0.0,343,914700.96,0.0,0.04000000000000001,0.0,191.28,0
25.0,3000.0,0.0,0.0,0.0,129.9,14.0,616.5,806.1,False,True,False,False,True,False,False,False,True,0,1,0,129.9,0.0,14.0,0.0,616.5,0.0,806.1,0.0,0.0,0.0,25.0,0.0,0.0,0.0,0.0,2,380072.25,0.0,625.0,0.0,15412.5,1
0.1,0.0,0.0,0.0,0.0,37.3,286.0,804.5,939.0,True,False,False,False,False,False,True,True,False,1,0,0,0.0,37.3,0.0,286.0,0.0,804.5,0.0,939.0,0.0,0.0,0.0,0.1,0.0,0.0,0.0,353,647220.25,0.0,0.010000000000000002,0.0,80.45,0
3.0,4166.7,0.0,0.0,0.0,45.4,30.1,1131.1,1288.7,True,False,True,False,False,False,False,False,True,1,0,0,0.0,45.4,0.0,30.1,0.0,1131.1,0.0,1288.7,0.0,0.0,0.0,3.0,0.0,0.0,0.0,358,1279387.2099999997,0.0,9.0,0.0,3393.2999999999997,0
0.2,0.0,0.0,0.0,0.0,21.2,342.4,931.2,1331.4,False,True,True,False,False,False,False,False,True,0,0,0,21.2,0.0,342.4,0.0,931.2,0.0,1331.4,0.0,0.0,0.0,0.2,0.0,0.0,0.0,0.0,331,867133.4400000001,0.0,0.04000000000000001,0.0,186.24,0
0.1,0.0,0.0,0.0,0.0,13.0,323.7,929.1,1089.9,False,True,False,True,False,False,False,False,True,0,0,0,13.0,0.0,323.7,0.0,929.1,0.0,1089.9,0.0,0.0,0.0,0.1,0.0,0.0,0.0,0.0,356,863226.81,0.0,0.010000000000000002,0.0,92.91000000000001,0
0.2,0.0,0.0,0.0,0.0,136.6,2.4,956.2,1105.0,False,True,True,False,False,False,False,False,True,0,0,0,136.6,0.0,2.4,0.0,956.2,0.0,1105.0,0.0,0.0,0.0,0.2,0.0,0.0,0.0,0.0,341,914318.4400000001,0.0,0.04000000000000001,0.0,191.24,0
0.4,0.0,0.0,0.0,0.0,24.7,55.8,910.6,1142.3,False,True,False,False,False,False,True,False,True,0,0,0,24.7,0.0,55.8,0.0,910.6,0.0,1142.3,0.0,0.0,0.0,0.4,0.0,0.0,0.0,0.0,343,829192.36,0.0,0.16000000000000003,0.0,364.24,0
0.2,0.0,0.0,0.0,0.0,104.4,21.0,914.6,1331.4,False,True,True,False,False,False,False,False,True,0,0,0,104.4,0.0,21.0,0.0,914.6,0.0,1331.4,0.0,0.0,0.0,0.2,0.0,0.0,0.0,0.0,323,836493.16,0.0,0.04000000000000001,0.0,182.92000000000002,0
12.0,416.7,65.0,41.7,34.487,47.9,0.0,615.0,806.1,False,True,False,False,True,False,False,False,True,0,1,1,47.9,0.0,0.0,0.0,615.0,0.0,806.1,0.0,34.487,0.0,12.0,0.0,0.530561068291257,0.08276198041281399,41.7,8,378225.0,1189.3531690000002,144.0,21209.505,7380.0,1
5.0,2500.0,80.0,275.0,67.05,28.4,146.4,1144.9,1288.7,False,True,True,False,False,False,False,False,True,0,1,0,28.4,0.0,146.4,0.0,1144.9,0.0,1288.7,0.0,67.05,0.0,5.0,0.0,0.8381145235684553,0.02681998927200429,275.0,342,1310796.0100000002,4495.702499999999,25.0,76765.545,5724.5,0
0.1,0.0,0.0,0.0,0.0,83.1,67.4,956.7,1089.9,True,False,False,True,False,False,False,False,True,1,1,1,0.0,83.1,0.0,67.4,0.0,956.7,0.0,1089.9,0.0,0.0,0.0,0.1,0.0,0.0,0.0,342,915274.8900000001,0.0,0.010000000000000002,0.0,95.67000000000002,0
0.5,0.0,0.0,0.0,0.0,44.2,207.8,834.0,939.0,True,False,False,False,False,False,True,True,False,2,0,0,0.0,44.2,0.0,207.8,0.0,834.0,0.0,939.0,0.0,0.0,0.0,0.5,0.0,0.0,0.0,348,695556.0,0.0,0.25,0.0,417.0,0
0.2,0.0,0.0,0.0,0.0,45.5,97.6,946.0,1089.9,False,True,False,True,False,False,False,False,True,0,0,0,45.5,0.0,97.6,0.0,946.0,0.0,1089.9,0.0,0.0,0.0,0.2,0.0,0.0,0.0,0.0,347,894916.0,0.0,0.04000000000000001,0.0,189.20000000000002,0
13.6,4779.4,36.8,73.5,25.013,118.0,54.3,789.0,875.4,True,False,False,False,False,False,True,True,False,2,0,0,0.0,118.0,0.0,54.3,0.0,789.0,0.0,875.4,0.0,25.013,0.0,13.6,0.6796826173201816,0.005233501018223832,73.5,357,622521.0,625.6501690000001,184.95999999999998,19735.257,10730.4,1
0.3,1250.0,0.0,0.0,0.0,96.1,3.1,933.3,1142.3,False,True,False,False,False,False,True,False,True,0,0,0,96.1,0.0,3.1,0.0,933.3,0.0,1142.3,0.0,0.0,0.0,0.3,0.0,0.0,0.0,0.0,354,871048.8899999999,0.0,0.09,0.0,279.98999999999995,0
10.0,2500.0,80.0,140.0,52.2,44.0,182.2,1020.8,1062.2,False,True,True,False,False,False,False,False,True,0,0,1,44.0,0.0,182.2,0.0,1020.8,0.0,1062.2,0.0,52.2,0.0,10.0,0.0,0.6524918438519518,0.02087999164800334,140.0,348,1042032.6399999999,2724.84,100.0,53285.76,10208.0,0
0.2,200.0,0.0,0.0,0.0,94.6,304.0,699.4,1164.1,False,True,False,False,True,False,False,False,True,0,0,0,94.6,0.0,304.0,0.0,699.4,0.0,1164.1,0.0,0.0,0.0,0.2,0.0,0.0,0.0,0.0,316,489160.36,0.0,0.04000000000000001,0.0,139.88,1
22.0,0.0,0.0,68.2,7.502,44.7,6.0,1307.7,1331.2,False,True,False,False,False,False,True,True,False,0,0,0,44.7,0.0,6.0,0.0,1307.7,0.0,1331.2,0.0,7.502,0.0,22.0,0.0,7502.0,7502.0,68.2,354,1710079.29,56.280004,484.0,9810.3654,28769.4,0
5.0,2083.3,0.0,0.0,0.0,13.2,122.0,1132.3,1288.7,True,False,True,False,False,False,False,False,True,1,0,0,0.0,13.2,0.0,122.0,0.0,1132.3,0.0,1288.7,0.0,0.0,0.0,5.0,0.0,0.0,0.0,349,1282103.2899999998,0.0,25.0,0.0,5661.5,0
0.2,0.0,0.0,0.0,0.0,6.0,41.3,908.6,1142.3,False,True,False,False,False,False,True,False,True,0,0,0,6.0,0.0,41.3,0.0,908.6,0.0,1142.3,0.0,0.0,0.0,0.2,0.0,0.0,0.0,0.0,346,825553.9600000001,0.0,0.04000000000000001,0.0,181.72000000000003,0
13.0,0.0,0.0,46.2,5.082,228.6,8.6,825.0,1062.2,True,False,True,False,False,False,False,False,True,1,1,1,0.0,228.6,0.0,8.6,0.0,825.0,0.0,1062.2,0.0,5.082,0.0,13.0,5082.0,5082.0,46.2,2,680625.0,25.826724,169.0,4192.65,10725.0,0
0.3,0.0,20.0,0.0,9.2,23.4,22.8,846.1,1227.0,False,True,False,True,False,False,False,False,True,0,0,0,23.4,0.0,22.8,0.0,846.1,0.0,1227.0,0.0,9.2,0.0,0.3,0.0,0.45997700114994244,9200.0,0.0,345,715885.2100000001,84.63999999999999,0.09,7784.12,253.82999999999998,0
20.0,4166.7,30.0,30.0,17.1,0.0,351.9,1288.6,1331.2,False,True,False,False,False,False,True,True,False,0,0,0,0.0,0.0,351.9,0.0,1288.6,0.0,1331.2,0.0,17.1,0.0,20.0,0.0,0.5699810006333123,0.00410396618331865,30.0,323,1660489.9599999997,292.41,400.0,22035.06,25772.0,0
15.0,0.0,66.7,0.0,30.682,171.7,30.6,718.2,806.1,True,False,False,False,True,False,False,False,True,1,1,1,0.0,171.7,0.0,30.6,0.0,718.2,0.0,806.1,0.0,30.682,0.0,15.0,0.45999310355167083,30681.999999999996,0.0,361,515811.24000000005,941.3851239999999,225.0,22035.8124,10773.0,1
0.1,0.0,0.0,0.0,0.0,97.1,244.9,731.8,900.1,True,False,False,False,False,True,False,True,False,1,0,0,0.0,97.1,0.0,244.9,0.0,731.8,0.0,900.1,0.0,0.0,0.0,0.1,0.0,0.0,0.0,362,535531.24,0.0,0.010000000000000002,0.0,73.17999999999999,1
38.0,1666.7,65.8,150.0,46.768,62.2,15.4,1299.9,1331.2,False,True,False,False,False,False,True,True,False,0,0,0,62.2,0.0,15.4,0.0,1299.9,0.0,1331.2,0.0,46.768,0.0,38.0,0.0,0.7107490767617514,0.028060221959427634,150.0,359,1689740.0100000002,2187.245824,1444.0,60793.72320000001,49396.200000000004,0
0.3,0.0,0.0,0.0,0.0,30.8,90.0,933.9,1089.9,True,False,False,True,False,False,False,False,True,1,0,0,0.0,30.8,0.0,90.0,0.0,933.9,0.0,1089.9,0.0,0.0,0.0,0.3,0.0,0.0,0.0,350,872169.21,0.0,0.09,0.0,280.16999999999996,0
0.1,0.0,0.0,0.0,0.0,36.8,312.2,895.8,1105.0,False,True,True,False,False,False,False,False,True,0,0,0,36.8,0.0,312.2,0.0,895.8,0.0,1105.0,0.0,0.0,0.0,0.1,0.0,0.0,0.0,0.0,353,802457.6399999999,0.0,0.010000000000000002,0.0,89.58,0
7.8,1410.3,38.5,0.0,17.71,168.0,30.6,757.7,806.1,True,False,False,False,True,False,False,False,True,1,1,1,0.0,168.0,0.0,30.6,0.0,757.7,0.0,806.1,0.0,17.71,0.0,7.8,0.45998805225838296,0.012557602951426683,0.0,357,574109.29,313.64410000000004,60.839999999999996,13418.867000000002,5910.06,1
9.7,2061.9,0.0,92.8,10.208,169.0,40.6,926.6,1062.2,False,True,True,False,False,False,False,False,True,0,0,0,169.0,0.0,40.6,0.0,926.6,0.0,1062.2,0.0,10.208,0.0,9.7,0.0,10208.0,0.004950771157296106,92.8,362,858587.56,104.203264,94.08999999999999,9458.7328,8988.02,0
0.1,5000.0,0.0,0.0,0.0,37.3,286.0,804.5,939.0,True,False,False,False,False,False,True,False,True,4,0,0,0.0,37.3,0.0,286.0,0.0,804.5,0.0,939.0,0.0,0.0,0.0,0.1,0.0,0.0,0.0,353,647220.25,0.0,0.010000000000000002,0.0,80.45,0
0.1,600.0,0.0,0.0,0.0,78.0,15.4,1023.4,1331.4,True,False,True,False,False,False,False,False,True,2,0,1,0.0,78.0,0.0,15.4,0.0,1023.4,0.0,1331.4,0.0,0.0,0.0,0.1,0.0,0.0,0.0,350,1047347.5599999999,0.0,0.010000000000000002,0.0,102.34,0
24.0,2083.3,62.5,104.2,40.212,117.7,33.3,692.8,844.8,False,True,False,True,False,False,False,False,True,0,0,0,117.7,0.0,33.3,0.0,692.8,0.0,844.8,0.0,40.212,0.0,24.0,0.0,0.6433817058927058,0.01930205956796449,104.2,363,479971.8399999999,1617.0049440000003,576.0,27858.8736,16627.199999999997,1
20.0,0.0,30.0,125.0,27.55,44.7,6.0,1307.7,1331.2,False,True,False,False,False,False,True,True,False,0,0,0,44.7,0.0,6.0,0.0,1307.7,0.0,1331.2,0.0,27.55,0.0,20.0,0.0,0.9183027232425586,27550.0,125.0,354,1710079.29,759.0025,400.0,36027.135,26154.0,0
0.2,0.0,0.0,0.0,0.0,32.8,199.9,807.0,939.0,True,False,False,False,False,False,True,False,True,1,0,0,0.0,32.8,0.0,199.9,0.0,807.0,0.0,939.0,0.0,0.0,0.0,0.2,0.0,0.0,0.0,349,651249.0,0.0,0.04000000000000001,0.0,161.4,0
18.5,2432.4,108.1,0.0,49.726,109.8,52.5,755.0,875.4,False,True,False,False,False,False,True,True,False,0,0,0,109.8,0.0,52.5,0.0,755.0,0.0,875.4,0.0,49.726,0.0,18.5,0.0,0.45999574472021537,0.020443175282365035,0.0,362,570025.0,2472.675076,342.25,37543.13,13967.5,1
0.2,0.0,0.0,0.0,0.0,20.4,202.7,929.1,1089.9,True,False,False,True,False,False,False,False,True,2,0,0,0.0,20.4,0.0,202.7,0.0,929.1,0.0,1089.9,0.0,0.0,0.0,0.2,0.0,0.0,0.0,354,863226.81,0.0,0.04000000000000001,0.0,185.82000000000002,0
0.6,0.0,0.0,0.0,0.0,86.0,67.3,956.4,1089.9,False,True,False,True,False,False,False,False,True,0,0,0,86.0,0.0,67.3,0.0,956.4,0.0,1089.9,0.0,0.0,0.0,0.6,0.0,0.0,0.0,0.0,343,914700.96,0.0,0.36,0.0,573.8399999999999,0
0.3,0.0,0.0,0.0,0.0,96.1,3.1,933.3,1142.3,False,True,False,False,False,False,True,False,True,0,0,0,96.1,0.0,3.1,0.0,933.3,0.0,1142.3,0.0,0.0,0.0,0.3,0.0,0.0,0.0,0.0,354,871048.8899999999,0.0,0.09,0.0,279.98999999999995,0
0.2,0.0,0.0,0.0,0.0,9.6,95.1,865.2,939.0,True,False,False,False,False,False,True,True,False,1,0,0,0.0,9.6,0.0,95.1,0.0,865.2,0.0,939.0,0.0,0.0,0.0,0.2,0.0,0.0,0.0,321,748571.04,0.0,0.04000000000000001,0.0,173.04000000000002,0
0.2,520.0,10.0,0.0,4.6,100.4,138.4,841.2,1142.3,False,True,False,False,False,False,True,True,False,0,0,0,100.4,0.0,138.4,0.0,841.2,0.0,1142.3,0.0,4.6,0.0,0.2,0.0,0.45995400459954006,0.008846136834352241,0.0,363,707617.4400000001,21.159999999999997,0.04000000000000001,3869.52,168.24,0
25.0,3333.3,0.0,120.0,13.2,66.6,294.1,1245.5,1331.2,True,False,False,False,False,False,True,False,True,1,0,0,0.0,66.6,0.0,294.1,0.0,1245.5,0.0,1331.2,0.0,13.2,0.0,25.0,13199.999999999998,0.0039600384123725995,120.0,2,1551270.25,174.23999999999998,625.0,16440.6,31137.5,0
10.0,3571.4,80.0,0.0,36.8,34.0,146.5,947.9,1108.4,False,True,False,False,True,False,False,False,True,0,0,0,34.0,0.0,146.5,0.0,947.9,0.0,1108.4,0.0,36.8,0.0,10.0,0.0,0.45999425007187406,0.010304079547494105,0.0,340,898514.4099999999,1354.2399999999998,100.0,34882.719999999994,9479.0,0
0.1,400.0,0.0,0.0,0.0,33.8,93.6,706.5,1142.3,True,False,False,False,False,False,True,True,False,1,0,0,0.0,33.8,0.0,93.6,0.0,706.5,0.0,1142.3,0.0,0.0,0.0,0.1,0.0,0.0,0.0,327,499142.25,0.0,0.010000000000000002,0.0,70.65,1
0.1,0.0,0.0,0.0,0.0,104.4,21.0,914.6,1331.4,False,True,True,False,False,False,False,False,True,0,0,0,104.4,0.0,21.0,0.0,914.6,0.0,1331.4,0.0,0.0,0.0,0.1,0.0,0.0,0.0,0.0,323,836493.16,0.0,0.010000000000000002,0.0,91.46000000000001,0
13.0,3846.2,0.0,0.0,0.0,14.7,245.5,1212.7,1320.5,False,True,False,True,False,False,False,False,True,0,0,0,14.7,0.0,245.5,0.0,1212.7,0.0,1320.5,0.0,0.0,0.0,13.0,0.0,0.0,0.0,0.0,339,1470641.29,0.0,169.0,0.0,15765.1,0
10.0,3000.0,0.0,0.0,0.0,146.4,44.0,868.8,1062.2,False,True,True,False,False,False,False,False,True,0,0,0,146.4,0.0,44.0,0.0,868.8,0.0,1062.2,0.0,0.0,0.0,10.0,0.0,0.0,0.0,0.0,364,754813.44,0.0,100.0,0.0,8688.0,0
0.6,750.0,25.0,0.0,11.5,24.8,52.3,863.2,1227.0,True,False,False,True,False,False,False,False,True,1,0,0,0.0,24.8,0.0,52.3,0.0,863.2,0.0,1227.0,0.0,11.5,0.0,0.6,0.45998160073597055,0.015333312888916149,0.0,343,745114.2400000001,132.25,0.36,9926.800000000001,517.92,0
0.1,0.0,0.0,0.0,0.0,79.6,34.5,883.5,939.0,True,False,False,False,False,False,True,True,False,2,0,0,0.0,79.6,0.0,34.5,0.0,883.5,0.0,939.0,0.0,0.0,0.0,0.1,0.0,0.0,0.0,336,780572.25,0.0,0.010000000000000002,0.0,88.35000000000001,0
6.0,0.0,0.0,0.0,0.0,91.6,71.4,1021.0,1062.2,True,False,True,False,False,False,False,False,True,1,0,0,0.0,91.6,0.0,71.4,0.0,1021.0,0.0,1062.2,0.0,0.0,0.0,6.0,0.0,0.0,0.0,351,1042441.0,0.0,36.0,0.0,6126.0,0
66.6,2627.6,0.0,0.0,0.0,81.5,82.0,824.0,875.4,True,False,False,False,False,False,True,True,False,1,0,0,0.0,81.5,0.0,82.0,0.0,824.0,0.0,875.4,0.0,0.0,0.0,66.6,0.0,0.0,0.0,354,678976.0,0.0,4435.5599999999995,0.0,54878.399999999994,0
0.4,0.0,0.0,0.0,0.0,32.3,112.5,946.0,1089.9,False,True,False,True,False,False,False,False,True,0,0,0,32.3,0.0,112.5,0.0,946.0,0.0,1089.9,0.0,0.0,0.0,0.4,0.0,0.0,0.0,0.0,348,894916.0,0.0,0.16000000000000003,0.0,378.40000000000003,0
17.1,4166.7,0.0,0.0,0.0,75.4,215.7,1182.1,1320.5,False,True,False,True,False,False,False,False,True,0,0,0,75.4,0.0,215.7,0.0,1182.1,0.0,1320.5,0.0,0.0,0.0,17.1,0.0,0.0,0.0,0.0,330,1397360.4099999997,0.0,292.41,0.0,20213.91,0
0.0,0.0,0.0,0.0,0.0,17.6,129.8,1031.2,1105.0,True,False,True,False,False,False,False,False,True,3,0,0,0.0,17.6,0.0,129.8,0.0,1031.2,0.0,1105.0,0.0,0.0,0.0,0.0,0.0,0.0,0.0,321,1063373.4400000002,0.0,0.0,0.0,0.0,0
0.2,0.0,0.0,0.0,0.0,20.4,318.6,929.1,1089.9,False,True,False,True,False,False,False,False,True,0,0,0,20.4,0.0,318.6,0.0,929.1,0.0,1089.9,0.0,0.0,0.0,0.2,0.0,0.0,0.0,0.0,355,863226.81,0.0,0.04000000000000001,0.0,185.82000000000002,0
0.3,0.0,0.0,0.0,0.0,30.2,66.6,736.7,900.1,True,False,False,False,False,True,False,False,True,1,0,0,0.0,30.2,0.0,66.6,0.0,736.7,0.0,900.1,0.0,0.0,0.0,0.3,0.0,0.0,0.0,350,542726.89,0.0,0.09,0.0,221.01000000000002,1
3.5,7142.9,85.7,30.0,42.722,109.8,52.5,755.0,875.4,False,True,False,False,False,False,True,True,False,0,0,0,109.8,0.0,52.5,0.0,755.0,0.0,875.4,0.0,42.722,0.0,3.5,0.0,0.4985006009264769,0.0059810432763942835,30.0,362,570025.0,1825.169284,12.25,32255.11,2642.5,1
40.0,0.0,62.5,125.0,42.5,171.7,30.6,718.2,806.1,True,False,False,False,True,False,False,False,True,2,1,1,0.0,171.7,0.0,30.6,0.0,718.2,0.0,806.1,0.0,42.5,0.0,40.0,0.6799891201740772,42500.0,125.0,362,515811.24000000005,1806.25,1600.0,30523.500000000004,28728.0,1
0.2,0.0,0.0,0.0,0.0,10.0,325.8,944.4,1331.4,False,True,True,False,False,False,False,False,True,0,0,0,10.0,0.0,325.8,0.0,944.4,0.0,1331.4,0.0,0.0,0.0,0.2,0.0,0.0,0.0,0.0,336,891891.36,0.0,0.04000000000000001,0.0,188.88,0
0.3,0.0,0.0,0.0,0.0,117.0,18.4,776.9,900.1,True,False,False,False,False,True,False,True,False,4,1,0,0.0,117.0,0.0,18.4,0.0,776.9,0.0,900.1,0.0,0.0,0.0,0.3,0.0,0.0,0.0,338,603573.61,0.0,0.09,0.0,233.07,1
23.6,4244.5,99.7,51.0,51.472,65.6,0.0,688.5,875.4,True,False,False,False,False,False,True,True,False,1,0,0,0.0,65.6,0.0,0.0,0.0,688.5,0.0,875.4,0.0,51.472,0.0,23.6,0.5162636282484628,0.012126749410590314,51.0,21,474032.25,2649.3667840000003,556.96,35438.472,16248.6,1
11.0,3333.3,63.6,145.5,45.261,17.8,88.8,1307.7,1331.2,False,True,False,False,False,False,True,False,True,0,0,0,17.8,0.0,88.8,0.0,1307.7,0.0,1331.2,0.0,45.261,0.0,11.0,0.0,0.7116397540919168,0.013578431710787594,145.5,349,1710079.29,2048.558121,121.0,59187.809700000005,14384.7,0
10.0,3000.0,0.0,150.0,16.5,162.6,45.0,870.8,1062.2,False,True,True,False,False,False,False,False,True,0,0,0,162.6,0.0,45.0,0.0,870.8,0.0,1062.2,0.0,16.5,0.0,10.0,0.0,16500.0,0.005499998166667277,150.0,363,758292.6399999999,272.25,100.0,14368.199999999999,8708.0,0
0.1,0.0,0.0,0.0,0.0,42.5,118.0,710.3,801.7,True,False,False,False,True,False,False,False,True,1,0,0,0.0,42.5,0.0,118.0,0.0,710.3,0.0,801.7,0.0,0.0,0.0,0.1,0.0,0.0,0.0,349,504526.0899999999,0.0,0.010000000000000002,0.0,71.03,1
50.0,3000.0,100.0,0.0,46.0,109.8,52.5,755.0,875.4,False,True,False,False,False,False,True,True,False,0,0,0,109.8,0.0,52.5,0.0,755.0,0.0,875.4,0.0,46.0,0.0,50.0,0.0,0.45999540004599954,0.015333328222223925,0.0,362,570025.0,2116.0,2500.0,34730.0,37750.0,1
0.5,1150.0,0.0,0.0,0.0,92.1,109.9,841.2,1142.3,False,True,False,False,False,False,True,True,False,0,0,0,92.1,0.0,109.9,0.0,841.2,0.0,1142.3,0.0,0.0,0.0,0.5,0.0,0.0,0.0,0.0,362,707617.4400000001,0.0,0.25,0.0,420.6,0
47.4,2532.7,50.7,50.7,28.899,45.6,15.1,713.4,875.4,False,True,False,False,False,False,True,True,False,0,0,0,45.6,0.0,15.1,0.0,713.4,0.0,875.4,0.0,28.899,0.0,47.4,0.0,0.5699887576181929,0.011410348082935964,50.7,6,508939.55999999994,835.1522010000001,2246.7599999999998,20616.5466,33815.159999999996,1
0.2,1000.0,0.0,0.0,0.0,70.1,169.2,769.6,1227.0,False,True,False,True,False,False,False,False,True,0,0,0,70.1,0.0,169.2,0.0,769.6,0.0,1227.0,0.0,0.0,0.0,0.2,0.0,0.0,0.0,0.0,333,592284.16,0.0,0.04000000000000001,0.0,153.92000000000002,1
13.0,0.0,50.0,76.9,31.459,198.2,43.4,934.2,1062.2,True,False,True,False,False,False,False,False,True,4,0,1,0.0,198.2,0.0,43.4,0.0,934.2,0.0,1062.2,0.0,31.459,0.0,13.0,0.629167416651667,31459.0,76.9,358,872729.6400000001,989.668681,169.0,29388.9978,12144.6,0
25.0,3500.0,100.0,150.0,62.5,45.4,25.9,1130.7,1288.7,False,True,True,False,False,False,False,True,False,0,0,0,45.4,0.0,25.9,0.0,1130.7,0.0,1288.7,0.0,62.5,0.0,25.0,0.0,0.6249937500624994,0.0178571377551035,150.0,359,1278482.49,3906.25,625.0,70668.75,28267.5,0
2.0,3921.6,49.0,73.5,30.625,226.2,5.4,825.0,1062.2,False,True,True,False,False,False,False,False,True,0,0,0,226.2,0.0,5.4,0.0,825.0,0.0,1062.2,0.0,30.625,0.0,2.0,0.0,0.6249872451582621,0.007809310534141541,73.5,3,680625.0,937.890625,4.0,25265.625,1650.0,0
0.1,0.0,0.0,0.0,0.0,49.8,72.6,981.4,1331.4,False,True,True,False,False,False,False,False,True,0,0,0,49.8,0.0,72.6,0.0,981.4,0.0,1331.4,0.0,0.0,0.0,0.1,0.0,0.0,0.0,0.0,364,963145.96,0.0,0.010000000000000002,0.0,98.14,0
0.1,0.0,0.0,5.0,0.55,95.2,283.6,960.2,1331.4,True,False,True,False,False,False,False,False,True,2,0,1,0.0,95.2,0.0,283.6,0.0,960.2,0.0,1331.4,0.0,0.55,0.0,0.1,550.0,550.0,5.0,313,921984.04,0.30250000000000005,0.010000000000000002,528.11,96.02000000000001,0
13.0,4166.7,0.0,0.0,0.0,58.6,126.8,985.7,1288.7,False,True,True,False,False,False,False,False,True,0,0,0,58.6,0.0,126.8,0.0,985.7,0.0,1288.7,0.0,0.0,0.0,13.0,0.0,0.0,0.0,0.0,319,971604.4900000001,0.0,169.0,0.0,12814.1,0
12.9,2943.5,50.3,77.5,31.663,167.6,41.8,926.6,1062.2,True,False,True,False,False,False,False,False,True,4,0,0,0.0,167.6,0.0,41.8,0.0,926.6,0.0,1062.2,0.0,31.663,0.0,12.9,0.6294705870658636,0.01075691837712982,77.5,361,858587.56,1002.545569,166.41,29338.9358,11953.140000000001,0
20.0,3928.6,40.0,0.0,18.4,49.5,6.0,1307.7,1331.2,False,True,False,False,False,False,True,False,True,0,0,0,49.5,0.0,6.0,0.0,1307.7,0.0,1331.2,0.0,18.4,0.0,20.0,0.0,0.45998850028749283,0.0046836011088934705,0.0,353,1710079.29,338.55999999999995,400.0,24061.68,26154.0,0
0.1,350.0,0.0,0.0,0.0,135.0,162.6,906.4,1331.4,False,True,True,False,False,False,False,False,True,0,0,1,135.0,0.0,162.6,0.0,906.4,0.0,1331.4,0.0,0.0,0.0,0.1,0.0,0.0,0.0,0.0,317,821560.96,0.0,0.010000000000000002,0.0,90.64,0
0.1,0.0,0.0,0.0,0.0,164.6,102.0,813.8,1105.0,True,False,True,False,False,False,False,False,True,3,0,0,0.0,164.6,0.0,102.0,0.0,813.8,0.0,1105.0,0.0,0.0,0.0,0.1,0.0,0.0,0.0,6,662270.44,0.0,0.010000000000000002,0.0,81.38,0
0.1,0.0,0.0,0.0,0.0,32.3,112.5,946.0,1089.9,True,False,False,True,False,False,False,False,True,1,0,0,0.0,32.3,0.0,112.5,0.0,946.0,0.0,1089.9,0.0,0.0,0.0,0.1,0.0,0.0,0.0,348,894916.0,0.0,0.010000000000000002,0.0,94.60000000000001,0
0.2,1000.0,0.0,0.0,0.0,0.0,245.0,589.9,1142.3,True,False,False,False,False,False,True,False,True,1,0,0,0.0,0.0,0.0,245.0,0.0,589.9,0.0,1142.3,0.0,0.0,0.0,0.2,0.0,0.0,0.0,308,347982.00999999995,0.0,0.04000000000000001,0.0,117.98,1
112.0,1785.7,35.7,53.6,22.318,24.4,203.4,836.5,875.4,True,False,False,False,False,False,True,True,False,1,0,0,0.0,24.4,0.0,203.4,0.0,836.5,0.0,875.4,0.0,22.318,0.0,112.0,0.6251365507968965,0.012498172986407019,53.6,325,699732.25,498.09312400000005,12544.0,18669.007,93688.0,0
10.0,5200.0,0.0,0.0,0.0,70.0,49.4,788.2,806.1,True,False,False,False,True,False,False,False,True,2,1,1,0.0,70.0,0.0,49.4,0.0,788.2,0.0,806.1,0.0,0.0,0.0,10.0,0.0,0.0,0.0,355,621259.2400000001,0.0,100.0,0.0,7882.0,1
0.2,900.0,0.0,15.0,1.65,134.6,55.0,924.8,1331.4,False,True,True,False,False,False,False,False,True,0,0,0,134.6,0.0,55.0,0.0,924.8,0.0,1331.4,0.0,1.65,0.0,0.2,0.0,1649.9999999999998,0.0018333312962985596,15.0,321,855255.0399999999,2.7224999999999997,0.04000000000000001,1525.9199999999998,184.96,0
0.1,0.0,0.0,0.0,0.0,4.4,192.4,696.0,1105.0,True,False,True,False,False,False,False,False,True,3,0,0,0.0,4.4,0.0,192.4,0.0,696.0,0.0,1105.0,0.0,0.0,0.0,0.1,0.0,0.0,0.0,306,484416.0,0.0,0.010000000000000002,0.0,69.60000000000001,1
0.0,0.0,0.0,0.0,0.0,21.2,342.4,931.2,1331.4,True,False,True,False,False,False,False,False,True,1,0,0,0.0,21.2,0.0,342.4,0.0,931.2,0.0,1331.4,0.0,0.0,0.0,0.0,0.0,0.0,0.0,331,867133.4400000001,0.0,0.0,0.0,0.0,0
40.0,0.0,0.0,0.0,0.0,198.2,43.4,934.2,1062.2,False,True,True,False,False,False,False,False,True,0,0,0,198.2,0.0,43.4,0.0,934.2,0.0,1062.2,0.0,0.0,0.0,40.0,0.0,0.0,0.0,0.0,358,872729.6400000001,0.0,1600.0,0.0,37368.0,0
20.0,6250.0,110.0,125.0,64.35,109.8,52.5,770.5,875.4,False,True,False,False,False,False,True,False,True,0,0,1,109.8,0.0,52.5,0.0,770.5,0.0,875.4,0.0,64.35,0.0,20.0,0.0,0.5849946818665284,0.010295998352640263,125.0,360,593670.25,4140.9225,400.0,49581.674999999996,15410.0,1
1.0,0.0,0.0,0.0,0.0,68.2,239.7,802.0,939.0,True,False,False,False,False,False,True,True,False,1,0,0,0.0,68.2,0.0,239.7,0.0,802.0,0.0,939.0,0.0,0.0,0.0,1.0,0.0,0.0,0.0,362,643204.0,0.0,1.0,0.0,802.0,1
20.9,3342.9,47.8,71.6,29.864,91.6,71.4,1021.0,1062.2,True,False,True,False,False,False,False,False,True,4,0,1,0.0,91.6,0.0,71.4,0.0,1021.0,0.0,1062.2,0.0,29.864,0.0,20.9,0.6247568042509571,0.00893355800844835,71.6,351,1042441.0,891.8584960000001,436.80999999999995,30491.144,21338.899999999998,0
0.1,0.0,0.0,0.0,0.0,36.8,227.4,895.6,1105.0,True,False,True,False,False,False,False,False,True,3,0,0,0.0,36.8,0.0,227.4,0.0,895.6,0.0,1105.0,0.0,0.0,0.0,0.1,0.0,0.0,0.0,352,802099.36,0.0,0.010000000000000002,0.0,89.56,0
3.0,6000.0,0.0,0.0,0.0,112.1,38.2,785.3,1227.0,False,True,False,True,False,False,False,False,True,0,0,0,112.1,0.0,38.2,0.0,785.3,0.0,1227.0,0.0,0.0,0.0,3.0,0.0,0.0,0.0,0.0,325,616696.09,0.0,9.0,0.0,2355.8999999999996,1
13.4,3500.0,52.3,0.0,24.058,117.0,234.0,1171.3,1288.7,True,False,True,False,False,False,False,False,True,4,1,0,0.0,117.0,0.0,234.0,0.0,1171.3,0.0,1288.7,0.0,24.058,0.0,13.4,0.4599912047570793,0.006873712321796479,0.0,328,1371943.69,578.787364,179.56,28179.1354,15695.42,0
0.0,0.0,0.0,0.0,0.0,136.2,153.4,916.0,1331.4,True,False,True,False,False,False,False,False,True,3,0,0,0.0,136.2,0.0,153.4,0.0,916.0,0.0,1331.4,0.0,0.0,0.0,0.0,0.0,0.0,0.0,320,839056.0,0.0,0.0,0.0,0.0,0
0.4,0.0,0.0,0.0,0.0,11.5,21.3,933.3,1142.3,False,True,False,False,False,False,True,False,True,0,0,1,11.5,0.0,21.3,0.0,933.3,0.0,1142.3,0.0,0.0,0.0,0.4,0.0,0.0,0.0,0.0,352,871048.8899999999,0.0,0.16000000000000003,0.0,373.32,0
0.1,0.0,0.0,0.0,0.0,20.4,318.6,929.1,1089.9,False,True,False,True,False,False,False,False,True,0,0,0,20.4,0.0,318.6,0.0,929.1,0.0,1089.9,0.0,0.0,0.0,0.1,0.0,0.0,0.0,0.0,355,863226.81,0.0,0.010000000000000002,0.0,92.91000000000001,0
7.5,1666.7,66.7,40.0,35.082,100.6,261.5,1089.5,1288.7,False,True,True,False,False,False,False,False,True,0,1,0,100.6,0.0,261.5,0.0,1089.5,0.0,1288.7,0.0,35.082,0.0,7.5,0.0,0.5259591310475105,0.021048766395412255,40.0,363,1187010.25,1230.746724,56.25,38221.839,8171.25,0
0.3,0.0,0.0,0.0,0.0,20.4,164.9,929.1,1089.9,False,True,False,True,False,False,False,False,True,0,0,0,20.4,0.0,164.9,0.0,929.1,0.0,1089.9,0.0,0.0,0.0,0.3,0.0,0.0,0.0,0.0,353,863226.81,0.0,0.09,0.0,278.73,0
0.3,0.0,0.0,0.0,0.0,198.6,244.9,731.8,900.1,False,True,False,False,False,True,False,True,False,0,0,0,198.6,0.0,244.9,0.0,731.8,0.0,900.1,0.0,0.0,0.0,0.3,0.0,0.0,0.0,0.0,365,535531.24,0.0,0.09,0.0,219.54,1
10.6,5660.4,47.2,75.5,30.017,108.5,24.0,794.0,948.0,True,False,False,False,False,True,False,True,False,2,1,1,0.0,108.5,0.0,24.0,0.0,794.0,0.0,948.0,0.0,30.017,0.0,10.6,0.6359399165271922,0.005302981184548586,75.5,365,630436.0,901.0202889999999,112.36,23833.498,8416.4,1
0.1,700.0,0.0,7.5,0.825,79.2,133.0,932.6,1331.4,True,False,True,False,False,False,False,False,True,2,0,1,0.0,79.2,0.0,133.0,0.0,932.6,0.0,1331.4,0.0,0.825,0.0,0.1,824.9999999999999,0.0011785697449003645,7.5,326,869742.76,0.6806249999999999,0.010000000000000002,769.395,93.26,0
6.4,3894.1,62.3,93.5,38.943,24.4,259.3,836.5,875.4,True,False,False,False,False,False,True,True,False,2,0,0,0.0,24.4,0.0,259.3,0.0,836.5,0.0,875.4,0.0,38.943,0.0,6.4,0.6250782491452785,0.010000511029374944,93.5,327,699732.25,1516.5572489999997,40.96000000000001,32575.819499999998,5353.6,0
0.5,0.0,0.0,0.0,0.0,55.6,15.4,1024.6,1331.4,True,False,True,False,False,False,False,False,True,3,0,1,0.0,55.6,0.0,15.4,0.0,1024.6,0.0,1331.4,0.0,0.0,0.0,0.5,0.0,0.0,0.0,348,1049805.16,0.0,0.25,0.0,512.3,0
0.1,250.0,0.0,0.0,0.0,11.6,327.2,944.2,1331.4,True,False,True,False,False,False,False,False,True,1,0,0,0.0,11.6,0.0,327.2,0.0,944.2,0.0,1331.4,0.0,0.0,0.0,0.1,0.0,0.0,0.0,335,891513.6400000001,0.0,0.010000000000000002,0.0,94.42000000000002,0
0.1,0.0,0.0,0.0,0.0,4.2,145.6,738.4,1105.0,True,False,True,False,False,False,False,False,True,4,0,0,0.0,4.2,0.0,145.6,0.0,738.4,0.0,1105.0,0.0,0.0,0.0,0.1,0.0,0.0,0.0,310,545234.5599999999,0.0,0.010000000000000002,0.0,73.84,1
50.0,3500.0,0.0,60.0,6.6,17.8,113.8,1307.7,1331.2,True,False,False,False,False,False,True,True,False,1,0,0,0.0,17.8,0.0,113.8,0.0,1307.7,0.0,1331.2,0.0,6.6,0.0,50.0,6599.999999999999,0.0018857137469389291,60.0,348,1710079.29,43.559999999999995,2500.0,8630.82,65385.0,0
0.2,0.0,0.0,0.0,0.0,33.4,363.2,896.2,1105.0,True,False,True,False,False,False,False,False,True,1,0,0,0.0,33.4,0.0,363.2,0.0,896.2,0.0,1105.0,0.0,0.0,0.0,0.2,0.0,0.0,0.0,355,803174.4400000001,0.0,0.04000000000000001,0.0,179.24,0
5.0,4000.0,60.0,100.0,38.6,13.2,135.2,1132.5,1288.7,False,True,True,False,False,False,False,False,True,0,1,0,13.2,0.0,135.2,0.0,1132.5,0.0,1288.7,0.0,38.6,0.0,5.0,0.0,0.6433226112898118,0.009649997587500602,100.0,345,1282556.25,1489.96,25.0,43714.5,5662.5,0
0.4,0.0,0.0,0.0,0.0,6.0,41.3,908.6,1142.3,False,True,False,False,False,False,True,False,True,0,0,0,6.0,0.0,41.3,0.0,908.6,0.0,1142.3,0.0,0.0,0.0,0.4,0.0,0.0,0.0,0.0,347,825553.9600000001,0.0,0.16000000000000003,0.0,363.44000000000005,0
40.0,2500.0,0.0,0.0,0.0,80.1,15.1,714.2,875.4,True,False,False,False,False,False,True,True,False,2,0,0,0.0,80.1,0.0,15.1,0.0,714.2,0.0,875.4,0.0,0.0,0.0,40.0,0.0,0.0,0.0,3,510081.6400000001,0.0,1600.0,0.0,28568.0,1
0.3,850.0,14.0,0.0,6.44,96.1,3.1,933.3,1142.3,False,True,False,False,False,False,True,False,True,0,0,0,96.1,0.0,3.1,0.0,933.3,0.0,1142.3,0.0,6.44,0.0,0.3,0.0,0.4599671452039141,0.007576461674750972,0.0,354,871048.8899999999,41.473600000000005,0.09,6010.452,279.98999999999995,0
1.0,0.0,0.0,0.0,0.0,23.4,22.8,848.2,1227.0,False,True,False,True,False,False,False,False,True,0,0,0,23.4,0.0,22.8,0.0,848.2,0.0,1227.0,0.0,0.0,0.0,1.0,0.0,0.0,0.0,0.0,346,719443.2400000001,0.0,1.0,0.0,848.2,0
54.4,2479.8,49.6,50.0,28.316,111.0,82.0,824.0,875.4,False,True,False,False,False,False,True,True,False,0,0,0,111.0,0.0,82.0,0.0,824.0,0.0,875.4,0.0,28.316,0.0,54.4,0.0,0.5708755871857422,0.011418658190717721,50.0,355,678976.0,801.795856,2959.3599999999997,23332.384,44825.6,0
10.0,5000.0,50.0,100.0,34.0,14.7,245.5,1212.7,1320.5,True,False,False,True,False,False,False,False,True,1,0,0,0.0,14.7,0.0,245.5,0.0,1212.7,0.0,1320.5,0.0,34.0,0.0,10.0,0.6799864002719946,0.006799998640000271,100.0,339,1470641.29,1156.0,100.0,41231.8,12127.0,0
15.8,2222.2,25.4,0.0,11.684,167.6,41.8,926.6,1062.2,True,False,True,False,False,False,False,False,True,3,0,0,0.0,167.6,0.0,41.8,0.0,926.6,0.0,1062.2,0.0,11.684,0.0,15.8,0.45998189047675286,0.005257850212469529,0.0,361,858587.56,136.51585599999999,249.64000000000001,10826.3944,14640.28,0
0.1,0.0,0.0,0.0,0.0,131.4,1.8,982.4,1105.0,True,False,True,False,False,False,False,False,True,1,0,0,0.0,131.4,0.0,1.8,0.0,982.4,0.0,1105.0,0.0,0.0,0.0,0.1,0.0,0.0,0.0,338,965109.76,0.0,0.010000000000000002,0.0,98.24000000000001,0
4.0,0.0,50.0,150.0,39.5,12.0,110.3,925.4,1108.4,True,False,False,False,True,False,False,False,True,1,0,0,0.0,12.0,0.0,110.3,0.0,925.4,0.0,1108.4,0.0,39.5,0.0,4.0,0.7899842003159937,39500.0,150.0,350,856365.1599999999,1560.25,16.0,36553.299999999996,3701.6,0
0.1,0.0,0.0,0.0,0.0,74.8,63.5,973.3,1089.9,False,True,False,True,False,False,False,False,True,0,0,0,74.8,0.0,63.5,0.0,973.3,0.0,1089.9,0.0,0.0,0.0,0.1,0.0,0.0,0.0,0.0,340,947312.8899999999,0.0,0.010000000000000002,0.0,97.33,0
19.0,3947.4,78.9,105.3,47.877,109.8,52.5,755.5,875.4,False,True,False,False,False,False,True,False,True,0,0,0,109.8,0.0,52.5,0.0,755.5,0.0,875.4,0.0,47.877,0.0,19.0,0.0,0.6067983929227766,0.012128739897466713,105.3,361,570780.25,2292.2071290000004,361.0,36171.0735,14354.5,1
0.3,0.0,0.0,0.0,0.0,33.3,107.2,719.1,1142.3,False,True,False,False,False,False,True,False,True,0,0,0,33.3,0.0,107.2,0.0,719.1,0.0,1142.3,0.0,0.0,0.0,0.3,0.0,0.0,0.0,0.0,332,517104.81000000006,0.0,0.09,0.0,215.73,1
15.7,2233.6,0.0,0.0,0.0,95.1,16.3,714.2,875.4,True,False,False,False,False,False,True,True,False,2,0,0,0.0,95.1,0.0,16.3,0.0,714.2,0.0,875.4,0.0,0.0,0.0,15.7,0.0,0.0,0.0,2,510081.6400000001,0.0,246.48999999999998,0.0,11212.94,1
19.5,4884.3,0.0,0.0,0.0,59.8,91.0,1020.8,1062.2,False,True,True,False,False,False,False,False,True,0,0,0,59.8,0.0,91.0,0.0,1020.8,0.0,1062.2,0.0,0.0,0.0,19.5,0.0,0.0,0.0,0.0,349,1042032.6399999999,0.0,380.25,0.0,19905.6,0
0.6,0.0,0.0,0.0,0.0,32.4,152.8,984.1,1089.9,False,True,False,True,False,False,False,False,True,0,0,0,32.4,0.0,152.8,0.0,984.1,0.0,1089.9,0.0,0.0,0.0,0.6,0.0,0.0,0.0,0.0,318,968452.81,0.0,0.36,0.0,590.46,0
0.2,0.0,0.0,0.0,0.0,203.9,205.4,894.0,1089.9,False,True,False,True,False,False,False,False,True,0,0,0,203.9,0.0,205.4,0.0,894.0,0.0,1089.9,0.0,0.0,0.0,0.2,0.0,0.0,0.0,0.0,4,799236.0,0.0,0.04000000000000001,0.0,178.8,0
20.0,2083.3,0.0,150.0,16.5,72.0,293.6,1235.4,1331.2,False,True,False,False,False,False,True,True,False,0,0,0,72.0,0.0,293.6,0.0,1235.4,0.0,1331.2,0.0,16.5,0.0,20.0,0.0,16500.0,0.007920122920307722,150.0,6,1526213.1600000001,272.25,400.0,20384.100000000002,24708.0,0
25.3,5928.9,39.5,51.4,23.824,13.5,326.0,862.0,948.0,True,False,False,False,False,True,False,False,True,1,0,0,0.0,13.5,0.0,326.0,0.0,862.0,0.0,948.0,0.0,23.824,0.0,25.3,0.6031239715450243,0.004018282646311686,51.4,324,743044.0,567.582976,640.09,20536.288,21808.600000000002,0
50.0,3000.0,50.0,20.0,25.2,245.2,240.0,970.1,1288.7,True,False,True,False,False,False,False,True,False,1,1,0,0.0,245.2,0.0,240.0,0.0,970.1,0.0,1288.7,0.0,25.2,0.0,50.0,0.5039899202015959,0.008399997200000932,20.0,7,941094.01,635.04,2500.0,24446.52,48505.0,0
0.1,0.0,0.0,0.0,0.0,63.4,139.4,925.2,1105.0,False,True,True,False,False,False,False,False,True,0,0,0,63.4,0.0,139.4,0.0,925.2,0.0,1105.0,0.0,0.0,0.0,0.1,0.0,0.0,0.0,0.0,348,855995.04,0.0,0.010000000000000002,0.0,92.52000000000001,0
0.2,460.0,0.0,0.0,0.0,100.4,159.9,841.2,1142.3,False,True,False,False,False,False,True,True,False,0,0,0,100.4,0.0,159.9,0.0,841.2,0.0,1142.3,0.0,0.0,0.0,0.2,0.0,0.0,0.0,0.0,364,707617.4400000001,0.0,0.04000000000000001,0.0,168.24,0
0.2,2400.0,0.0,0.0,0.0,23.4,22.8,846.1,1227.0,False,True,False,True,False,False,False,False,True,0,0,0,23.4,0.0,22.8,0.0,846.1,0.0,1227.0,0.0,0.0,0.0,0.2,0.0,0.0,0.0,0.0,345,715885.2100000001,0.0,0.04000000000000001,0.0,169.22000000000003,0
0.1,0.0,0.0,0.0,0.0,43.9,311.2,685.3,801.7,True,False,False,False,True,False,False,False,True,1,0,0,0.0,43.9,0.0,311.2,0.0,685.3,0.0,801.7,0.0,0.0,0.0,0.1,0.0,0.0,0.0,361,469636.0899999999,0.0,0.010000000000000002,0.0,68.53,1
0.2,500.0,0.0,19.0,2.09,87.2,138.8,589.9,1142.3,False,True,False,False,False,False,True,True,False,0,0,0,87.2,0.0,138.8,0.0,589.9,0.0,1142.3,0.0,2.09,0.0,0.2,0.0,2090.0,0.00417999164001672,19.0,304,347982.00999999995,4.368099999999999,0.04000000000000001,1232.8909999999998,117.98,1
12.0,2750.0,0.0,50.0,5.5,44.7,6.0,1307.7,1331.2,False,True,False,False,False,False,True,True,False,0,0,0,44.7,0.0,6.0,0.0,1307.7,0.0,1331.2,0.0,5.5,0.0,12.0,0.0,5500.0,0.001999999272727537,50.0,354,1710079.29,30.25,144.0,7192.35,15692.400000000001,0
12.0,0.0,25.0,150.0,28.0,44.7,6.0,1307.7,1331.2,False,True,False,False,False,False,True,True,False,0,0,0,44.7,0.0,6.0,0.0,1307.7,0.0,1331.2,0.0,28.0,0.0,12.0,0.0,1.1199552017919283,28000.0,150.0,354,1710079.29,784.0,144.0,36615.6,15692.400000000001,0
20.1,0.0,0.0,0.0,0.0,89.4,180.0,1106.1,1288.7,True,False,True,False,False,False,False,False,True,2,0,0,0.0,89.4,0.0,180.0,0.0,1106.1,0.0,1288.7,0.0,0.0,0.0,20.1,0.0,0.0,0.0,335,1223457.2099999997,0.0,404.01000000000005,0.0,22232.61,0
50.0,0.0,50.0,100.0,34.0,44.7,6.0,1307.7,1331.2,True,False,False,False,False,False,True,True,False,1,0,0,0.0,44.7,0.0,6.0,0.0,1307.7,0.0,1331.2,0.0,34.0,0.0,50.0,0.6799864002719946,34000.0,100.0,354,1710079.29,1156.0,2500.0,44461.8,65385.0,0
0.2,0.0,0.0,0.0,0.0,37.3,286.0,804.5,939.0,True,False,False,False,False,False,True,False,True,3,0,0,0.0,37.3,0.0,286.0,0.0,804.5,0.0,939.0,0.0,0.0,0.0,0.2,0.0,0.0,0.0,353,647220.25,0.0,0.04000000000000001,0.0,160.9,0
1.0,0.0,0.0,0.0,0.0,29.7,106.8,717.2,1142.3,False,True,False,False,False,False,True,False,True,0,0,0,29.7,0.0,106.8,0.0,717.2,0.0,1142.3,0.0,0.0,0.0,1.0,0.0,0.0,0.0,0.0,335,514375.8400000001,0.0,1.0,0.0,717.2,1
0.2,500.0,0.0,0.0,0.0,13.5,32.1,924.1,1142.3,True,False,False,False,False,False,True,False,True,3,0,0,0.0,13.5,0.0,32.1,0.0,924.1,0.0,1142.3,0.0,0.0,0.0,0.2,0.0,0.0,0.0,351,853960.81,0.0,0.04000000000000001,0.0,184.82000000000002,0
0.2,0.0,0.0,0.0,0.0,58.5,3.0,727.8,801.7,False,True,False,False,True,False,False,False,True,0,0,0,58.5,0.0,3.0,0.0,727.8,0.0,801.7,0.0,0.0,0.0,0.2,0.0,0.0,0.0,0.0,342,529692.84,0.0,0.04000000000000001,0.0,145.56,1
0.1,0.0,0.0,0.0,0.0,123.8,21.8,916.4,1331.4,True,False,True,False,False,False,False,False,True,4,0,0,0.0,123.8,0.0,21.8,0.0,916.4,0.0,1331.4,0.0,0.0,0.0,0.1,0.0,0.0,0.0,322,839788.96,0.0,0.010000000000000002,0.0,91.64,0
12.6,3968.3,79.4,119.0,49.614,24.4,170.4,836.5,875.4,True,False,False,False,False,False,True,True,False,1,0,0,0.0,24.4,0.0,170.4,0.0,836.5,0.0,875.4,0.0,49.614,0.0,12.6,0.6248535912645935,0.012502579819423978,119.0,324,699732.25,2461.5489959999995,158.76,41502.111,10539.9,0
2.5,0.0,80.0,120.0,50.0,162.6,45.0,870.8,1062.2,False,True,True,False,False,False,False,False,True,0,0,0,162.6,0.0,45.0,0.0,870.8,0.0,1062.2,0.0,50.0,0.0,2.5,0.0,0.624992187597655,50000.0,120.0,363,758292.6399999999,2500.0,6.25,43540.0,2177.0,0
9.0,2784.0,55.7,111.4,37.876,117.7,33.3,692.8,844.8,False,True,False,True,False,False,False,False,True,0,0,0,117.7,0.0,33.3,0.0,692.8,0.0,844.8,0.0,37.876,0.0,9.0,0.0,0.679987791960647,0.013604880170660857,111.4,363,479971.8399999999,1434.5913759999999,81.0,26240.492799999996,6235.2,1
0.4,125.0,0.0,0.0,0.0,42.1,173.3,756.3,1227.0,False,True,False,True,False,False,False,False,True,0,0,0,42.1,0.0,173.3,0.0,756.3,0.0,1227.0,0.0,0.0,0.0,0.4,0.0,0.0,0.0,0.0,338,571989.69,0.0,0.16000000000000003,0.0,302.52,1
8.0,3125.0,50.0,0.0,23.0,144.8,43.8,857.2,1062.2,True,False,True,False,False,False,False,False,True,2,0,0,0.0,144.8,0.0,43.8,0.0,857.2,0.0,1062.2,0.0,23.0,0.0,8.0,0.45999080018399635,0.007359997644800753,0.0,365,734791.8400000001,529.0,64.0,19715.600000000002,6857.6,0
0.2,0.0,8.0,0.0,3.68,39.5,78.2,797.5,1164.1,True,False,False,False,True,False,False,False,True,3,0,1,0.0,39.5,0.0,78.2,0.0,797.5,0.0,1164.1,0.0,3.68,0.0,0.2,0.45994250718660173,3680.0,0.0,325,636006.25,13.5424,0.04000000000000001,2934.8,159.5,1
0.1,0.0,0.0,0.0,0.0,36.8,227.4,895.6,1105.0,False,True,True,False,False,False,False,False,True,0,0,0,36.8,0.0,227.4,0.0,895.6,0.0,1105.0,0.0,0.0,0.0,0.1,0.0,0.0,0.0,0.0,352,802099.36,0.0,0.010000000000000002,0.0,89.56,0
23.3,2489.3,51.5,51.5,29.355,50.1,15.1,714.2,875.4,False,True,False,False,False,False,True,True,False,0,0,0,50.1,0.0,15.1,0.0,714.2,0.0,875.4,0.0,29.355,0.0,23.3,0.0,0.5699889322537427,0.011792467041952739,51.5,5,510081.6400000001,861.7160250000001,542.89,20965.341,16640.86,1
0.3,500.0,0.0,0.0,0.0,159.8,139.0,702.3,1227.0,True,False,False,True,False,False,False,False,True,2,0,1,0.0,159.8,0.0,139.0,0.0,702.3,0.0,1227.0,0.0,0.0,0.0,0.3,0.0,0.0,0.0,319,493225.2899999999,0.0,0.09,0.0,210.68999999999997,1
15.0,4166.7,0.0,100.0,11.0,77.0,294.1,1241.0,1331.2,False,True,False,False,False,False,True,False,True,0,0,0,77.0,0.0,294.1,0.0,1241.0,0.0,1331.2,0.0,11.0,0.0,15.0,0.0,11000.0,0.002639978246579248,100.0,5,1540081.0,121.0,225.0,13651.0,18615.0,0
0.2,0.0,0.0,0.0,0.0,20.4,164.9,929.1,1089.9,False,True,False,True,False,False,False,False,True,0,0,0,20.4,0.0,164.9,0.0,929.1,0.0,1089.9,0.0,0.0,0.0,0.2,0.0,0.0,0.0,0.0,353,863226.81,0.0,0.04000000000000001,0.0,185.82000000000002,0
0.1,0.0,0.0,0.0,0.0,46.4,138.4,908.6,1105.0,True,False,True,False,False,False,False,False,True,1,0,0,0.0,46.4,0.0,138.4,0.0,908.6,0.0,1105.0,0.0,0.0,0.0,0.1,0.0,0.0,0.0,349,825553.9600000001,0.0,0.010000000000000002,0.0,90.86000000000001,0
0.2,0.0,0.0,0.0,0.0,56.7,155.7,836.3,939.0,True,False,False,False,False,False,True,True,False,1,0,0,0.0,56.7,0.0,155.7,0.0,836.3,0.0,939.0,0.0,0.0,0.0,0.2,0.0,0.0,0.0,346,699397.69,0.0,0.04000000000000001,0.0,167.26,0
2.7,0.0,18.5,0.0,8.51,162.6,45.0,870.8,1062.2,True,False,True,False,False,False,False,False,True,2,0,0,0.0,162.6,0.0,45.0,0.0,870.8,0.0,1062.2,0.0,8.51,0.0,2.7,0.4599751364791092,8510.0,0.0,363,758292.6399999999,72.42009999999999,7.290000000000001,7410.508,2351.16,0
20.3,4926.1,0.0,118.2,13.002,111.3,280.0,1258.0,1331.2,False,True,False,False,False,False,True,True,False,0,0,0,111.3,0.0,280.0,0.0,1258.0,0.0,1331.2,0.0,13.002,0.0,20.3,0.0,13002.0,0.0026394099511966966,118.2,364,1582564.0,169.052004,412.09000000000003,16356.516000000001,25537.4,0
2.5,3200.0,0.0,0.0,0.0,79.6,15.1,714.2,875.4,False,True,False,False,False,False,True,True,False,0,0,0,79.6,0.0,15.1,0.0,714.2,0.0,875.4,0.0,0.0,0.0,2.5,0.0,0.0,0.0,0.0,4,510081.6400000001,0.0,6.25,0.0,1785.5,1
0.1,0.0,0.0,0.0,0.0,10.0,41.3,921.2,1142.3,False,True,False,False,False,False,True,False,True,0,0,0,10.0,0.0,41.3,0.0,921.2,0.0,1142.3,0.0,0.0,0.0,0.1,0.0,0.0,0.0,0.0,350,848609.4400000001,0.0,0.010000000000000002,0.0,92.12,0
10.7,3168.7,0.0,93.2,10.252,115.5,54.3,824.0,875.4,True,False,False,False,False,False,True,False,True,3,0,0,0.0,115.5,0.0,54.3,0.0,824.0,0.0,875.4,0.0,10.252,0.0,10.7,10252.0,0.0032353951982216056,93.2,356,678976.0,105.10350400000002,114.48999999999998,8447.648000000001,8816.8,0
0.2,0.0,0.0,0.0,0.0,83.2,67.3,946.1,1089.9,False,True,False,True,False,False,False,False,True,0,0,0,83.2,0.0,67.3,0.0,946.1,0.0,1089.9,0.0,0.0,0.0,0.2,0.0,0.0,0.0,0.0,344,895105.2100000001,0.0,0.04000000000000001,0.0,189.22000000000003,0
20.0,3333.3,50.0,0.0,23.0,138.0,119.9,958.9,1108.4,False,True,False,False,True,False,False,False,True,0,0,0,138.0,0.0,119.9,0.0,958.9,0.0,1108.4,0.0,23.0,0.0,20.0,0.0,0.45999080018399635,0.006900066930649227,0.0,327,919489.21,529.0,400.0,22054.7,19178.0,0
0.1,0.0,0.0,0.0,0.0,33.5,128.0,685.3,801.7,True,False,False,False,True,False,False,False,True,4,0,0,0.0,33.5,0.0,128.0,0.0,685.3,0.0,801.7,0.0,0.0,0.0,0.1,0.0,0.0,0.0,351,469636.0899999999,0.0,0.010000000000000002,0.0,68.53,1
10.0,3225.8,50.0,0.0,23.0,28.0,132.5,925.4,1108.4,False,True,False,False,True,False,False,False,True,0,1,1,28.0,0.0,132.5,0.0,925.4,0.0,1108.4,0.0,23.0,0.0,10.0,0.0,0.45999080018399635,0.007130012049720363,0.0,346,856365.1599999999,529.0,100.0,21284.2,9254.0,0
0.1,500.0,0.0,0.0,0.0,77.6,22.8,878.6,1227.0,True,False,False,True,False,False,False,False,True,2,0,1,0.0,77.6,0.0,22.8,0.0,878.6,0.0,1227.0,0.0,0.0,0.0,0.1,0.0,0.0,0.0,351,771937.9600000001,0.0,0.010000000000000002,0.0,87.86000000000001,0
9.0,0.0,0.0,0.0,0.0,44.2,0.0,591.3,806.1,True,False,False,False,True,False,False,False,True,1,1,0,0.0,44.2,0.0,0.0,0.0,591.3,0.0,806.1,0.0,0.0,0.0,9.0,0.0,0.0,0.0,9,349635.68999999994,0.0,81.0,0.0,5321.7,1
22.0,5454.5,22.7,0.0,10.442,64.0,41.0,862.0,948.0,False,True,False,False,False,True,False,True,False,0,0,0,64.0,0.0,41.0,0.0,862.0,0.0,948.0,0.0,10.442,0.0,22.0,0.0,0.45997973657548125,0.001914382268882158,0.0,355,743044.0,109.035364,484.0,9001.004,18964.0,0
0.1,0.0,0.0,0.0,0.0,4.2,145.6,738.4,1105.0,True,False,True,False,False,False,False,False,True,4,0,0,0.0,4.2,0.0,145.6,0.0,738.4,0.0,1105.0,0.0,0.0,0.0,0.1,0.0,0.0,0.0,310,545234.5599999999,0.0,0.010000000000000002,0.0,73.84,1
14.8,0.0,67.6,94.6,41.502,63.7,103.5,1263.0,1331.2,True,False,False,False,False,False,True,False,True,2,0,0,0.0,63.7,0.0,103.5,0.0,1263.0,0.0,1331.2,0.0,41.502,0.0,14.8,0.6139258294995636,41502.0,94.6,360,1595169.0,1722.4160040000002,219.04000000000002,52417.026000000005,18692.4,0
0.2,0.0,0.0,0.0,0.0,83.2,67.3,946.1,1089.9,True,False,False,True,False,False,False,False,True,1,0,0,0.0,83.2,0.0,67.3,0.0,946.1,0.0,1089.9,0.0,0.0,0.0,0.2,0.0,0.0,0.0,344,895105.2100000001,0.0,0.04000000000000001,0.0,189.22000000000003,0
100.0,0.0,35.0,0.0,16.1,105.0,244.5,880.4,1108.4,False,True,False,False,True,False,False,False,True,0,1,0,105.0,0.0,244.5,0.0,880.4,0.0,1108.4,0.0,16.1,0.0,100.0,0.0,0.45998685751835666,16100.000000000002,0.0,2,775104.1599999999,259.21000000000004,10000.0,14174.44,88040.0,0
15.0,3333.3,100.0,100.0,57.0,49.5,6.0,1307.7,1331.2,False,True,False,False,False,False,True,True,False,0,0,0,49.5,0.0,6.0,0.0,1307.7,0.0,1331.2,0.0,57.0,0.0,15.0,0.0,0.5699943000569994,0.017100165871608952,100.0,353,1710079.29,3249.0,225.0,74538.90000000001,19615.5,0
33.0,1363.6,60.6,0.0,27.876,14.7,245.5,1213.5,1320.5,False,True,False,True,False,False,False,False,True,0,0,0,14.7,0.0,245.5,0.0,1213.5,0.0,1320.5,0.0,27.876,0.0,33.0,0.0,0.4599924093661821,0.020442930153321978,0.0,342,1472582.25,777.0713760000001,1089.0,33827.526,40045.5,0
1.0,2000.0,65.0,0.0,29.9,54.8,23.4,982.4,1331.4,False,True,True,False,False,False,False,False,True,0,0,1,54.8,0.0,23.4,0.0,982.4,0.0,1331.4,0.0,29.9,0.0,1.0,0.0,0.4599929231857971,0.014949992525003737,0.0,359,965109.76,894.0099999999999,1.0,29373.76,982.4,0
0.4,0.0,0.0,0.0,0.0,45.5,97.6,946.0,1089.9,False,True,False,True,False,False,False,False,True,0,0,0,45.5,0.0,97.6,0.0,946.0,0.0,1089.9,0.0,0.0,0.0,0.4,0.0,0.0,0.0,0.0,347,894916.0,0.0,0.16000000000000003,0.0,378.40000000000003,0
0.2,0.0,0.0,0.0,0.0,32.8,199.9,807.0,939.0,True,False,False,False,False,False,True,True,False,2,0,0,0.0,32.8,0.0,199.9,0.0,807.0,0.0,939.0,0.0,0.0,0.0,0.2,0.0,0.0,0.0,349,651249.0,0.0,0.04000000000000001,0.0,161.4,0
0.1,200.0,0.0,0.0,0.0,37.0,122.6,1025.2,1331.4,True,False,True,False,False,False,False,False,True,1,0,1,0.0,37.0,0.0,122.6,0.0,1025.2,0.0,1331.4,0.0,0.0,0.0,0.1,0.0,0.0,0.0,343,1051035.04,0.0,0.010000000000000002,0.0,102.52000000000001,0
0.1,0.0,0.0,0.0,0.0,135.0,140.6,914.4,1331.4,True,False,True,False,False,False,False,False,True,1,0,1,0.0,135.0,0.0,140.6,0.0,914.4,0.0,1331.4,0.0,0.0,0.0,0.1,0.0,0.0,0.0,318,836127.36,0.0,0.010000000000000002,0.0,91.44,0
0.3,625.0,0.0,0.0,0.0,31.7,135.5,773.4,1142.3,True,False,False,False,False,False,True,True,False,4,0,0,0.0,31.7,0.0,135.5,0.0,773.4,0.0,1142.3,0.0,0.0,0.0,0.3,0.0,0.0,0.0,338,598147.5599999999,0.0,0.09,0.0,232.01999999999998,1
0.3,0.0,0.0,0.0,0.0,6.0,41.3,908.6,1142.3,False,True,False,False,False,False,True,False,True,0,0,0,6.0,0.0,41.3,0.0,908.6,0.0,1142.3,0.0,0.0,0.0,0.3,0.0,0.0,0.0,0.0,345,825553.9600000001,0.0,0.09,0.0,272.58,0
0.5,0.0,0.0,0.0,0.0,168.3,197.8,768.3,939.0,True,False,False,False,False,False,True,True,False,1,0,0,0.0,168.3,0.0,197.8,0.0,768.3,0.0,939.0,0.0,0.0,0.0,0.5,0.0,0.0,0.0,2,590284.8899999999,0.0,0.25,0.0,384.15,1
0.3,800.0,0.0,0.0,0.0,45.8,10.2,1023.4,1331.4,True,False,True,False,False,False,False,False,True,1,0,1,0.0,45.8,0.0,10.2,0.0,1023.4,0.0,1331.4,0.0,0.0,0.0,0.3,0.0,0.0,0.0,352,1047347.5599999999,0.0,0.09,0.0,307.02,0
0.1,150.0,0.0,0.0,0.0,109.6,199.8,766.4,1227.0,True,False,False,True,False,False,False,False,True,3,0,1,0.0,109.6,0.0,199.8,0.0,766.4,0.0,1227.0,0.0,0.0,0.0,0.1,0.0,0.0,0.0,311,587368.96,0.0,0.010000000000000002,0.0,76.64,1
20.0,5000.0,50.0,45.0,27.95,3.0,140.5,866.5,948.0,True,False,False,False,False,True,False,True,False,1,1,0,0.0,3.0,0.0,140.5,0.0,866.5,0.0,948.0,0.0,27.95,0.0,20.0,0.5589888202235955,0.005589998882000223,45.0,333,750822.25,781.2025,400.0,24218.675,17330.0,0
30.0,4000.0,66.7,0.0,30.682,58.6,126.8,985.7,1288.7,False,True,True,False,False,False,False,False,True,0,0,0,58.6,0.0,126.8,0.0,985.7,0.0,1288.7,0.0,30.682,0.0,30.0,0.0,0.45999310355167083,0.007670498082375478,0.0,319,971604.4900000001,941.3851239999999,900.0,30243.2474,29571.0,0
0.2,0.0,0.0,0.0,0.0,14.4,197.2,955.0,1105.0,True,False,True,False,False,False,False,False,True,4,0,0,0.0,14.4,0.0,197.2,0.0,955.0,0.0,1105.0,0.0,0.0,0.0,0.2,0.0,0.0,0.0,314,912025.0,0.0,0.04000000000000001,0.0,191.0,0
6.8,4166.7,44.1,0.0,20.286,65.2,225.5,1263.0,1331.2,False,True,False,False,False,False,True,True,False,0,0,0,65.2,0.0,225.5,0.0,1263.0,0.0,1331.2,0.0,20.286,0.0,6.8,0.0,0.4599895693975194,0.004868599882736966,0.0,361,1595169.0,411.52179600000005,46.239999999999995,25621.218,8588.4,0
15.0,3333.3,33.3,43.3,20.081,16.5,345.0,862.0,948.0,True,False,False,False,False,True,False,True,False,1,1,0,0.0,16.5,0.0,345.0,0.0,862.0,0.0,948.0,0.0,20.081,0.0,15.0,0.6030149244767425,0.006024358436276831,43.3,327,743044.0,403.246561,225.0,17309.822,12930.0,0
64.0,3000.0,100.0,179.7,65.767,86.9,1.2,664.7,844.8,True,False,False,True,False,False,False,False,True,1,1,1,0.0,86.9,0.0,1.2,0.0,664.7,0.0,844.8,0.0,65.767,0.0,64.0,0.6576634233657662,0.021922326025891323,179.7,4,441826.0900000001,4325.298288999999,4096.0,43715.3249,42540.8,1
0.1,0.0,0.0,0.0,0.0,44.2,207.8,834.0,939.0,False,True,False,False,False,False,True,True,False,0,0,0,44.2,0.0,207.8,0.0,834.0,0.0,939.0,0.0,0.0,0.0,0.1,0.0,0.0,0.0,0.0,348,695556.0,0.0,0.010000000000000002,0.0,83.4,0
8.0,4166.7,50.0,125.0,36.75,72.3,280.0,1263.0,1331.2,False,True,False,False,False,False,True,False,True,0,0,0,72.3,0.0,280.0,0.0,1263.0,0.0,1331.2,0.0,36.75,0.0,8.0,0.0,0.7349853002939941,0.008819927323798852,125.0,363,1595169.0,1350.5625,64.0,46415.25,10104.0,0
0.1,600.0,0.0,0.0,0.0,6.0,41.3,908.6,1142.3,True,False,False,False,False,False,True,True,False,2,0,0,0.0,6.0,0.0,41.3,0.0,908.6,0.0,1142.3,0.0,0.0,0.0,0.1,0.0,0.0,0.0,345,825553.9600000001,0.0,0.010000000000000002,0.0,90.86000000000001,0
1.3,2083.3,0.0,0.0,0.0,13.2,135.2,1132.5,1288.7,True,False,True,False,False,False,False,False,True,1,0,0,0.0,13.2,0.0,135.2,0.0,1132.5,0.0,1288.7,0.0,0.0,0.0,1.3,0.0,0.0,0.0,345,1282556.25,0.0,1.6900000000000002,0.0,1472.25,0
0.1,0.0,0.0,0.0,0.0,31.6,370.4,894.2,1105.0,False,True,True,False,False,False,False,False,True,0,0,0,31.6,0.0,370.4,0.0,894.2,0.0,1105.0,0.0,0.0,0.0,0.1,0.0,0.0,0.0,0.0,360,799593.6400000001,0.0,0.010000000000000002,0.0,89.42000000000002,0
40.0,0.0,25.0,150.0,28.0,17.8,88.8,1307.7,1331.2,False,True,False,False,False,False,True,True,False,0,0,0,17.8,0.0,88.8,0.0,1307.7,0.0,1331.2,0.0,28.0,0.0,40.0,0.0,1.1199552017919283,28000.0,150.0,349,1710079.29,784.0,1600.0,36615.6,52308.0,0
0.1,0.0,0.0,0.0,0.0,36.4,138.8,901.4,1105.0,False,True,True,False,False,False,False,False,True,0,1,0,36.4,0.0,138.8,0.0,901.4,0.0,1105.0,0.0,0.0,0.0,0.1,0.0,0.0,0.0,0.0,350,812521.96,0.0,0.010000000000000002,0.0,90.14,0
10.0,0.0,50.0,0.0,23.0,171.7,30.6,718.2,806.1,True,False,False,False,True,False,False,False,True,2,1,1,0.0,171.7,0.0,30.6,0.0,718.2,0.0,806.1,0.0,23.0,0.0,10.0,0.45999080018399635,23000.0,0.0,360,515811.24000000005,529.0,100.0,16518.600000000002,7182.0,1
7.6,4000.0,131.6,197.4,82.25,130.0,113.3,910.9,1108.4,True,False,False,False,True,False,False,False,True,1,1,1,0.0,130.0,0.0,113.3,0.0,910.9,0.0,1108.4,0.0,82.25,0.0,7.6,0.6249952507959666,0.020562494859376283,197.4,332,829738.8099999999,6765.0625,57.76,74921.525,6922.839999999999,0
0.1,0.0,0.0,0.0,0.0,63.9,342.6,927.9,1089.9,True,False,False,True,False,False,False,False,True,2,0,0,0.0,63.9,0.0,342.6,0.0,927.9,0.0,1089.9,0.0,0.0,0.0,0.1,0.0,0.0,0.0,363,860998.4099999999,0.0,0.010000000000000002,0.0,92.79,0
9.0,3500.0,55.6,33.3,29.239,28.2,210.0,1144.3,1288.7,False,True,True,False,False,False,False,False,True,0,1,0,28.2,0.0,210.0,0.0,1144.3,0.0,1288.7,0.0,29.239,0.0,9.0,0.0,0.525871836837467,0.00835399761314354,33.3,340,1309422.49,854.919121,81.0,33458.1877,10298.699999999999,0
0.4,1800.0,7.5,0.0,3.45,77.6,22.8,875.5,1227.0,False,True,False,True,False,False,False,False,True,0,0,0,77.6,0.0,22.8,0.0,875.5,0.0,1227.0,0.0,3.45,0.0,0.4,0.0,0.4599386748433542,0.0019166656018524434,0.0,350,766500.25,11.902500000000002,0.16000000000000003,3020.4750000000004,350.20000000000005,0
20.0,2500.0,50.0,0.0,23.0,62.8,214.7,1089.3,1288.7,False,True,True,False,False,False,False,False,True,0,1,0,62.8,0.0,214.7,0.0,1089.3,0.0,1288.7,0.0,23.0,0.0,20.0,0.0,0.45999080018399635,0.009199996320001472,0.0,361,1186574.49,529.0,400.0,25053.899999999998,21786.0,0
6.4,0.0,62.5,78.1,37.341,13.2,135.2,1132.5,1288.7,False,True,True,False,False,False,False,False,True,0,1,0,13.2,0.0,135.2,0.0,1132.5,0.0,1288.7,0.0,37.341,0.0,6.4,0.0,0.5974464408569463,37341.0,78.1,345,1282556.25,1394.350281,40.96000000000001,42288.6825,7248.0,0
0.3,500.0,0.0,0.0,0.0,15.2,342.0,944.2,1331.4,False,True,True,False,False,False,False,False,True,0,0,0,15.2,0.0,342.0,0.0,944.2,0.0,1331.4,0.0,0.0,0.0,0.3,0.0,0.0,0.0,0.0,333,891513.6400000001,0.0,0.09,0.0,283.26,0
0.5,0.0,0.0,0.0,0.0,45.5,78.7,946.0,1089.9,False,True,False,True,False,False,False,False,True,0,0,0,45.5,0.0,78.7,0.0,946.0,0.0,1089.9,0.0,0.0,0.0,0.5,0.0,0.0,0.0,0.0,346,894916.0,0.0,0.25,0.0,473.0,0
0.1,0.0,0.0,0.0,0.0,129.0,298.0,889.0,1105.0,False,True,True,False,False,False,False,False,True,0,0,0,129.0,0.0,298.0,0.0,889.0,0.0,1105.0,0.0,0.0,0.0,0.1,0.0,0.0,0.0,0.0,1,790321.0,0.0,0.010000000000000002,0.0,88.9,0
31.0,1209.7,100.0,70.0,53.7,87.4,70.6,804.9,844.8,False,True,False,True,False,False,False,False,True,0,1,0,87.4,0.0,70.6,0.0,804.9,0.0,844.8,0.0,53.7,0.0,31.0,0.0,0.5369946300536995,0.044391134668814856,70.0,353,647864.01,2883.6900000000005,961.0,43223.130000000005,24951.899999999998,0
0.0,0.0,0.0,0.0,0.0,43.0,12.8,1002.4,1331.4,True,False,True,False,False,False,False,False,True,1,0,0,0.0,43.0,0.0,12.8,0.0,1002.4,0.0,1331.4,0.0,0.0,0.0,0.0,0.0,0.0,0.0,357,1004805.76,0.0,0.0,0.0,0.0,0
0.4,0.0,0.0,0.0,0.0,32.8,199.9,807.0,939.0,False,True,False,False,False,False,True,True,False,0,0,0,32.8,0.0,199.9,0.0,807.0,0.0,939.0,0.0,0.0,0.0,0.4,0.0,0.0,0.0,0.0,349,651249.0,0.0,0.16000000000000003,0.0,322.8,0
0.1,200.0,0.0,0.0,0.0,32.5,22.8,858.9,1227.0,True,False,False,True,False,False,False,True,False,3,0,1,0.0,32.5,0.0,22.8,0.0,858.9,0.0,1227.0,0.0,0.0,0.0,0.1,0.0,0.0,0.0,347,737709.21,0.0,0.010000000000000002,0.0,85.89,0
13.0,0.0,76.9,0.0,35.374,162.6,45.0,870.8,1062.2,False,True,True,False,False,False,False,False,True,0,0,0,162.6,0.0,45.0,0.0,870.8,0.0,1062.2,0.0,35.374,0.0,13.0,0.0,0.45999401828324726,35374.0,0.0,363,758292.6399999999,1251.3198760000002,169.0,30803.6792,11320.4,0
10.0,3225.8,60.0,0.0,27.6,28.2,210.0,1144.3,1288.7,False,True,True,False,False,False,False,False,True,0,1,0,28.2,0.0,210.0,0.0,1144.3,0.0,1288.7,0.0,27.6,0.0,10.0,0.0,0.459992333461109,0.008556014459664436,0.0,340,1309422.49,761.7600000000001,100.0,31582.68,11443.0,0
0.2,1000.0,0.0,10.0,1.1,159.8,161.0,743.0,1227.0,False,True,False,True,False,False,False,False,True,0,0,0,159.8,0.0,161.0,0.0,743.0,0.0,1227.0,0.0,1.1,0.0,0.2,0.0,1100.0,0.0010999989000011002,10.0,317,552049.0,1.2100000000000002,0.04000000000000001,817.3000000000001,148.6,1
0.2,800.0,0.0,0.0,0.0,31.3,107.2,709.6,1142.3,True,False,False,False,False,False,True,True,False,3,0,0,0.0,31.3,0.0,107.2,0.0,709.6,0.0,1142.3,0.0,0.0,0.0,0.2,0.0,0.0,0.0,329,503532.16000000003,0.0,0.04000000000000001,0.0,141.92000000000002,1
0.2,800.0,0.0,0.0,0.0,31.7,125.2,773.4,1142.3,True,False,False,False,False,False,True,True,False,1,0,0,0.0,31.7,0.0,125.2,0.0,773.4,0.0,1142.3,0.0,0.0,0.0,0.2,0.0,0.0,0.0,339,598147.5599999999,0.0,0.04000000000000001,0.0,154.68,1
0.4,1500.0,0.0,0.0,0.0,77.6,22.8,875.5,1227.0,False,True,False,True,False,False,False,False,True,0,0,0,77.6,0.0,22.8,0.0,875.5,0.0,1227.0,0.0,0.0,0.0,0.4,0.0,0.0,0.0,0.0,350,766500.25,0.0,0.16000000000000003,0.0,350.20000000000005,0
0.1,0.0,0.0,0.0,0.0,33.4,363.2,896.2,1105.0,True,False,True,False,False,False,False,False,True,3,1,1,0.0,33.4,0.0,363.2,0.0,896.2,0.0,1105.0,0.0,0.0,0.0,0.1,0.0,0.0,0.0,355,803174.4400000001,0.0,0.010000000000000002,0.0,89.62,0
0.2,350.0,10.0,0.0,4.6,28.5,44.2,918.3,1164.1,False,True,False,False,True,False,False,False,True,0,0,0,28.5,0.0,44.2,0.0,918.3,0.0,1164.1,0.0,4.6,0.0,0.2,0.0,0.45995400459954006,0.013142819591944023,0.0,343,843274.8899999999,21.159999999999997,0.04000000000000001,4224.179999999999,183.66,0
0.2,0.0,0.0,0.0,0.0,79.0,55.4,836.3,939.0,True,False,False,False,False,False,True,True,False,1,0,0,0.0,79.0,0.0,55.4,0.0,836.3,0.0,939.0,0.0,0.0,0.0,0.2,0.0,0.0,0.0,342,699397.69,0.0,0.04000000000000001,0.0,167.26,0
0.2,0.0,0.0,0.0,0.0,36.8,227.4,895.6,1105.0,True,False,True,False,False,False,False,False,True,3,0,0,0.0,36.8,0.0,227.4,0.0,895.6,0.0,1105.0,0.0,0.0,0.0,0.2,0.0,0.0,0.0,352,802099.36,0.0,0.04000000000000001,0.0,179.12,0
0.7,1600.0,0.0,0.0,0.0,92.6,343.0,987.0,1331.4,True,False,True,False,False,False,False,False,True,3,0,1,0.0,92.6,0.0,343.0,0.0,987.0,0.0,1331.4,0.0,0.0,0.0,0.7,0.0,0.0,0.0,309,974169.0,0.0,0.48999999999999994,0.0,690.9,0
0.5,0.0,0.0,0.0,0.0,132.2,3.0,1036.8,1105.0,True,False,True,False,False,False,False,False,True,1,0,0,0.0,132.2,0.0,3.0,0.0,1036.8,0.0,1105.0,0.0,0.0,0.0,0.5,0.0,0.0,0.0,336,1074954.24,0.0,0.25,0.0,518.4,0
0.1,600.0,0.0,0.0,0.0,31.7,125.2,773.4,1142.3,True,False,False,False,False,False,True,True,False,1,0,0,0.0,31.7,0.0,125.2,0.0,773.4,0.0,1142.3,0.0,0.0,0.0,0.1,0.0,0.0,0.0,339,598147.5599999999,0.0,0.010000000000000002,0.0,77.34,1
0.2,0.0,0.0,0.0,0.0,45.2,15.4,1010.8,1331.4,True,False,True,False,False,False,False,False,True,3,0,1,0.0,45.2,0.0,15.4,0.0,1010.8,0.0,1331.4,0.0,0.0,0.0,0.2,0.0,0.0,0.0,347,1021716.6399999999,0.0,0.04000000000000001,0.0,202.16,0
0.5,0.0,0.0,0.0,0.0,20.5,114.4,931.0,1089.9,False,True,False,True,False,False,False,False,True,0,0,0,20.5,0.0,114.4,0.0,931.0,0.0,1089.9,0.0,0.0,0.0,0.5,0.0,0.0,0.0,0.0,351,866761.0,0.0,0.25,0.0,465.5,0
23.7,4166.7,126.4,198.0,79.924,45.4,31.9,1132.1,1288.7,True,False,True,False,False,False,False,False,True,1,0,0,0.0,45.4,0.0,31.9,0.0,1132.1,0.0,1288.7,0.0,79.924,0.0,23.7,0.6323051241683214,0.019181601943599986,198.0,357,1281650.4099999997,6387.845776000001,561.6899999999999,90481.9604,26830.769999999997,0
0.2,0.0,0.0,0.0,0.0,34.4,336.4,926.4,1331.4,False,True,True,False,False,False,False,False,True,0,0,1,34.4,0.0,336.4,0.0,926.4,0.0,1331.4,0.0,0.0,0.0,0.2,0.0,0.0,0.0,0.0,330,858216.96,0.0,0.04000000000000001,0.0,185.28,0
12.0,2083.3,100.0,0.0,46.0,72.3,280.0,1263.0,1331.2,False,True,False,False,False,False,True,True,False,0,0,0,72.3,0.0,280.0,0.0,1263.0,0.0,1331.2,0.0,46.0,0.0,12.0,0.0,0.45999540004599954,0.022080342686918497,0.0,363,1595169.0,2116.0,144.0,58098.0,15156.0,0
41.0,0.0,51.2,97.6,34.288,86.9,1.2,664.72,844.8,True,False,False,True,False,False,False,False,True,2,1,1,0.0,86.9,0.0,1.2,0.0,664.72,0.0,844.8,0.0,34.288,0.0,41.0,0.6696744204214761,34287.99999999999,97.6,4,441852.67840000003,1175.6669439999998,1681.0,22791.91936,27253.52,1
0.2,350.0,0.0,0.0,0.0,37.0,122.6,1025.2,1331.4,False,True,True,False,False,False,False,False,True,0,0,0,37.0,0.0,122.6,0.0,1025.2,0.0,1331.4,0.0,0.0,0.0,0.2,0.0,0.0,0.0,0.0,343,1051035.04,0.0,0.04000000000000001,0.0,205.04000000000002,0
6.6,2500.0,90.9,197.0,63.484,28.4,148.2,1137.1,1288.7,False,True,True,False,False,False,False,False,True,0,0,0,28.4,0.0,148.2,0.0,1137.1,0.0,1288.7,0.0,63.484,0.0,6.6,0.0,0.6983861563679167,0.02539358984256406,197.0,343,1292996.4099999997,4030.218256,43.559999999999995,72187.65639999999,7504.859999999999,0
0.3,0.0,0.0,0.0,0.0,9.6,98.6,912.0,939.0,True,False,False,False,False,False,True,True,False,4,0,0,0.0,9.6,0.0,98.6,0.0,912.0,0.0,939.0,0.0,0.0,0.0,0.3,0.0,0.0,0.0,324,831744.0,0.0,0.09,0.0,273.59999999999997,0
0.0,0.0,0.0,0.0,0.0,104.2,12.8,1056.8,1105.0,True,False,True,False,False,False,False,False,True,3,0,0,0.0,104.2,0.0,12.8,0.0,1056.8,0.0,1105.0,0.0,0.0,0.0,0.0,0.0,0.0,0.0,331,1116826.24,0.0,0.0,0.0,0.0,0
0.1,0.0,0.0,0.0,0.0,17.6,129.8,1031.2,1105.0,True,False,True,False,False,False,False,False,True,2,1,1,0.0,17.6,0.0,129.8,0.0,1031.2,0.0,1105.0,0.0,0.0,0.0,0.1,0.0,0.0,0.0,321,1063373.4400000002,0.0,0.010000000000000002,0.0,103.12,0
100.0,2100.0,100.0,0.0,46.0,122.3,53.3,789.0,875.4,False,True,False,False,False,False,True,True,False,0,0,0,122.3,0.0,53.3,0.0,789.0,0.0,875.4,0.0,46.0,0.0,100.0,0.0,0.45999540004599954,0.021904751473927866,0.0,358,622521.0,2116.0,10000.0,36294.0,78900.0,1
0.1,0.0,0.0,0.0,0.0,37.0,22.6,1036.6,1331.4,True,False,True,False,False,False,False,False,True,1,0,0,0.0,37.0,0.0,22.6,0.0,1036.6,0.0,1331.4,0.0,0.0,0.0,0.1,0.0,0.0,0.0,344,1074539.5599999998,0.0,0.010000000000000002,0.0,103.66,0
0.4,900.0,0.0,0.0,0.0,140.4,279.6,944.4,1331.4,False,True,True,False,False,False,False,False,True,0,0,0,140.4,0.0,279.6,0.0,944.4,0.0,1331.4,0.0,0.0,0.0,0.4,0.0,0.0,0.0,0.0,315,891891.36,0.0,0.16000000000000003,0.0,377.76,0
6.0,3333.3,66.7,133.3,45.345,198.2,43.4,934.2,1062.2,True,False,True,False,False,False,False,False,True,3,0,1,0.0,198.2,0.0,43.4,0.0,934.2,0.0,1062.2,0.0,45.345,0.0,6.0,0.6798248901815565,0.013603631955229964,133.3,358,872729.6400000001,2056.1690249999997,36.0,42361.299,5605.200000000001,0
0.1,250.0,0.0,0.0,0.0,15.2,342.0,944.2,1331.4,False,True,True,False,False,False,False,False,True,0,0,0,15.2,0.0,342.0,0.0,944.2,0.0,1331.4,0.0,0.0,0.0,0.1,0.0,0.0,0.0,0.0,333,891513.6400000001,0.0,0.010000000000000002,0.0,94.42000000000002,0
0.2,0.0,0.0,0.0,0.0,96.1,3.1,933.3,1142.3,False,True,False,False,False,False,True,False,True,0,0,0,96.1,0.0,3.1,0.0,933.3,0.0,1142.3,0.0,0.0,0.0,0.2,0.0,0.0,0.0,0.0,354,871048.8899999999,0.0,0.04000000000000001,0.0,186.66,0
17.5,1666.7,51.4,0.0,23.644,66.7,280.0,1263.0,1331.2,True,False,False,False,False,False,True,True,False,1,0,0,0.0,66.7,0.0,280.0,0.0,1263.0,0.0,1331.2,0.0,23.644,0.0,17.5,0.45999105075776736,0.014186107766180015,0.0,362,1595169.0,559.038736,306.25,29862.372,22102.5,0
16.0,4687.5,0.0,50.0,5.5,79.6,15.1,714.2,875.4,True,False,False,False,False,False,True,False,True,1,0,0,0.0,79.6,0.0,15.1,0.0,714.2,0.0,875.4,0.0,5.5,0.0,16.0,5500.0,0.0011733330830222756,50.0,4,510081.6400000001,30.25,256.0,3928.1000000000004,11427.2,1
0.0,0.0,0.0,0.0,0.0,123.2,215.7,791.3,939.0,True,False,False,False,False,False,True,True,False,2,0,0,0.0,123.2,0.0,215.7,0.0,791.3,0.0,939.0,0.0,0.0,0.0,0.0,0.0,0.0,0.0,363,626155.69,0.0,0.0,0.0,0.0,1
6.5,5384.6,46.2,0.0,21.252,168.0,30.6,757.7,806.1,True,False,False,False,True,False,False,False,True,3,1,1,0.0,168.0,0.0,30.6,0.0,757.7,0.0,806.1,0.0,21.252,0.0,6.5,0.4599900435055518,0.003946810543622452,0.0,357,574109.29,451.64750399999997,42.25,16102.6404,4925.05,1
0.0,0.0,0.0,0.0,0.0,10.0,325.8,944.4,1331.4,True,False,True,False,False,False,False,False,True,2,0,1,0.0,10.0,0.0,325.8,0.0,944.4,0.0,1331.4,0.0,0.0,0.0,0.0,0.0,0.0,0.0,336,891891.36,0.0,0.0,0.0,0.0,0
15.0,4000.0,0.0,0.0,0.0,43.1,15.1,713.4,875.4,False,True,False,False,False,False,True,False,True,0,0,0,43.1,0.0,15.1,0.0,713.4,0.0,875.4,0.0,0.0,0.0,15.0,0.0,0.0,0.0,0.0,7,508939.55999999994,0.0,225.0,0.0,10701.0,1
0.1,0.0,0.0,0.0,0.0,32.8,199.9,807.0,939.0,True,False,False,False,False,False,True,True,False,4,0,0,0.0,32.8,0.0,199.9,0.0,807.0,0.0,939.0,0.0,0.0,0.0,0.1,0.0,0.0,0.0,349,651249.0,0.0,0.010000000000000002,0.0,80.7,0
0.5,500.0,15.0,0.0,6.9,24.8,57.4,782.5,1227.0,True,False,False,True,False,False,False,False,True,1,0,0,0.0,24.8,0.0,57.4,0.0,782.5,0.0,1227.0,0.0,6.9,0.0,0.5,0.4599693353776415,0.013799972400055201,0.0,342,612306.25,47.61000000000001,0.25,5399.25,391.25,1
0.0,70.0,0.0,0.0,0.0,135.0,162.6,906.4,1331.4,True,False,True,False,False,False,False,False,True,2,0,0,0.0,135.0,0.0,162.6,0.0,906.4,0.0,1331.4,0.0,0.0,0.0,0.0,0.0,0.0,0.0,317,821560.96,0.0,0.0,0.0,0.0,0
10.0,0.0,0.0,0.0,0.0,169.0,40.6,926.6,1062.2,False,True,True,False,False,False,False,False,True,0,0,0,169.0,0.0,40.6,0.0,926.6,0.0,1062.2,0.0,0.0,0.0,10.0,0.0,0.0,0.0,0.0,362,858587.56,0.0,100.0,0.0,9266.0,0
0.2,0.0,0.0,0.0,0.0,4.2,172.8,908.0,1105.0,True,False,True,False,False,False,False,False,True,1,0,0,0.0,4.2,0.0,172.8,0.0,908.0,0.0,1105.0,0.0,0.0,0.0,0.2,0.0,0.0,0.0,313,824464.0,0.0,0.04000000000000001,0.0,181.60000000000002,0
0.1,0.0,0.0,0.0,0.0,104.0,12.4,1056.6,1105.0,True,False,True,False,False,False,False,False,True,3,0,0,0.0,104.0,0.0,12.4,0.0,1056.6,0.0,1105.0,0.0,0.0,0.0,0.1,0.0,0.0,0.0,332,1116403.5599999998,0.0,0.010000000000000002,0.0,105.66,0
0.1,0.0,0.0,0.0,0.0,45.8,10.2,1023.4,1331.4,True,False,True,False,False,False,False,False,True,2,0,1,0.0,45.8,0.0,10.2,0.0,1023.4,0.0,1331.4,0.0,0.0,0.0,0.1,0.0,0.0,0.0,352,1047347.5599999999,0.0,0.010000000000000002,0.0,102.34,0
0.4,0.0,0.0,0.0,0.0,261.1,32.5,739.7,1089.9,False,True,False,True,False,False,False,False,True,0,0,0,261.1,0.0,32.5,0.0,739.7,0.0,1089.9,0.0,0.0,0.0,0.4,0.0,0.0,0.0,0.0,11,547156.0900000001,0.0,0.16000000000000003,0.0,295.88000000000005,1
14.8,0.0,67.6,0.0,31.096,70.0,55.2,788.2,806.1,True,False,False,False,True,False,False,False,True,1,1,0,0.0,70.0,0.0,55.2,0.0,788.2,0.0,806.1,0.0,31.096,0.0,14.8,0.45999319536693245,31096.0,0.0,354,621259.2400000001,966.961216,219.04000000000002,24509.8672,11665.36,1
0.1,250.0,4.0,0.0,1.84,109.6,199.8,766.4,1227.0,True,False,False,True,False,False,False,False,True,3,0,1,0.0,109.6,0.0,199.8,0.0,766.4,0.0,1227.0,0.0,1.84,0.0,0.1,0.4598850287428143,0.00735997056011776,0.0,311,587368.96,3.3856,0.010000000000000002,1410.176,76.64,1
30.0,2500.0,50.0,0.0,23.0,72.0,293.6,1235.4,1331.2,True,False,False,False,False,False,True,False,True,1,0,0,0.0,72.0,0.0,293.6,0.0,1235.4,0.0,1331.2,0.0,23.0,0.0,30.0,0.45999080018399635,0.009199996320001472,0.0,6,1526213.1600000001,529.0,900.0,28414.2,37062.0,0
25.0,1666.7,0.0,0.0,0.0,66.7,280.0,1263.0,1331.2,False,True,False,False,False,False,True,True,False,0,0,0,66.7,0.0,280.0,0.0,1263.0,0.0,1331.2,0.0,0.0,0.0,25.0,0.0,0.0,0.0,0.0,362,1595169.0,0.0,625.0,0.0,31575.0,0
8.6,8000.0,0.0,0.0,0.0,14.8,244.4,1013.2,1062.2,True,False,True,False,False,False,False,False,True,1,0,0,0.0,14.8,0.0,244.4,0.0,1013.2,0.0,1062.2,0.0,0.0,0.0,8.6,0.0,0.0,0.0,328,1026574.2400000001,0.0,73.96,0.0,8713.52,0
24.0,3000.0,0.0,83.3,9.163,18.1,150.0,1176.3,1320.5,False,True,False,True,False,False,False,False,True,0,0,0,18.1,0.0,150.0,0.0,1176.3,0.0,1320.5,0.0,9.163,0.0,24.0,0.0,9163.0,0.0030543323152225615,83.3,338,1383681.69,83.960569,576.0,10778.4369,28231.199999999997,0
4.5,3500.0,88.9,200.0,62.894,99.0,190.2,1105.7,1288.7,True,False,True,False,False,False,False,False,True,2,0,0,0.0,99.0,0.0,190.2,0.0,1105.7,0.0,1288.7,0.0,62.894,0.0,4.5,0.7074611084239771,0.017969709151511668,200.0,333,1222572.49,3955.6552359999996,20.25,69541.8958,4975.650000000001,0
0.1,0.0,0.0,0.0,0.0,124.6,34.4,927.4,1105.0,False,True,True,False,False,False,False,False,True,0,0,0,124.6,0.0,34.4,0.0,927.4,0.0,1105.0,0.0,0.0,0.0,0.1,0.0,0.0,0.0,0.0,344,860070.76,0.0,0.010000000000000002,0.0,92.74000000000001,0
0.1,0.0,0.0,0.0,0.0,56.7,359.3,806.5,939.0,True,False,False,False,False,False,True,True,False,2,0,0,0.0,56.7,0.0,359.3,0.0,806.5,0.0,939.0,0.0,0.0,0.0,0.1,0.0,0.0,0.0,360,650442.25,0.0,0.010000000000000002,0.0,80.65,0
0.2,0.0,0.0,0.0,0.0,144.6,13.8,928.4,1105.0,True,False,True,False,False,False,False,False,True,3,0,0,0.0,144.6,0.0,13.8,0.0,928.4,0.0,1105.0,0.0,0.0,0.0,0.2,0.0,0.0,0.0,343,861926.5599999999,0.0,0.04000000000000001,0.0,185.68,0
0.2,0.0,0.0,0.0,0.0,35.4,131.2,1053.8,1105.0,True,False,True,False,False,False,False,False,True,1,0,0,0.0,35.4,0.0,131.2,0.0,1053.8,0.0,1105.0,0.0,0.0,0.0,0.2,0.0,0.0,0.0,327,1110494.44,0.0,0.04000000000000001,0.0,210.76,0
0.2,0.0,0.0,0.0,0.0,37.3,286.0,804.5,939.0,True,False,False,False,False,False,True,True,False,2,0,0,0.0,37.3,0.0,286.0,0.0,804.5,0.0,939.0,0.0,0.0,0.0,0.2,0.0,0.0,0.0,353,647220.25,0.0,0.04000000000000001,0.0,160.9,0
0.4,0.0,0.0,0.0,0.0,97.5,169.3,757.4,1227.0,False,True,False,True,False,False,False,False,True,0,0,0,97.5,0.0,169.3,0.0,757.4,0.0,1227.0,0.0,0.0,0.0,0.4,0.0,0.0,0.0,0.0,330,573654.76,0.0,0.16000000000000003,0.0,302.96,1
0.1,0.0,0.0,0.0,0.0,6.0,41.3,908.6,1142.3,True,False,False,False,False,False,True,False,True,1,0,1,0.0,6.0,0.0,41.3,0.0,908.6,0.0,1142.3,0.0,0.0,0.0,0.1,0.0,0.0,0.0,345,825553.9600000001,0.0,0.010000000000000002,0.0,90.86000000000001,0
0.0,0.0,0.0,0.0,0.0,132.2,3.0,1036.8,1105.0,True,False,True,False,False,False,False,False,True,4,0,0,0.0,132.2,0.0,3.0,0.0,1036.8,0.0,1105.0,0.0,0.0,0.0,0.0,0.0,0.0,0.0,336,1074954.24,0.0,0.0,0.0,0.0,0
13.4,0.0,37.2,81.8,26.11,14.8,288.8,1013.2,1062.2,True,False,True,False,False,False,False,False,True,4,0,0,0.0,14.8,0.0,288.8,0.0,1013.2,0.0,1062.2,0.0,26.11,0.0,13.4,0.7018628531491089,26110.0,81.8,327,1026574.2400000001,681.7321,179.56,26454.652000000002,13576.880000000001,0
15.0,0.0,46.7,53.3,27.345,139.5,149.4,1021.4,1108.4,True,False,False,False,True,False,False,False,True,1,1,0,0.0,139.5,0.0,149.4,0.0,1021.4,0.0,1108.4,0.0,27.345,0.0,15.0,0.5855335003533114,27345.0,53.3,324,1043257.96,747.749025,225.0,27930.182999999997,15321.0,0
10.0,5000.0,43.0,0.0,19.78,4.2,226.7,1209.5,1320.5,False,True,False,True,False,False,False,False,True,0,0,0,4.2,0.0,226.7,0.0,1209.5,0.0,1320.5,0.0,19.78,0.0,10.0,0.0,0.45998930257435877,0.0039559992088001586,0.0,346,1462890.25,391.24840000000006,100.0,23923.91,12095.0,0
8.7,3448.3,0.0,172.4,18.964,198.2,43.4,934.2,1062.2,False,True,True,False,False,False,False,False,True,0,1,1,198.2,0.0,43.4,0.0,934.2,0.0,1062.2,0.0,18.964,0.0,8.7,0.0,18964.0,0.005499519908499866,172.4,358,872729.6400000001,359.633296,75.68999999999998,17716.1688,8127.54,0
0.2,0.0,0.0,0.0,0.0,14.6,224.8,974.0,1105.0,True,False,True,False,False,False,False,False,True,1,0,0,0.0,14.6,0.0,224.8,0.0,974.0,0.0,1105.0,0.0,0.0,0.0,0.2,0.0,0.0,0.0,317,948676.0,0.0,0.04000000000000001,0.0,194.8,0
0.2,600.0,0.0,0.0,0.0,6.0,41.3,908.6,1142.3,True,False,False,False,False,False,True,True,False,3,0,0,0.0,6.0,0.0,41.3,0.0,908.6,0.0,1142.3,0.0,0.0,0.0,0.2,0.0,0.0,0.0,347,825553.9600000001,0.0,0.04000000000000001,0.0,181.72000000000003,0
0.1,0.0,0.0,0.0,0.0,36.8,312.2,895.8,1105.0,True,False,True,False,False,False,False,False,True,1,0,0,0.0,36.8,0.0,312.2,0.0,895.8,0.0,1105.0,0.0,0.0,0.0,0.1,0.0,0.0,0.0,353,802457.6399999999,0.0,0.010000000000000002,0.0,89.58,0
64.0,1666.7,31.3,39.1,18.699,4.2,226.7,1209.5,1320.5,False,True,False,True,False,False,False,False,True,0,0,1,4.2,0.0,226.7,0.0,1209.5,0.0,1320.5,0.0,18.699,0.0,64.0,0.0,0.5973930545349989,0.011219168885120968,39.1,346,1462890.25,349.65260100000006,4096.0,22616.4405,77408.0,0
0.5,0.0,0.0,0.0,0.0,20.4,318.6,929.1,1089.9,True,False,False,True,False,False,False,False,True,1,0,0,0.0,20.4,0.0,318.6,0.0,929.1,0.0,1089.9,0.0,0.0,0.0,0.5,0.0,0.0,0.0,355,863226.81,0.0,0.25,0.0,464.55,0
0.1,0.0,0.0,0.0,0.0,29.7,106.5,719.4,1142.3,False,True,False,False,False,False,True,False,True,0,0,0,29.7,0.0,106.5,0.0,719.4,0.0,1142.3,0.0,0.0,0.0,0.1,0.0,0.0,0.0,0.0,336,517536.36,0.0,0.010000000000000002,0.0,71.94,1
2.5,4000.0,40.0,0.0,18.4,167.6,41.8,931.0,1062.2,True,False,True,False,False,False,False,False,True,1,0,0,0.0,167.6,0.0,41.8,0.0,931.0,0.0,1062.2,0.0,18.4,0.0,2.5,0.45998850028749283,0.004599998850000287,0.0,360,866761.0,338.55999999999995,6.25,17130.399999999998,2327.5,0
8.0,2750.0,100.0,200.0,68.0,89.4,180.0,1106.1,1288.7,True,False,True,False,False,False,False,False,True,2,0,0,0.0,89.4,0.0,180.0,0.0,1106.1,0.0,1288.7,0.0,68.0,0.0,8.0,0.6799932000679992,0.024727263735540458,200.0,335,1223457.2099999997,4624.0,64.0,75214.79999999999,8848.8,0
25.0,1666.7,0.0,0.0,0.0,34.0,153.0,947.9,1108.4,False,True,False,False,True,False,False,False,True,0,0,0,34.0,0.0,153.0,0.0,947.9,0.0,1108.4,0.0,0.0,0.0,25.0,0.0,0.0,0.0,0.0,342,898514.4099999999,0.0,625.0,0.0,23697.5,0
0.2,0.0,0.0,0.0,0.0,17.6,129.8,1023.4,1105.0,True,False,True,False,False,False,False,False,True,1,0,0,0.0,17.6,0.0,129.8,0.0,1023.4,0.0,1105.0,0.0,0.0,0.0,0.2,0.0,0.0,0.0,322,1047347.5599999999,0.0,0.04000000000000001,0.0,204.68,0
0.1,300.0,3.0,0.0,1.38,37.0,22.6,1036.6,1331.4,False,True,True,False,False,False,False,False,True,0,0,0,37.0,0.0,22.6,0.0,1036.6,0.0,1331.4,0.0,1.38,0.0,0.1,0.0,0.4598467177607464,0.004599984666717778,0.0,344,1074539.5599999998,1.9043999999999996,0.010000000000000002,1430.5079999999998,103.66,0
7.0,0.0,71.4,0.0,32.844,2.2,281.2,1017.8,1062.2,True,False,True,False,False,False,False,False,True,1,1,0,0.0,2.2,0.0,281.2,0.0,1017.8,0.0,1062.2,0.0,32.844,0.0,7.0,0.45999355751320004,32844.0,0.0,337,1035916.8399999999,1078.7283360000001,49.0,33428.6232,7124.599999999999,0
0.1,0.0,0.0,0.0,0.0,21.2,342.4,931.2,1331.4,True,False,True,False,False,False,False,False,True,2,0,1,0.0,21.2,0.0,342.4,0.0,931.2,0.0,1331.4,0.0,0.0,0.0,0.1,0.0,0.0,0.0,331,867133.4400000001,0.0,0.010000000000000002,0.0,93.12,0
0.2,0.0,0.0,0.0,0.0,37.3,325.6,804.5,939.0,True,False,False,False,False,False,True,False,True,1,0,0,0.0,37.3,0.0,325.6,0.0,804.5,0.0,939.0,0.0,0.0,0.0,0.2,0.0,0.0,0.0,354,647220.25,0.0,0.04000000000000001,0.0,160.9,0
0.1,400.0,0.0,0.0,0.0,33.3,107.2,719.1,1142.3,False,True,False,False,False,False,True,False,True,0,0,0,33.3,0.0,107.2,0.0,719.1,0.0,1142.3,0.0,0.0,0.0,0.1,0.0,0.0,0.0,0.0,332,517104.81000000006,0.0,0.010000000000000002,0.0,71.91000000000001,1
0.1,0.0,0.0,0.0,0.0,124.6,34.4,927.4,1105.0,False,True,True,False,False,False,False,False,True,0,0,0,124.6,0.0,34.4,0.0,927.4,0.0,1105.0,0.0,0.0,0.0,0.1,0.0,0.0,0.0,0.0,344,860070.76,0.0,0.010000000000000002,0.0,92.74000000000001,0
18.6,1616.4,26.9,26.9,15.333,75.6,66.6,721.0,875.4,True,False,False,False,False,False,True,True,False,1,0,0,0.0,75.6,0.0,66.6,0.0,721.0,0.0,875.4,0.0,15.333,0.0,18.6,0.5699788111966098,0.009485888712021336,26.9,364,519841.0,235.100889,345.96000000000004,11055.093,13410.6,1
0.0,0.0,0.0,0.0,0.0,83.1,67.4,956.7,1089.9,True,False,False,True,False,False,False,False,True,4,1,1,0.0,83.1,0.0,67.4,0.0,956.7,0.0,1089.9,0.0,0.0,0.0,0.0,0.0,0.0,0.0,342,915274.8900000001,0.0,0.0,0.0,0.0,0
0.4,0.0,0.0,0.0,0.0,112.1,38.2,785.3,1227.0,False,True,False,True,False,False,False,False,True,0,0,0,112.1,0.0,38.2,0.0,785.3,0.0,1227.0,0.0,0.0,0.0,0.4,0.0,0.0,0.0,0.0,325,616696.09,0.0,0.16000000000000003,0.0,314.12,1
0.0,0.0,0.0,0.0,0.0,40.6,330.6,950.6,1331.4,True,False,True,False,False,False,False,False,True,2,0,0,0.0,40.6,0.0,330.6,0.0,950.6,0.0,1331.4,0.0,0.0,0.0,0.0,0.0,0.0,0.0,337,903640.36,0.0,0.0,0.0,0.0,0
0.1,100.0,0.0,5.0,0.55,24.2,120.8,761.8,1227.0,True,False,False,True,False,False,False,False,True,3,0,1,0.0,24.2,0.0,120.8,0.0,761.8,0.0,1227.0,0.0,0.55,0.0,0.1,550.0,0.005499945000549995,5.0,341,580339.2399999999,0.30250000000000005,0.010000000000000002,418.99,76.17999999999999,1
2.7,2777.8,0.0,148.1,16.291,200.0,6.8,706.0,1062.2,False,True,True,False,False,False,False,True,False,0,0,0,200.0,0.0,6.8,0.0,706.0,0.0,1062.2,0.0,16.291,0.0,2.7,0.0,16291.0,0.005864710971016282,148.1,13,498436.0,265.396681,7.290000000000001,11501.446,1906.2,1
260.0,7692.3,0.0,0.0,0.0,96.0,25.0,821.0,948.0,False,True,False,False,False,True,False,True,False,0,0,0,96.0,0.0,25.0,0.0,821.0,0.0,948.0,0.0,0.0,0.0,260.0,0.0,0.0,0.0,0.0,360,674041.0,0.0,67600.0,0.0,213460.0,0
0.0,0.0,0.0,0.0,0.0,20.4,318.6,929.1,1089.9,True,False,False,True,False,False,False,False,True,1,0,0,0.0,20.4,0.0,318.6,0.0,929.1,0.0,1089.9,0.0,0.0,0.0,0.0,0.0,0.0,0.0,355,863226.81,0.0,0.0,0.0,0.0,0
0.4,0.0,0.0,0.0,0.0,32.3,112.5,946.0,1089.9,True,False,False,True,False,False,False,False,True,1,0,0,0.0,32.3,0.0,112.5,0.0,946.0,0.0,1089.9,0.0,0.0,0.0,0.4,0.0,0.0,0.0,348,894916.0,0.0,0.16000000000000003,0.0,378.40000000000003,0
19.0,3125.0,0.0,52.6,5.786,69.1,294.1,1244.0,1331.2,False,True,False,False,False,False,True,True,False,0,0,0,69.1,0.0,294.1,0.0,1244.0,0.0,1331.2,0.0,5.786,0.0,19.0,0.0,5785.999999999999,0.0018515194075137892,52.6,3,1547536.0,33.477796,361.0,7197.784,23636.0,0
0.1,0.0,0.0,0.0,0.0,83.1,67.4,956.7,1089.9,True,False,False,True,False,False,False,False,True,1,0,0,0.0,83.1,0.0,67.4,0.0,956.7,0.0,1089.9,0.0,0.0,0.0,0.1,0.0,0.0,0.0,342,915274.8900000001,0.0,0.010000000000000002,0.0,95.67000000000002,0
10.0,1666.7,0.0,50.0,5.5,62.2,15.4,1299.9,1331.2,False,True,False,False,False,False,True,False,True,0,0,0,62.2,0.0,15.4,0.0,1299.9,0.0,1331.2,0.0,5.5,0.0,10.0,0.0,5500.0,0.003299932021400359,50.0,359,1689740.0100000002,30.25,100.0,7149.450000000001,12999.0,0
0.2,0.0,0.0,0.0,0.0,31.6,370.4,894.2,1105.0,False,True,True,False,False,False,False,False,True,0,0,0,31.6,0.0,370.4,0.0,894.2,0.0,1105.0,0.0,0.0,0.0,0.2,0.0,0.0,0.0,0.0,360,799593.6400000001,0.0,0.04000000000000001,0.0,178.84000000000003,0
6.0,2500.0,0.0,83.3,9.163,198.2,43.4,934.2,1062.2,False,True,True,False,False,False,False,False,True,0,0,1,198.2,0.0,43.4,0.0,934.2,0.0,1062.2,0.0,9.163,0.0,6.0,0.0,9163.0,0.0036651985339205863,83.3,358,872729.6400000001,83.960569,36.0,8560.0746,5605.200000000001,0
12.8,3515.6,0.0,0.0,0.0,169.0,40.6,926.6,1062.2,True,False,True,False,False,False,False,False,True,3,1,0,0.0,169.0,0.0,40.6,0.0,926.6,0.0,1062.2,0.0,0.0,0.0,12.8,0.0,0.0,0.0,362,858587.56,0.0,163.84000000000003,0.0,11860.480000000001,0
0.3,840.0,0.0,0.0,0.0,50.0,107.2,709.6,1142.3,False,True,False,False,False,False,True,False,True,0,0,0,50.0,0.0,107.2,0.0,709.6,0.0,1142.3,0.0,0.0,0.0,0.3,0.0,0.0,0.0,0.0,330,503532.16000000003,0.0,0.09,0.0,212.88,1
0.2,0.0,0.0,10.0,1.1,21.2,342.4,931.2,1331.4,False,True,True,False,False,False,False,False,True,0,0,1,21.2,0.0,342.4,0.0,931.2,0.0,1331.4,0.0,1.1,0.0,0.2,0.0,1100.0,1100.0,10.0,331,867133.4400000001,1.2100000000000002,0.04000000000000001,1024.3200000000002,186.24,0
40.0,0.0,0.0,37.5,4.125,0.9,49.9,774.22,844.8,True,False,False,True,False,False,False,False,True,1,0,0,0.0,0.9,0.0,49.9,0.0,774.22,0.0,844.8,0.0,4.125,0.0,40.0,4125.0,4125.0,37.5,307,599416.6084,17.015625,1600.0,3193.6575000000003,30968.800000000003,1
25.0,2500.0,50.0,120.0,36.2,109.8,52.5,755.5,875.4,False,True,False,False,False,False,True,True,False,0,0,0,109.8,0.0,52.5,0.0,755.5,0.0,875.4,0.0,36.2,0.0,25.0,0.0,0.7239855202895943,0.014479994208002316,120.0,361,570780.25,1310.4400000000003,625.0,27349.100000000002,18887.5,1
0.1,250.0,0.0,0.0,0.0,43.0,12.8,1002.4,1331.4,False,True,True,False,False,False,False,False,True,0,0,0,43.0,0.0,12.8,0.0,1002.4,0.0,1331.4,0.0,0.0,0.0,0.1,0.0,0.0,0.0,0.0,357,1004805.76,0.0,0.010000000000000002,0.0,100.24000000000001,0
0.1,0.0,0.0,0.0,0.0,37.1,360.8,927.6,1089.9,False,True,False,True,False,False,False,False,True,0,0,0,37.1,0.0,360.8,0.0,927.6,0.0,1089.9,0.0,0.0,0.0,0.1,0.0,0.0,0.0,0.0,361,860441.76,0.0,0.010000000000000002,0.0,92.76,0
0.1,0.0,0.0,0.0,0.0,79.6,34.5,883.5,939.0,True,False,False,False,False,False,True,True,False,1,0,0,0.0,79.6,0.0,34.5,0.0,883.5,0.0,939.0,0.0,0.0,0.0,0.1,0.0,0.0,0.0,336,780572.25,0.0,0.010000000000000002,0.0,88.35000000000001,0
46.0,3478.3,65.2,15.2,31.664,110.6,67.6,725.5,875.4,True,False,False,False,False,False,True,True,False,1,0,0,0.0,110.6,0.0,67.6,0.0,725.5,0.0,875.4,0.0,31.664,0.0,46.0,0.48563672336313857,0.009103294970734274,15.2,363,526350.25,1002.6088960000001,2116.0,22972.232,33373.0,1
10.0,2500.0,100.0,0.0,46.0,50.5,0.0,590.3,806.1,False,True,False,False,True,False,False,False,True,0,1,0,50.5,0.0,0.0,0.0,590.3,0.0,806.1,0.0,46.0,0.0,10.0,0.0,0.45999540004599954,0.018399992640002943,0.0,10,348454.08999999997,2116.0,100.0,27153.8,5903.0,1
0.1,500.0,0.0,0.0,0.0,15.2,338.6,944.2,1331.4,False,True,True,False,False,False,False,False,True,0,0,0,15.2,0.0,338.6,0.0,944.2,0.0,1331.4,0.0,0.0,0.0,0.1,0.0,0.0,0.0,0.0,334,891513.6400000001,0.0,0.010000000000000002,0.0,94.42000000000002,0
0.1,0.0,0.0,0.0,0.0,16.6,377.0,896.2,1105.0,True,False,True,False,False,False,False,False,True,1,0,0,0.0,16.6,0.0,377.0,0.0,896.2,0.0,1105.0,0.0,0.0,0.0,0.1,0.0,0.0,0.0,356,803174.4400000001,0.0,0.010000000000000002,0.0,89.62,0
20.8,2506.0,50.6,50.1,28.787,115.5,54.3,824.0,875.4,False,True,False,False,False,False,True,True,False,0,0,0,115.5,0.0,54.3,0.0,824.0,0.0,875.4,0.0,28.787,0.0,20.8,0.0,0.5689018003596766,0.011487226062559431,50.1,356,678976.0,828.6913689999999,432.64000000000004,23720.487999999998,17139.2,0
0.2,700.0,0.0,15.0,1.65,135.0,162.6,906.4,1331.4,False,True,True,False,False,False,False,False,True,0,0,0,135.0,0.0,162.6,0.0,906.4,0.0,1331.4,0.0,1.65,0.0,0.2,0.0,1649.9999999999998,0.002357139489800729,15.0,317,821560.96,2.7224999999999997,0.04000000000000001,1495.56,181.28,0
0.1,0.0,0.0,0.0,0.0,36.4,138.8,901.4,1105.0,False,True,True,False,False,False,False,False,True,0,0,0,36.4,0.0,138.8,0.0,901.4,0.0,1105.0,0.0,0.0,0.0,0.1,0.0,0.0,0.0,0.0,350,812521.96,0.0,0.010000000000000002,0.0,90.14,0
18.4,1998.9,0.0,0.0,0.0,109.8,52.5,755.5,875.4,True,False,False,False,False,False,True,True,False,2,0,0,0.0,109.8,0.0,52.5,0.0,755.5,0.0,875.4,0.0,0.0,0.0,18.4,0.0,0.0,0.0,361,570780.25,0.0,338.55999999999995,0.0,13901.199999999999,1
0.1,0.0,0.0,0.0,0.0,43.0,336.8,954.4,1331.4,True,False,True,False,False,False,False,False,True,2,0,1,0.0,43.0,0.0,336.8,0.0,954.4,0.0,1331.4,0.0,0.0,0.0,0.1,0.0,0.0,0.0,338,910879.36,0.0,0.010000000000000002,0.0,95.44,0
0.1,400.0,0.0,0.0,0.0,153.6,257.2,925.0,1331.4,True,False,True,False,False,False,False,False,True,2,0,0,0.0,153.6,0.0,257.2,0.0,925.0,0.0,1331.4,0.0,0.0,0.0,0.1,0.0,0.0,0.0,316,855625.0,0.0,0.010000000000000002,0.0,92.5,0
15.0,1666.7,113.3,200.0,74.118,69.4,261.7,1088.9,1288.7,False,True,True,False,False,False,False,False,True,0,0,0,69.4,0.0,261.7,0.0,1088.9,0.0,1288.7,0.0,74.118,0.0,15.0,0.0,0.6541689835041173,0.04446988392039124,200.0,362,1185703.2100000002,5493.477923999999,225.0,80707.0902,16333.500000000002,0
0.0,0.0,0.0,0.0,0.0,69.4,97.8,928.6,1105.0,False,True,True,False,False,False,False,False,True,0,0,0,69.4,0.0,97.8,0.0,928.6,0.0,1105.0,0.0,0.0,0.0,0.0,0.0,0.0,0.0,0.0,346,862297.9600000001,0.0,0.0,0.0,0.0,0
8.0,0.0,0.0,0.0,0.0,124.4,189.0,1106.9,1288.7,False,True,True,False,False,False,False,False,True,0,0,0,124.4,0.0,189.0,0.0,1106.9,0.0,1288.7,0.0,0.0,0.0,8.0,0.0,0.0,0.0,0.0,332,1225227.61,0.0,64.0,0.0,8855.2,0
0.2,0.0,0.0,0.0,0.0,83.2,67.3,946.1,1089.9,False,True,False,True,False,False,False,False,True,0,0,0,83.2,0.0,67.3,0.0,946.1,0.0,1089.9,0.0,0.0,0.0,0.2,0.0,0.0,0.0,0.0,344,895105.2100000001,0.0,0.04000000000000001,0.0,189.22000000000003,0
0.1,0.0,0.0,0.0,0.0,79.6,46.0,861.2,939.0,True,False,False,False,False,False,True,True,False,1,0,0,0.0,79.6,0.0,46.0,0.0,861.2,0.0,939.0,0.0,0.0,0.0,0.1,0.0,0.0,0.0,339,741665.4400000001,0.0,0.010000000000000002,0.0,86.12,0
0.2,0.0,0.0,0.0,0.0,45.5,78.7,946.0,1089.9,False,True,False,True,False,False,False,False,True,0,0,0,45.5,0.0,78.7,0.0,946.0,0.0,1089.9,0.0,0.0,0.0,0.2,0.0,0.0,0.0,0.0,346,894916.0,0.0,0.04000000000000001,0.0,189.20000000000002,0
72.0,2777.8,69.4,138.9,47.203,109.8,52.5,755.0,875.4,False,True,False,False,False,False,True,True,False,0,0,0,109.8,0.0,52.5,0.0,755.0,0.0,875.4,0.0,47.203,0.0,72.0,0.0,0.6801487010273627,0.01699293793903883,138.9,362,570025.0,2228.1232090000003,5184.0,35638.265,54360.0,1
6.5,3675.3,53.6,0.0,24.656,50.1,15.1,714.2,875.4,True,False,False,False,False,False,True,True,False,2,0,0,0.0,50.1,0.0,15.1,0.0,714.2,0.0,875.4,0.0,24.656,0.0,6.5,0.4599914180705584,0.006708566182742582,0.0,5,510081.6400000001,607.918336,42.25,17609.3152,4642.3,1
0.5,0.0,0.0,0.0,0.0,67.5,17.2,1030.1,1089.9,True,False,False,True,False,False,False,False,True,2,0,0,0.0,67.5,0.0,17.2,0.0,1030.1,0.0,1089.9,0.0,0.0,0.0,0.5,0.0,0.0,0.0,331,1061106.0099999998,0.0,0.25,0.0,515.05,0
0.2,0.0,0.0,0.0,0.0,35.8,225.4,957.0,1331.4,False,True,True,False,False,False,False,False,True,0,0,0,35.8,0.0,225.4,0.0,957.0,0.0,1331.4,0.0,0.0,0.0,0.2,0.0,0.0,0.0,0.0,341,915849.0,0.0,0.04000000000000001,0.0,191.4,0
10.0,0.0,70.0,70.0,39.9,167.6,41.8,931.0,1062.2,False,True,True,False,False,False,False,False,True,0,0,0,167.6,0.0,41.8,0.0,931.0,0.0,1062.2,0.0,39.9,0.0,10.0,0.0,0.569991857259182,39900.0,70.0,360,866761.0,1592.01,100.0,37146.9,9310.0,0
20.0,4166.7,50.0,0.0,23.0,146.0,244.5,879.6,1108.4,True,False,False,False,True,False,False,False,True,1,1,0,0.0,146.0,0.0,244.5,0.0,879.6,0.0,1108.4,0.0,23.0,0.0,20.0,0.45999080018399635,0.005519954515574792,0.0,3,773696.16,529.0,400.0,20230.8,17592.0,0
0.1,0.0,0.0,0.0,0.0,131.4,1.8,982.4,1105.0,True,False,True,False,False,False,False,False,True,4,1,1,0.0,131.4,0.0,1.8,0.0,982.4,0.0,1105.0,0.0,0.0,0.0,0.1,0.0,0.0,0.0,338,965109.76,0.0,0.010000000000000002,0.0,98.24000000000001,0
0.3,0.0,0.0,0.0,0.0,79.6,27.7,883.5,939.0,False,True,False,False,False,False,True,True,False,0,0,0,79.6,0.0,27.7,0.0,883.5,0.0,939.0,0.0,0.0,0.0,0.3,0.0,0.0,0.0,0.0,335,780572.25,0.0,0.09,0.0,265.05,0
80.0,1666.7,50.0,87.5,32.625,17.8,305.6,1319.8,1331.2,False,True,False,False,False,False,True,True,False,0,0,0,17.8,0.0,305.6,0.0,1319.8,0.0,1331.2,0.0,32.625,0.0,80.0,0.0,0.6524869502609948,0.019574596763306674,87.5,339,1741872.0399999998,1064.390625,6400.0,43058.475,105584.0,0
4.0,5000.0,0.0,0.0,0.0,154.0,53.8,978.6,1062.2,True,False,True,False,False,False,False,False,True,1,0,0,0.0,154.0,0.0,53.8,0.0,978.6,0.0,1062.2,0.0,0.0,0.0,4.0,0.0,0.0,0.0,356,957657.9600000001,0.0,16.0,0.0,3914.4,0
0.4,1000.0,0.0,0.0,0.0,137.7,187.5,746.8,1227.0,False,True,False,True,False,False,False,False,True,0,0,0,137.7,0.0,187.5,0.0,746.8,0.0,1227.0,0.0,0.0,0.0,0.4,0.0,0.0,0.0,0.0,316,557710.2399999999,0.0,0.16000000000000003,0.0,298.71999999999997,1
17.0,1764.7,58.8,0.0,27.048,91.6,71.4,1021.0,1062.2,False,True,True,False,False,False,False,False,True,0,0,1,91.6,0.0,71.4,0.0,1021.0,0.0,1062.2,0.0,27.048,0.0,17.0,0.0,0.45999217700379247,0.015327242405370653,0.0,351,1042441.0,731.5943039999999,289.0,27616.007999999998,17357.0,0
80.0,3928.6,0.0,0.0,0.0,45.4,31.9,1132.1,1288.7,False,True,True,False,False,False,False,False,True,0,0,1,45.4,0.0,31.9,0.0,1132.1,0.0,1288.7,0.0,0.0,0.0,80.0,0.0,0.0,0.0,0.0,357,1281650.4099999997,0.0,6400.0,0.0,90568.0,0
20.0,4000.0,40.0,0.0,18.4,171.7,30.6,718.2,806.1,True,False,False,False,True,False,False,False,True,1,1,1,0.0,171.7,0.0,30.6,0.0,718.2,0.0,806.1,0.0,18.4,0.0,20.0,0.45998850028749283,0.004599998850000287,0.0,360,515811.24000000005,338.55999999999995,400.0,13214.88,14364.0,1
10.0,0.0,0.0,0.0,0.0,162.6,45.0,870.8,1062.2,True,False,True,False,False,False,False,False,True,1,1,1,0.0,162.6,0.0,45.0,0.0,870.8,0.0,1062.2,0.0,0.0,0.0,10.0,0.0,0.0,0.0,363,758292.6399999999,0.0,100.0,0.0,8708.0,0
1.5,4750.0,0.0,0.0,0.0,72.9,3.8,870.5,1227.0,False,True,False,True,False,False,False,False,True,0,0,1,72.9,0.0,3.8,0.0,870.5,0.0,1227.0,0.0,0.0,0.0,1.5,0.0,0.0,0.0,0.0,355,757770.25,0.0,2.25,0.0,1305.75,0
0.6,0.0,0.0,0.0,0.0,18.2,113.6,736.0,900.1,False,True,False,False,False,True,False,True,False,0,0,0,18.2,0.0,113.6,0.0,736.0,0.0,900.1,0.0,0.0,0.0,0.6,0.0,0.0,0.0,0.0,353,541696.0,0.0,0.36,0.0,441.59999999999997,1
4.2,2857.1,95.2,0.0,43.792,99.0,190.2,1105.7,1288.7,True,False,True,False,False,False,False,False,True,1,0,0,0.0,99.0,0.0,190.2,0.0,1105.7,0.0,1288.7,0.0,43.792,0.0,4.2,0.4599951681179819,0.01532742454676961,0.0,333,1222572.49,1917.739264,17.64,48420.8144,4643.9400000000005,0
23.8,3151.3,0.0,0.0,0.0,129.9,14.0,616.5,806.1,True,False,False,False,True,False,False,False,True,1,1,1,0.0,129.9,0.0,14.0,0.0,616.5,0.0,806.1,0.0,0.0,0.0,23.8,0.0,0.0,0.0,2,380072.25,0.0,566.44,0.0,14672.7,1
4.0,0.0,0.0,0.0,0.0,169.0,40.6,926.6,1062.2,True,False,True,False,False,False,False,False,True,1,1,0,0.0,169.0,0.0,40.6,0.0,926.6,0.0,1062.2,0.0,0.0,0.0,4.0,0.0,0.0,0.0,362,858587.56,0.0,16.0,0.0,3706.4,0
22.0,0.0,81.8,0.0,37.628,43.4,118.6,1132.1,1288.7,True,False,True,False,False,False,False,False,True,1,0,0,0.0,43.4,0.0,118.6,0.0,1132.1,0.0,1288.7,0.0,37.628,0.0,22.0,0.4599943765968631,37628.0,0.0,353,1281650.4099999997,1415.866384,484.0,42598.6588,24906.199999999997,0
30.0,3125.0,50.0,0.0,23.0,34.0,143.5,928.9,1108.4,False,True,False,False,True,False,False,False,True,0,1,0,34.0,0.0,143.5,0.0,928.9,0.0,1108.4,0.0,23.0,0.0,30.0,0.0,0.45999080018399635,0.007359997644800753,0.0,344,862855.21,529.0,900.0,21364.7,27867.0,0
0.4,2000.0,0.0,0.0,0.0,159.8,139.0,702.3,1227.0,False,True,False,True,False,False,False,False,True,0,0,0,159.8,0.0,139.0,0.0,702.3,0.0,1227.0,0.0,0.0,0.0,0.4,0.0,0.0,0.0,0.0,319,493225.2899999999,0.0,0.16000000000000003,0.0,280.92,1
0.2,0.0,0.0,0.0,0.0,198.6,244.9,731.8,900.1,True,False,False,False,False,True,False,True,False,1,0,0,0.0,198.6,0.0,244.9,0.0,731.8,0.0,900.1,0.0,0.0,0.0,0.2,0.0,0.0,0.0,365,535531.24,0.0,0.04000000000000001,0.0,146.35999999999999,1
0.1,0.0,0.0,0.0,0.0,47.5,43.7,760.6,1164.1,False,True,False,False,True,False,False,False,True,0,0,0,47.5,0.0,43.7,0.0,760.6,0.0,1164.1,0.0,0.0,0.0,0.1,0.0,0.0,0.0,0.0,324,578512.36,0.0,0.010000000000000002,0.0,76.06,1
0.2,0.0,0.0,0.0,0.0,14.4,197.2,955.0,1105.0,True,False,True,False,False,False,False,False,True,1,1,1,0.0,14.4,0.0,197.2,0.0,955.0,0.0,1105.0,0.0,0.0,0.0,0.2,0.0,0.0,0.0,314,912025.0,0.0,0.04000000000000001,0.0,191.0,0
0.1,0.0,0.0,0.0,0.0,76.4,38.6,906.0,1331.4,True,False,True,False,False,False,False,False,True,2,0,0,0.0,76.4,0.0,38.6,0.0,906.0,0.0,1331.4,0.0,0.0,0.0,0.1,0.0,0.0,0.0,324,820836.0,0.0,0.010000000000000002,0.0,90.60000000000001,0
8.5,0.0,0.0,0.0,0.0,14.8,244.4,1013.2,1062.2,False,True,True,False,False,False,False,False,True,0,1,1,14.8,0.0,244.4,0.0,1013.2,0.0,1062.2,0.0,0.0,0.0,8.5,0.0,0.0,0.0,0.0,328,1026574.2400000001,0.0,72.25,0.0,8612.2,0
0.2,0.0,0.0,0.0,0.0,20.5,114.4,931.0,1089.9,True,False,False,True,False,False,False,False,True,1,0,0,0.0,20.5,0.0,114.4,0.0,931.0,0.0,1089.9,0.0,0.0,0.0,0.2,0.0,0.0,0.0,351,866761.0,0.0,0.04000000000000001,0.0,186.20000000000002,0
3.2,0.0,0.0,0.0,0.0,169.0,40.6,926.6,1062.2,True,False,True,False,False,False,False,False,True,1,0,0,0.0,169.0,0.0,40.6,0.0,926.6,0.0,1062.2,0.0,0.0,0.0,3.2,0.0,0.0,0.0,362,858587.56,0.0,10.240000000000002,0.0,2965.1200000000003,0
2.5,0.0,60.0,0.0,27.6,23.4,22.8,846.1,1227.0,False,True,False,True,False,False,False,False,True,0,0,0,23.4,0.0,22.8,0.0,846.1,0.0,1227.0,0.0,27.6,0.0,2.5,0.0,0.459992333461109,27600.0,0.0,345,715885.2100000001,761.7600000000001,6.25,23352.36,2115.25,0
8.0,3571.4,70.0,125.0,45.95,69.1,294.1,1244.0,1331.2,False,True,False,False,False,False,True,True,False,0,0,0,69.1,0.0,294.1,0.0,1244.0,0.0,1331.2,0.0,45.95,0.0,8.0,0.0,0.6564191940115142,0.012866099326286799,125.0,3,1547536.0,2111.4025,64.0,57161.8,9952.0,0
13.0,0.0,76.9,115.4,48.068,226.2,5.4,825.0,1062.2,False,True,True,False,False,False,False,False,True,0,0,1,226.2,0.0,5.4,0.0,825.0,0.0,1062.2,0.0,48.068,0.0,13.0,0.0,0.6250633931938465,48068.0,115.4,4,680625.0,2310.532624,169.0,39656.1,10725.0,0
0.0,150.0,0.0,0.0,0.0,109.6,195.4,762.3,1227.0,True,False,False,True,False,False,False,False,True,4,0,1,0.0,109.6,0.0,195.4,0.0,762.3,0.0,1227.0,0.0,0.0,0.0,0.0,0.0,0.0,0.0,313,581101.2899999999,0.0,0.0,0.0,0.0,1
24.2,2750.0,78.5,0.0,36.11,28.4,146.4,1144.9,1288.7,True,False,True,False,False,False,False,False,True,1,0,0,0.0,28.4,0.0,146.4,0.0,1144.9,0.0,1288.7,0.0,36.11,0.0,24.2,0.4599941402020356,0.013130904316034793,0.0,342,1310796.0100000002,1303.9321,585.64,41342.339,27706.58,0
0.1,500.0,5.0,0.0,2.3,38.5,166.9,757.9,1227.0,True,False,False,True,False,False,False,True,False,2,0,0,0.0,38.5,0.0,166.9,0.0,757.9,0.0,1227.0,0.0,2.3,0.0,0.1,0.4599080183963207,0.0045999908000184,0.0,339,574412.4099999999,5.289999999999999,0.010000000000000002,1743.1699999999998,75.79,1
0.1,0.0,0.0,0.0,0.0,84.4,63.5,973.3,1089.9,False,True,False,True,False,False,False,False,True,0,0,0,84.4,0.0,63.5,0.0,973.3,0.0,1089.9,0.0,0.0,0.0,0.1,0.0,0.0,0.0,0.0,339,947312.8899999999,0.0,0.010000000000000002,0.0,97.33,0
15.0,4000.0,66.7,0.0,30.682,34.0,143.5,928.9,1108.4,False,True,False,False,True,False,False,False,True,0,0,0,34.0,0.0,143.5,0.0,928.9,0.0,1108.4,0.0,30.682,0.0,15.0,0.0,0.45999310355167083,0.007670498082375478,0.0,344,862855.21,941.3851239999999,225.0,28500.5098,13933.5,0
4.0,3750.0,0.0,0.0,0.0,146.4,44.0,868.8,1062.2,True,False,True,False,False,False,False,False,True,1,0,0,0.0,146.4,0.0,44.0,0.0,868.8,0.0,1062.2,0.0,0.0,0.0,4.0,0.0,0.0,0.0,364,754813.44,0.0,16.0,0.0,3475.2,0
0.2,0.0,0.0,0.0,0.0,131.4,1.8,982.4,1105.0,True,False,True,False,False,False,False,False,True,2,1,1,0.0,131.4,0.0,1.8,0.0,982.4,0.0,1105.0,0.0,0.0,0.0,0.2,0.0,0.0,0.0,338,965109.76,0.0,0.04000000000000001,0.0,196.48000000000002,0
50.0,0.0,100.0,0.0,46.0,45.4,25.9,1130.7,1288.7,False,True,True,False,False,False,False,False,True,0,1,0,45.4,0.0,25.9,0.0,1130.7,0.0,1288.7,0.0,46.0,0.0,50.0,0.0,0.45999540004599954,46000.0,0.0,359,1278482.49,2116.0,2500.0,52012.200000000004,56535.0,0
0.0,0.0,0.0,0.0,0.0,36.8,139.2,973.2,1331.4,True,False,True,False,False,False,False,False,True,1,0,0,0.0,36.8,0.0,139.2,0.0,973.2,0.0,1331.4,0.0,0.0,0.0,0.0,0.0,0.0,0.0,342,947118.2400000001,0.0,0.0,0.0,0.0,0
0.0,0.0,0.0,0.0,0.0,136.6,2.4,956.2,1105.0,True,False,True,False,False,False,False,False,True,2,0,0,0.0,136.6,0.0,2.4,0.0,956.2,0.0,1105.0,0.0,0.0,0.0,0.0,0.0,0.0,0.0,341,914318.4400000001,0.0,0.0,0.0,0.0,0
0.2,0.0,0.0,0.0,0.0,69.4,97.8,928.6,1105.0,True,False,True,False,False,False,False,False,True,1,0,0,0.0,69.4,0.0,97.8,0.0,928.6,0.0,1105.0,0.0,0.0,0.0,0.2,0.0,0.0,0.0,346,862297.9600000001,0.0,0.04000000000000001,0.0,185.72000000000003,0
0.1,400.0,5.0,15.0,3.95,153.6,257.2,925.0,1331.4,True,False,True,False,False,False,False,False,True,2,0,1,0.0,153.6,0.0,257.2,0.0,925.0,0.0,1331.4,0.0,3.95,0.0,0.1,0.7898420315936813,0.009874975312561719,15.0,316,855625.0,15.602500000000001,0.010000000000000002,3653.75,92.5,0
70.0,3571.4,0.0,21.4,2.354,140.8,32.2,717.5,844.8,False,True,False,True,False,False,False,False,True,0,0,0,140.8,0.0,32.2,0.0,717.5,0.0,844.8,0.0,2.354,0.0,70.0,0.0,2354.0,0.0006591250884456827,21.4,361,514806.25,5.541316,4900.0,1688.9950000000001,50225.0,1
0.3,0.0,0.0,0.0,0.0,24.7,55.8,910.6,1142.3,False,True,False,False,False,False,True,False,True,0,0,0,24.7,0.0,55.8,0.0,910.6,0.0,1142.3,0.0,0.0,0.0,0.3,0.0,0.0,0.0,0.0,343,829192.36,0.0,0.09,0.0,273.18,0
0.2,0.0,0.0,10.0,1.1,34.4,336.4,926.4,1331.4,True,False,True,False,False,False,False,False,True,4,0,1,0.0,34.4,0.0,336.4,0.0,926.4,0.0,1331.4,0.0,1.1,0.0,0.2,1100.0,1100.0,10.0,330,858216.96,1.2100000000000002,0.04000000000000001,1019.0400000000001,185.28,0
0.2,0.0,0.0,0.0,0.0,136.6,2.4,956.2,1105.0,True,False,True,False,False,False,False,False,True,1,0,0,0.0,136.6,0.0,2.4,0.0,956.2,0.0,1105.0,0.0,0.0,0.0,0.2,0.0,0.0,0.0,341,914318.4400000001,0.0,0.04000000000000001,0.0,191.24,0
0.1,0.0,0.0,0.0,0.0,83.2,67.3,946.1,1089.9,True,False,False,True,False,False,False,False,True,1,0,0,0.0,83.2,0.0,67.3,0.0,946.1,0.0,1089.9,0.0,0.0,0.0,0.1,0.0,0.0,0.0,344,895105.2100000001,0.0,0.010000000000000002,0.0,94.61000000000001,0
0.1,250.0,0.0,0.0,0.0,79.2,133.0,932.6,1331.4,False,True,True,False,False,False,False,False,True,0,0,0,79.2,0.0,133.0,0.0,932.6,0.0,1331.4,0.0,0.0,0.0,0.1,0.0,0.0,0.0,0.0,326,869742.76,0.0,0.010000000000000002,0.0,93.26,0
10.0,0.0,100.0,0.0,46.0,0.0,175.0,785.2,806.1,True,False,False,False,True,False,False,False,True,1,1,1,0.0,0.0,0.0,175.0,0.0,785.2,0.0,806.1,0.0,46.0,0.0,10.0,0.45999540004599954,46000.0,0.0,347,616539.04,2116.0,100.0,36119.200000000004,7852.0,1
0.1,0.0,0.0,0.0,0.0,90.6,105.0,967.8,1331.4,True,False,True,False,False,False,False,False,True,2,0,0,0.0,90.6,0.0,105.0,0.0,967.8,0.0,1331.4,0.0,0.0,0.0,0.1,0.0,0.0,0.0,2,936636.84,0.0,0.010000000000000002,0.0,96.78,0
1.0,0.0,0.0,0.0,0.0,37.1,370.2,927.6,1089.9,False,True,False,True,False,False,False,False,True,0,0,0,37.1,0.0,370.2,0.0,927.6,0.0,1089.9,0.0,0.0,0.0,1.0,0.0,0.0,0.0,0.0,360,860441.76,0.0,1.0,0.0,927.6,0
0.3,0.0,0.0,0.0,0.0,126.3,12.8,714.7,1089.9,True,False,False,True,False,False,False,False,True,1,0,0,0.0,126.3,0.0,12.8,0.0,714.7,0.0,1089.9,0.0,0.0,0.0,0.3,0.0,0.0,0.0,16,510796.0900000001,0.0,0.09,0.0,214.41,1
0.3,1000.0,0.0,0.0,0.0,32.5,22.8,858.9,1227.0,False,True,False,True,False,False,False,False,True,0,0,0,32.5,0.0,22.8,0.0,858.9,0.0,1227.0,0.0,0.0,0.0,0.3,0.0,0.0,0.0,0.0,347,737709.21,0.0,0.09,0.0,257.66999999999996,0
0.1,350.0,0.0,0.0,0.0,29.7,106.8,717.2,1142.3,True,False,False,False,False,False,True,True,False,1,0,0,0.0,29.7,0.0,106.8,0.0,717.2,0.0,1142.3,0.0,0.0,0.0,0.1,0.0,0.0,0.0,335,514375.8400000001,0.0,0.010000000000000002,0.0,71.72000000000001,1
10.0,3000.0,70.0,90.0,42.1,154.0,53.8,978.6,1062.2,False,True,True,False,False,False,False,False,True,0,0,0,154.0,0.0,53.8,0.0,978.6,0.0,1062.2,0.0,42.1,0.0,10.0,0.0,0.6014199797145755,0.014033328655557115,90.0,356,957657.9600000001,1772.41,100.0,41199.060000000005,9786.0,0
0.1,0.0,0.0,0.0,0.0,36.4,138.8,901.4,1105.0,False,True,True,False,False,False,False,False,True,0,0,0,36.4,0.0,138.8,0.0,901.4,0.0,1105.0,0.0,0.0,0.0,0.1,0.0,0.0,0.0,0.0,350,812521.96,0.0,0.010000000000000002,0.0,90.14,0
0.3,1250.0,0.0,12.5,1.375,194.1,41.0,709.8,1227.0,False,True,False,True,False,False,False,False,True,0,0,0,194.1,0.0,41.0,0.0,709.8,0.0,1227.0,0.0,1.375,0.0,0.3,0.0,1375.0,0.001099999120000704,12.5,321,503816.0399999999,1.890625,0.09,975.9749999999999,212.93999999999997,1
0.1,0.0,0.0,0.0,0.0,36.4,138.8,901.4,1105.0,True,False,True,False,False,False,False,False,True,1,0,0,0.0,36.4,0.0,138.8,0.0,901.4,0.0,1105.0,0.0,0.0,0.0,0.1,0.0,0.0,0.0,350,812521.96,0.0,0.010000000000000002,0.0,90.14,0
0.1,0.0,0.0,0.0,0.0,36.4,138.8,901.4,1105.0,True,False,True,False,False,False,False,False,True,1,0,0,0.0,36.4,0.0,138.8,0.0,901.4,0.0,1105.0,0.0,0.0,0.0,0.1,0.0,0.0,0.0,350,812521.96,0.0,0.010000000000000002,0.0,90.14,0
2.5,0.0,0.0,0.0,0.0,45.4,1.2,660.42,844.8,True,False,False,True,False,False,False,False,True,1,0,0,0.0,45.4,0.0,1.2,0.0,660.42,0.0,844.8,0.0,0.0,0.0,2.5,0.0,0.0,0.0,6,436154.57639999996,0.0,6.25,0.0,1651.05,1
0.1,0.0,0.0,0.0,0.0,131.0,2.4,962.2,1105.0,True,False,True,False,False,False,False,False,True,1,0,0,0.0,131.0,0.0,2.4,0.0,962.2,0.0,1105.0,0.0,0.0,0.0,0.1,0.0,0.0,0.0,339,925828.8400000001,0.0,0.010000000000000002,0.0,96.22000000000001,0
0.8,0.0,0.0,0.0,0.0,81.9,29.9,1015.7,1089.9,True,False,False,True,False,False,False,False,True,1,1,1,0.0,81.9,0.0,29.9,0.0,1015.7,0.0,1089.9,0.0,0.0,0.0,0.8,0.0,0.0,0.0,335,1031646.4900000001,0.0,0.6400000000000001,0.0,812.5600000000001,0
0.1,0.0,0.0,0.0,0.0,45.5,67.1,946.1,1089.9,False,True,False,True,False,False,False,False,True,0,0,0,45.5,0.0,67.1,0.0,946.1,0.0,1089.9,0.0,0.0,0.0,0.1,0.0,0.0,0.0,0.0,345,895105.2100000001,0.0,0.010000000000000002,0.0,94.61000000000001,0
0.1,0.0,0.0,0.0,0.0,50.0,107.2,709.6,1142.3,False,True,False,False,False,False,True,False,True,0,0,0,50.0,0.0,107.2,0.0,709.6,0.0,1142.3,0.0,0.0,0.0,0.1,0.0,0.0,0.0,0.0,330,503532.16000000003,0.0,0.010000000000000002,0.0,70.96000000000001,1
0.2,0.0,0.0,0.0,0.0,83.2,67.3,946.1,1089.9,False,True,False,True,False,False,False,False,True,0,0,0,83.2,0.0,67.3,0.0,946.1,0.0,1089.9,0.0,0.0,0.0,0.2,0.0,0.0,0.0,0.0,344,895105.2100000001,0.0,0.04000000000000001,0.0,189.22000000000003,0
20.0,3225.8,50.0,0.0,23.0,34.0,146.5,947.9,1108.4,True,False,False,False,True,False,False,False,True,1,1,0,0.0,34.0,0.0,146.5,0.0,947.9,0.0,1108.4,0.0,23.0,0.0,20.0,0.45999080018399635,0.007130012049720363,0.0,340,898514.4099999999,529.0,400.0,21801.7,18958.0,0
10.9,1828.2,0.0,0.0,0.0,109.8,52.5,770.5,875.4,True,False,False,False,False,False,True,True,False,2,0,0,0.0,109.8,0.0,52.5,0.0,770.5,0.0,875.4,0.0,0.0,0.0,10.9,0.0,0.0,0.0,360,593670.25,0.0,118.81,0.0,8398.45,1
0.1,0.0,0.0,0.0,0.0,86.6,299.8,894.2,1105.0,True,False,True,False,False,False,False,False,True,1,0,0,0.0,86.6,0.0,299.8,0.0,894.2,0.0,1105.0,0.0,0.0,0.0,0.1,0.0,0.0,0.0,363,799593.6400000001,0.0,0.010000000000000002,0.0,89.42000000000002,0
30.0,416.7,0.0,0.0,0.0,117.7,33.3,692.8,844.8,True,False,False,True,False,False,False,False,True,1,0,0,0.0,117.7,0.0,33.3,0.0,692.8,0.0,844.8,0.0,0.0,0.0,30.0,0.0,0.0,0.0,363,479971.8399999999,0.0,900.0,0.0,20784.0,1
20.0,1500.0,65.0,25.0,32.65,144.8,43.8,857.2,1062.2,False,True,True,False,False,False,False,False,True,0,0,1,144.8,0.0,43.8,0.0,857.2,0.0,1062.2,0.0,32.65,0.0,20.0,0.0,0.502299964615929,0.02176665215556523,25.0,365,734791.8400000001,1066.0224999999998,400.0,27987.58,17144.0,0
9.0,5555.6,0.0,55.6,6.116,111.3,280.0,1258.0,1331.2,False,True,False,False,False,False,True,True,False,0,0,0,111.3,0.0,280.0,0.0,1258.0,0.0,1331.2,0.0,6.116,0.0,9.0,0.0,6115.999999999999,0.0011008709948752617,55.6,364,1582564.0,37.405455999999994,81.0,7693.928,11322.0,0
8.0,3750.0,0.0,0.0,0.0,151.8,71.0,990.6,1062.2,True,False,True,False,False,False,False,False,True,1,1,1,0.0,151.8,0.0,71.0,0.0,990.6,0.0,1062.2,0.0,0.0,0.0,8.0,0.0,0.0,0.0,355,981288.3600000001,0.0,64.0,0.0,7924.8,0
5.6,0.0,62.5,0.0,28.75,144.8,43.8,857.2,1062.2,True,False,True,False,False,False,False,False,True,1,1,0,0.0,144.8,0.0,43.8,0.0,857.2,0.0,1062.2,0.0,28.75,0.0,5.6,0.45999264011775814,28750.0,0.0,365,734791.8400000001,826.5625,31.359999999999996,24644.5,4800.32,0
0.0,0.0,0.0,0.0,0.0,104.2,12.8,1056.8,1105.0,True,False,True,False,False,False,False,False,True,4,0,0,0.0,104.2,0.0,12.8,0.0,1056.8,0.0,1105.0,0.0,0.0,0.0,0.0,0.0,0.0,0.0,331,1116826.24,0.0,0.0,0.0,0.0,0
10.8,3240.7,46.3,0.0,21.298,171.7,30.6,718.2,806.1,True,False,False,False,True,False,False,False,True,3,1,1,0.0,171.7,0.0,30.6,0.0,718.2,0.0,806.1,0.0,21.298,0.0,10.8,0.45999006500939504,0.006572034877639127,0.0,361,515811.24000000005,453.60480399999994,116.64000000000001,15296.2236,7756.560000000001,1
2.6,0.0,0.0,0.0,0.0,151.8,71.0,990.6,1062.2,False,True,True,False,False,False,False,False,True,0,0,0,151.8,0.0,71.0,0.0,990.6,0.0,1062.2,0.0,0.0,0.0,2.6,0.0,0.0,0.0,0.0,355,981288.3600000001,0.0,6.760000000000001,0.0,2575.56,0
23.0,3928.6,52.2,147.8,40.27,13.0,427.8,1308.7,1331.2,False,True,False,False,False,False,True,False,True,0,0,0,13.0,0.0,427.8,0.0,1308.7,0.0,1331.2,0.0,40.27,0.0,23.0,0.0,0.771441160131032,0.010250468296475005,147.8,336,1712695.6900000002,1621.6729000000003,529.0,52701.34900000001,30100.100000000002,0
23.7,2531.6,0.0,0.0,0.0,228.6,8.6,825.0,1062.2,False,True,True,False,False,False,False,False,True,0,0,0,228.6,0.0,8.6,0.0,825.0,0.0,1062.2,0.0,0.0,0.0,23.7,0.0,0.0,0.0,0.0,2,680625.0,0.0,561.6899999999999,0.0,19552.5,0
0.3,0.0,0.0,0.0,0.0,36.6,15.4,1009.4,1331.4,True,False,True,False,False,False,False,False,True,2,0,1,0.0,36.6,0.0,15.4,0.0,1009.4,0.0,1331.4,0.0,0.0,0.0,0.3,0.0,0.0,0.0,346,1018888.36,0.0,0.09,0.0,302.82,0
23.0,3571.4,65.2,130.4,44.336,66.6,173.4,1106.3,1288.7,False,True,True,False,False,False,False,False,True,0,1,0,66.6,0.0,173.4,0.0,1106.3,0.0,1288.7,0.0,44.336,0.0,23.0,0.0,0.6799895707121055,0.012414175837437464,130.4,336,1223899.69,1965.6808959999998,529.0,49048.9168,25444.899999999998,0
8.0,1500.0,100.0,37.5,50.125,70.0,55.2,788.2,806.1,True,False,False,False,True,False,False,False,True,3,1,1,0.0,70.0,0.0,55.2,0.0,788.2,0.0,806.1,0.0,50.125,0.0,8.0,0.5012449875501245,0.03341664438890374,37.5,354,621259.2400000001,2512.515625,64.0,39508.525,6305.6,1
0.5,0.0,0.0,0.0,0.0,44.6,2.2,1023.4,1331.4,True,False,True,False,False,False,False,False,True,1,0,1,0.0,44.6,0.0,2.2,0.0,1023.4,0.0,1331.4,0.0,0.0,0.0,0.5,0.0,0.0,0.0,354,1047347.5599999999,0.0,0.25,0.0,511.7,0
0.0,0.0,0.0,0.0,0.0,9.4,366.2,896.2,1105.0,True,False,True,False,False,False,False,False,True,3,0,0,0.0,9.4,0.0,366.2,0.0,896.2,0.0,1105.0,0.0,0.0,0.0,0.0,0.0,0.0,0.0,357,803174.4400000001,0.0,0.0,0.0,0.0,0
0.2,0.0,0.0,0.0,0.0,31.0,230.5,685.3,801.7,True,False,False,False,True,False,False,False,True,1,1,0,0.0,31.0,0.0,230.5,0.0,685.3,0.0,801.7,0.0,0.0,0.0,0.2,0.0,0.0,0.0,352,469636.0899999999,0.0,0.04000000000000001,0.0,137.06,1
0.1,400.0,0.0,0.0,0.0,90.6,105.0,967.8,1331.4,True,False,True,False,False,False,False,False,True,1,0,0,0.0,90.6,0.0,105.0,0.0,967.8,0.0,1331.4,0.0,0.0,0.0,0.1,0.0,0.0,0.0,2,936636.84,0.0,0.010000000000000002,0.0,96.78,0
1.5,0.0,66.7,100.0,41.682,208.4,6.8,706.4,1062.2,False,True,True,False,False,False,False,False,True,0,0,0,208.4,0.0,6.8,0.0,706.4,0.0,1062.2,0.0,41.682,0.0,1.5,0.0,0.6249081722912699,41682.0,100.0,14,499000.95999999996,1737.3891240000003,2.25,29444.164800000002,1059.6,1
49.1,0.0,61.1,0.0,28.106,168.0,30.6,772.7,806.1,False,True,False,False,True,False,False,False,True,0,1,0,168.0,0.0,30.6,0.0,772.7,0.0,806.1,0.0,28.106,0.0,49.1,0.0,0.4599924714816452,28106.0,0.0,356,597065.29,789.9472360000001,2410.81,21717.506200000003,37939.57,1
13.0,3846.2,38.5,38.5,21.945,6.0,148.5,868.0,948.0,True,False,False,False,False,True,False,True,False,1,0,0,0.0,6.0,0.0,148.5,0.0,868.0,0.0,948.0,0.0,21.945,0.0,13.0,0.5699851951897353,0.005705630048975599,38.5,346,753424.0,481.583025,169.0,19048.260000000002,11284.0,0
0.5,0.0,0.0,0.0,0.0,92.1,108.5,933.3,1142.3,True,False,False,False,False,False,True,True,False,1,0,0,0.0,92.1,0.0,108.5,0.0,933.3,0.0,1142.3,0.0,0.0,0.0,0.5,0.0,0.0,0.0,357,871048.8899999999,0.0,0.25,0.0,466.65,0
20.0,3125.0,100.0,0.0,46.0,13.2,135.2,1132.5,1288.7,False,True,True,False,False,False,False,False,True,0,0,0,13.2,0.0,135.2,0.0,1132.5,0.0,1288.7,0.0,46.0,0.0,20.0,0.0,0.45999540004599954,0.014719995289601506,0.0,345,1282556.25,2116.0,400.0,52095.0,22650.0,0
0.0,0.0,1.0,0.0,0.46,42.4,8.7,911.7,1164.1,False,True,False,False,True,False,False,False,True,0,0,1,42.4,0.0,8.7,0.0,911.7,0.0,1164.1,0.0,0.46,0.0,0.0,0.0,0.45954045954045963,460.0,0.0,348,831196.8900000001,0.2116,0.0,419.38200000000006,0.0,0
20.0,3500.0,0.0,0.0,0.0,38.8,15.1,712.4,875.4,False,True,False,False,False,False,True,True,False,0,0,0,38.8,0.0,15.1,0.0,712.4,0.0,875.4,0.0,0.0,0.0,20.0,0.0,0.0,0.0,0.0,8,507513.75999999995,0.0,400.0,0.0,14248.0,1
3.0,6666.7,0.0,100.0,11.0,38.8,15.1,712.4,875.4,False,True,False,False,False,False,True,False,True,0,0,0,38.8,0.0,15.1,0.0,712.4,0.0,875.4,0.0,11.0,0.0,3.0,0.0,11000.0,0.001649991502543762,100.0,8,507513.75999999995,121.0,9.0,7836.4,2137.2,1
5.6,3333.3,62.5,0.0,28.75,43.4,118.6,1132.1,1288.7,False,True,True,False,False,False,False,False,True,0,1,0,43.4,0.0,118.6,0.0,1132.1,0.0,1288.7,0.0,28.75,0.0,5.6,0.0,0.45999264011775814,0.008625083663311533,0.0,353,1281650.4099999997,826.5625,31.359999999999996,32547.874999999996,6339.759999999999,0
3.1,4166.7,0.0,64.7,7.117,44.7,6.0,1307.7,1331.2,False,True,False,False,False,False,True,False,True,0,0,0,44.7,0.0,6.0,0.0,1307.7,0.0,1331.2,0.0,7.117,0.0,3.1,0.0,7117.0,0.0017080659255367737,64.7,354,1710079.29,50.651689,9.610000000000001,9306.9009,4053.8700000000003,0
0.2,0.0,0.0,0.0,0.0,56.7,155.7,836.3,939.0,True,False,False,False,False,False,True,True,False,4,0,0,0.0,56.7,0.0,155.7,0.0,836.3,0.0,939.0,0.0,0.0,0.0,0.2,0.0,0.0,0.0,346,699397.69,0.0,0.04000000000000001,0.0,167.26,0
26.0,0.0,0.0,0.0,0.0,79.6,15.1,714.2,875.4,False,True,False,False,False,False,True,True,False,0,0,0,79.6,0.0,15.1,0.0,714.2,0.0,875.4,0.0,0.0,0.0,26.0,0.0,0.0,0.0,0.0,4,510081.6400000001,0.0,676.0,0.0,18569.2,1
0.2,500.0,20.0,10.0,10.3,69.0,236.5,917.4,1180.0,False,True,False,False,False,True,False,False,True,0,0,0,69.0,0.0,236.5,0.0,917.4,0.0,1180.0,0.0,10.3,0.0,0.2,0.0,0.5149742512874357,0.0205999588000824,10.0,308,841622.76,106.09000000000002,0.04000000000000001,9449.220000000001,183.48000000000002,0
10.0,0.0,0.0,120.0,13.2,170.4,5.4,824.4,1062.2,False,True,True,False,False,False,False,False,True,0,0,0,170.4,0.0,5.4,0.0,824.4,0.0,1062.2,0.0,13.2,0.0,10.0,0.0,13199.999999999998,13199.999999999998,120.0,5,679635.36,174.23999999999998,100.0,10882.08,8244.0,0
0.2,0.0,0.0,0.0,0.0,6.0,41.3,908.6,1142.3,False,True,False,False,False,False,True,True,False,0,0,0,6.0,0.0,41.3,0.0,908.6,0.0,1142.3,0.0,0.0,0.0,0.2,0.0,0.0,0.0,0.0,345,825553.9600000001,0.0,0.04000000000000001,0.0,181.72000000000003,0
0.1,400.0,0.0,0.0,0.0,50.0,107.2,719.1,1142.3,True,False,False,False,False,False,True,True,False,4,0,0,0.0,50.0,0.0,107.2,0.0,719.1,0.0,1142.3,0.0,0.0,0.0,0.1,0.0,0.0,0.0,331,517104.81000000006,0.0,0.010000000000000002,0.0,71.91000000000001,1
3.5,0.0,0.0,0.0,0.0,162.6,45.0,870.8,1062.2,True,False,True,False,False,False,False,False,True,1,0,0,0.0,162.6,0.0,45.0,0.0,870.8,0.0,1062.2,0.0,0.0,0.0,3.5,0.0,0.0,0.0,363,758292.6399999999,0.0,12.25,0.0,3047.7999999999997,0
3.0,0.0,50.0,66.7,30.337,129.0,8.6,704.4,1062.2,False,True,True,False,False,False,False,False,True,0,0,0,129.0,0.0,8.6,0.0,704.4,0.0,1062.2,0.0,30.337,0.0,3.0,0.0,0.6067278654426912,30337.0,66.7,10,496179.36,920.333569,9.0,21369.3828,2113.2,1
0.2,0.0,6.0,0.0,2.76,61.4,33.0,981.0,1331.4,True,False,True,False,False,False,False,False,True,3,0,1,0.0,61.4,0.0,33.0,0.0,981.0,0.0,1331.4,0.0,2.76,0.0,0.2,0.4599233461089818,2759.9999999999995,0.0,361,962361.0,7.617599999999999,0.04000000000000001,2707.56,196.20000000000002,0
8.9,5605.4,0.0,0.0,0.0,17.8,305.6,1323.0,1331.2,False,True,False,False,False,False,True,True,False,0,0,0,17.8,0.0,305.6,0.0,1323.0,0.0,1331.2,0.0,0.0,0.0,8.9,0.0,0.0,0.0,0.0,340,1750329.0,0.0,79.21000000000001,0.0,11774.7,0
0.2,0.0,0.0,0.0,0.0,131.4,1.8,982.4,1105.0,True,False,True,False,False,False,False,False,True,1,0,0,0.0,131.4,0.0,1.8,0.0,982.4,0.0,1105.0,0.0,0.0,0.0,0.2,0.0,0.0,0.0,338,965109.76,0.0,0.04000000000000001,0.0,196.48000000000002,0
0.0,200.0,0.0,0.0,0.0,92.1,109.9,925.8,1142.3,True,False,False,False,False,False,True,True,False,3,0,0,0.0,92.1,0.0,109.9,0.0,925.8,0.0,1142.3,0.0,0.0,0.0,0.0,0.0,0.0,0.0,359,857105.6399999999,0.0,0.0,0.0,0.0,0
0.1,0.0,0.0,0.0,0.0,43.0,336.8,954.4,1331.4,True,False,True,False,False,False,False,False,True,3,0,0,0.0,43.0,0.0,336.8,0.0,954.4,0.0,1331.4,0.0,0.0,0.0,0.1,0.0,0.0,0.0,338,910879.36,0.0,0.010000000000000002,0.0,95.44,0
14.0,2500.0,0.0,35.7,3.927,109.8,52.5,770.5,875.4,False,True,False,False,False,False,True,True,False,0,0,0,109.8,0.0,52.5,0.0,770.5,0.0,875.4,0.0,3.927,0.0,14.0,0.0,3927.0,0.0015707993716802511,35.7,360,593670.25,15.421329,196.0,3025.7535000000003,10787.0,1
0.1,0.0,0.0,0.0,0.0,29.4,131.2,1028.8,1105.0,True,False,True,False,False,False,False,False,True,2,0,0,0.0,29.4,0.0,131.2,0.0,1028.8,0.0,1105.0,0.0,0.0,0.0,0.1,0.0,0.0,0.0,325,1058429.44,0.0,0.010000000000000002,0.0,102.88,0
60.0,3166.7,0.0,0.0,0.0,96.0,25.0,821.0,948.0,False,True,False,False,False,True,False,True,False,0,0,0,96.0,0.0,25.0,0.0,821.0,0.0,948.0,0.0,0.0,0.0,60.0,0.0,0.0,0.0,0.0,360,674041.0,0.0,3600.0,0.0,49260.0,0
0.0,0.0,0.0,0.0,0.0,4.2,145.6,738.4,1105.0,True,False,True,False,False,False,False,False,True,3,0,0,0.0,4.2,0.0,145.6,0.0,738.4,0.0,1105.0,0.0,0.0,0.0,0.0,0.0,0.0,0.0,310,545234.5599999999,0.0,0.0,0.0,0.0,1
0.2,0.0,0.0,0.0,0.0,79.2,235.2,929.0,1331.4,False,True,True,False,False,False,False,False,True,0,0,0,79.2,0.0,235.2,0.0,929.0,0.0,1331.4,0.0,0.0,0.0,0.2,0.0,0.0,0.0,0.0,328,863041.0,0.0,0.04000000000000001,0.0,185.8,0
12.7,2747.3,0.0,133.4,14.674,167.6,41.8,931.0,1062.2,False,True,True,False,False,False,False,False,True,0,0,1,167.6,0.0,41.8,0.0,931.0,0.0,1062.2,0.0,14.674,0.0,12.7,0.0,14674.0,0.0053412421864222365,133.4,360,866761.0,215.32627599999998,161.29,13661.493999999999,11823.699999999999,0
6.0,0.0,0.0,133.3,14.663,165.6,53.8,962.4,1062.2,False,True,True,False,False,False,False,False,True,0,1,1,165.6,0.0,53.8,0.0,962.4,0.0,1062.2,0.0,14.663,0.0,6.0,0.0,14663.0,14663.0,133.3,357,926213.76,215.003569,36.0,14111.6712,5774.4,0
5.0,4000.0,40.0,100.0,29.4,38.4,0.0,682.9,875.4,False,True,False,False,False,False,True,True,False,0,0,0,38.4,0.0,0.0,0.0,682.9,0.0,875.4,0.0,29.4,0.0,5.0,0.0,0.7349816254593635,0.007349998162500458,100.0,15,466352.41,864.3599999999999,25.0,20077.26,3414.5,1
0.1,125.0,0.0,0.0,0.0,31.7,107.9,778.4,1142.3,True,False,False,False,False,False,True,True,False,1,0,0,0.0,31.7,0.0,107.9,0.0,778.4,0.0,1142.3,0.0,0.0,0.0,0.1,0.0,0.0,0.0,340,605906.5599999999,0.0,0.010000000000000002,0.0,77.84,1
3.4,2967.4,0.0,0.0,0.0,96.0,73.4,990.6,1062.2,True,False,True,False,False,False,False,False,True,1,0,0,0.0,96.0,0.0,73.4,0.0,990.6,0.0,1062.2,0.0,0.0,0.0,3.4,0.0,0.0,0.0,353,981288.3600000001,0.0,11.559999999999999,0.0,3368.04,0
0.1,250.0,0.0,0.0,0.0,35.8,225.4,957.0,1331.4,False,True,True,False,False,False,False,False,True,0,0,0,35.8,0.0,225.4,0.0,957.0,0.0,1331.4,0.0,0.0,0.0,0.1,0.0,0.0,0.0,0.0,341,915849.0,0.0,0.010000000000000002,0.0,95.7,0
70.0,785.7,42.9,71.4,27.588,145.9,0.0,616.5,806.1,True,False,False,False,True,False,False,False,True,2,1,1,0.0,145.9,0.0,0.0,0.0,616.5,0.0,806.1,0.0,27.588,0.0,70.0,0.6430619332882684,0.0351125937220393,71.4,3,380072.25,761.097744,4900.0,17008.002,43155.0,1
12.5,2000.0,0.0,80.0,8.8,165.6,53.8,962.4,1062.2,True,False,True,False,False,False,False,False,True,3,0,1,0.0,165.6,0.0,53.8,0.0,962.4,0.0,1062.2,0.0,8.8,0.0,12.5,8800.0,0.0043999978000011,80.0,357,926213.76,77.44000000000001,156.25,8469.12,12030.0,0
4.5,2222.2,0.0,0.0,0.0,109.8,52.5,755.5,875.4,False,True,False,False,False,False,True,True,False,0,0,0,109.8,0.0,52.5,0.0,755.5,0.0,875.4,0.0,0.0,0.0,4.5,0.0,0.0,0.0,0.0,361,570780.25,0.0,20.25,0.0,3399.75,1
0.1,250.0,0.0,0.0,0.0,123.8,21.8,916.4,1331.4,False,True,True,False,False,False,False,False,True,0,0,0,123.8,0.0,21.8,0.0,916.4,0.0,1331.4,0.0,0.0,0.0,0.1,0.0,0.0,0.0,0.0,322,839788.96,0.0,0.010000000000000002,0.0,91.64,0
0.1,0.0,0.0,0.0,0.0,135.0,162.6,906.4,1331.4,True,False,True,False,False,False,False,False,True,2,0,1,0.0,135.0,0.0,162.6,0.0,906.4,0.0,1331.4,0.0,0.0,0.0,0.1,0.0,0.0,0.0,317,821560.96,0.0,0.010000000000000002,0.0,90.64,0
0.6,1500.0,40.0,0.0,18.4,23.6,166.2,757.9,1227.0,False,True,False,True,False,False,False,False,True,0,0,0,23.6,0.0,166.2,0.0,757.9,0.0,1227.0,0.0,18.4,0.0,0.6,0.0,0.45998850028749283,0.01226665848889434,0.0,335,574412.4099999999,338.55999999999995,0.36,13945.359999999999,454.73999999999995,1
0.2,0.0,0.0,0.0,0.0,45.7,357.1,804.5,939.0,True,False,False,False,False,False,True,False,True,1,0,0,0.0,45.7,0.0,357.1,0.0,804.5,0.0,939.0,0.0,0.0,0.0,0.2,0.0,0.0,0.0,355,647220.25,0.0,0.04000000000000001,0.0,160.9,0
0.1,0.0,0.0,0.0,0.0,131.4,1.8,982.4,1105.0,False,True,True,False,False,False,False,False,True,0,1,0,131.4,0.0,1.8,0.0,982.4,0.0,1105.0,0.0,0.0,0.0,0.1,0.0,0.0,0.0,0.0,338,965109.76,0.0,0.010000000000000002,0.0,98.24000000000001,0
0.1,0.0,0.0,0.0,0.0,153.6,257.2,925.0,1331.4,True,False,True,False,False,False,False,False,True,4,0,1,0.0,153.6,0.0,257.2,0.0,925.0,0.0,1331.4,0.0,0.0,0.0,0.1,0.0,0.0,0.0,316,855625.0,0.0,0.010000000000000002,0.0,92.5,0
5.0,0.0,0.0,0.0,0.0,44.0,182.2,1020.8,1062.2,True,False,True,False,False,False,False,False,True,1,1,1,0.0,44.0,0.0,182.2,0.0,1020.8,0.0,1062.2,0.0,0.0,0.0,5.0,0.0,0.0,0.0,348,1042032.6399999999,0.0,25.0,0.0,5104.0,0
25.2,990.9,59.5,59.5,33.915,14.5,230.3,1209.5,1320.5,False,True,False,True,False,False,False,False,True,0,0,0,14.5,0.0,230.3,0.0,1209.5,0.0,1320.5,0.0,33.915,0.0,25.2,0.0,0.5699904203290701,0.034226426252471236,59.5,345,1462890.25,1150.2272249999999,635.04,41020.1925,30479.399999999998,0
0.2,0.0,0.0,0.0,0.0,9.4,366.2,896.2,1105.0,False,True,True,False,False,False,False,False,True,0,0,0,9.4,0.0,366.2,0.0,896.2,0.0,1105.0,0.0,0.0,0.0,0.2,0.0,0.0,0.0,0.0,357,803174.4400000001,0.0,0.04000000000000001,0.0,179.24,0
11.1,2248.2,54.0,0.0,24.84,117.0,244.8,1148.1,1288.7,True,False,True,False,False,False,False,False,True,1,0,0,0.0,117.0,0.0,244.8,0.0,1148.1,0.0,1288.7,0.0,24.84,0.0,11.1,0.4599914816392289,0.011048834156732428,0.0,329,1318133.6099999999,617.0255999999999,123.21,28518.803999999996,12743.909999999998,0
10.0,4000.0,100.0,140.0,61.4,32.5,97.8,910.4,1108.4,False,True,False,False,True,False,False,False,True,0,0,0,32.5,0.0,97.8,0.0,910.4,0.0,1108.4,0.0,61.4,0.0,10.0,0.0,0.6139938600613993,0.015349996162500958,140.0,336,828828.1599999999,3769.96,100.0,55898.56,9104.0,0
50.0,1666.7,120.0,240.0,81.6,49.5,6.0,1307.7,1331.2,False,True,False,False,False,False,True,True,False,0,1,1,49.5,0.0,6.0,0.0,1307.7,0.0,1331.2,0.0,81.6,0.0,50.0,0.0,0.679994333380555,0.04895899144477624,240.0,352,1710079.29,6658.5599999999995,2500.0,106708.31999999999,65385.0,0
0.4,0.0,0.0,0.0,0.0,77.9,6.7,1020.5,1089.9,True,False,False,True,False,False,False,False,True,4,0,0,0.0,77.9,0.0,6.7,0.0,1020.5,0.0,1089.9,0.0,0.0,0.0,0.4,0.0,0.0,0.0,333,1041420.25,0.0,0.16000000000000003,0.0,408.20000000000005,0
4.4,4166.7,34.1,45.5,20.691,123.2,199.8,1222.1,1288.7,False,True,True,False,False,False,False,False,True,0,0,0,123.2,0.0,199.8,0.0,1222.1,0.0,1288.7,0.0,20.691,0.0,4.4,0.0,0.6067564001055687,0.0049657990818155655,45.5,323,1493528.4099999997,428.11748099999994,19.360000000000003,25286.471099999995,5377.24,0
0.1,120.0,2.0,0.0,0.92,82.6,305.3,747.5,1164.1,False,True,False,False,True,False,False,False,True,0,0,0,82.6,0.0,305.3,0.0,747.5,0.0,1164.1,0.0,0.92,0.0,0.1,0.0,0.4597701149425288,0.007666602778310181,0.0,310,558756.25,0.8464,0.010000000000000002,687.7,74.75,1
0.5,0.0,0.0,0.0,0.0,20.4,318.6,929.1,1089.9,True,False,False,True,False,False,False,False,True,1,0,0,0.0,20.4,0.0,318.6,0.0,929.1,0.0,1089.9,0.0,0.0,0.0,0.5,0.0,0.0,0.0,355,863226.81,0.0,0.25,0.0,464.55,0
28.6,1312.6,0.0,0.0,0.0,35.7,7.6,645.0,844.8,False,True,False,True,False,False,False,False,True,0,0,0,35.7,0.0,7.6,0.0,645.0,0.0,844.8,0.0,0.0,0.0,28.6,0.0,0.0,0.0,0.0,9,416025.0,0.0,817.96,0.0,18447.0,1
0.2,0.0,7.0,0.0,3.22,82.6,323.5,747.5,1164.1,False,True,False,False,True,False,False,False,True,0,0,0,82.6,0.0,323.5,0.0,747.5,0.0,1164.1,0.0,3.22,0.0,0.2,0.0,0.4599342951006999,3220.0,0.0,311,558756.25,10.368400000000001,0.04000000000000001,2406.9500000000003,149.5,1
0.1,0.0,0.0,0.0,0.0,83.1,67.4,956.7,1089.9,False,True,False,True,False,False,False,False,True,0,0,0,83.1,0.0,67.4,0.0,956.7,0.0,1089.9,0.0,0.0,0.0,0.1,0.0,0.0,0.0,0.0,342,915274.8900000001,0.0,0.010000000000000002,0.0,95.67000000000002,0
16.0,0.0,125.0,200.0,79.5,14.5,230.3,1209.5,1320.5,True,False,False,True,False,False,False,False,True,1,1,1,0.0,14.5,0.0,230.3,0.0,1209.5,0.0,1320.5,0.0,79.5,0.0,16.0,0.6359949120407037,79500.0,200.0,345,1462890.25,6320.25,256.0,96155.25,19352.0,0
0.5,700.0,35.0,20.0,18.3,44.4,1.4,1014.8,1331.4,False,True,True,False,False,False,False,False,True,0,0,0,44.4,0.0,1.4,0.0,1014.8,0.0,1331.4,0.0,18.3,0.0,0.5,0.0,0.5228422045084427,0.02614281979597172,20.0,355,1029819.0399999999,334.89000000000004,0.25,18570.84,507.4,0
10.0,0.0,100.0,200.0,68.0,49.5,6.0,1307.7,1331.2,True,False,False,False,False,False,True,True,False,1,0,0,0.0,49.5,0.0,6.0,0.0,1307.7,0.0,1331.2,0.0,68.0,0.0,10.0,0.6799932000679992,68000.0,200.0,353,1710079.29,4624.0,100.0,88923.6,13077.0,0
0.4,0.0,0.0,0.0,0.0,84.4,63.5,973.3,1089.9,True,False,False,True,False,False,False,False,True,1,0,0,0.0,84.4,0.0,63.5,0.0,973.3,0.0,1089.9,0.0,0.0,0.0,0.4,0.0,0.0,0.0,339,947312.8899999999,0.0,0.16000000000000003,0.0,389.32,0
0.3,0.0,0.0,0.0,0.0,35.6,158.9,760.9,1227.0,False,True,False,True,False,False,False,False,True,0,0,0,35.6,0.0,158.9,0.0,760.9,0.0,1227.0,0.0,0.0,0.0,0.3,0.0,0.0,0.0,0.0,340,578968.8099999999,0.0,0.09,0.0,228.26999999999998,1
24.5,1666.7,73.5,0.0,33.81,70.7,294.1,1242.5,1331.2,False,True,False,False,False,False,True,True,False,0,0,0,70.7,0.0,294.1,0.0,1242.5,0.0,1331.2,0.0,33.81,0.0,24.5,0.0,0.45999374158174716,0.02028558211700839,0.0,4,1543806.25,1143.1161000000002,600.25,42008.925,30441.25,0
2.6,0.0,77.2,77.2,44.004,117.0,244.8,1148.1,1288.7,False,True,True,False,False,False,False,False,True,0,0,0,117.0,0.0,244.8,0.0,1148.1,0.0,1288.7,0.0,44.004,0.0,2.6,0.0,0.5699926166759497,44004.0,77.2,329,1318133.6099999999,1936.3520159999998,6.760000000000001,50520.992399999996,2985.06,0
0.2,0.0,0.0,0.0,0.0,31.1,99.7,939.2,1089.9,False,True,False,True,False,False,False,False,True,0,0,0,31.1,0.0,99.7,0.0,939.2,0.0,1089.9,0.0,0.0,0.0,0.2,0.0,0.0,0.0,0.0,349,882096.6400000001,0.0,0.04000000000000001,0.0,187.84000000000003,0
42.0,3500.0,50.0,95.2,33.472,0.0,373.6,1308.7,1331.2,False,True,False,False,False,False,True,True,False,0,1,0,0.0,0.0,373.6,0.0,1308.7,0.0,1331.2,0.0,33.472,0.0,42.0,0.0,0.6694266114677707,0.009563425839021188,95.2,331,1712695.6900000002,1120.374784,1764.0,43804.8064,54965.4,0
0.1,0.0,0.0,0.0,0.0,14.4,228.8,973.4,1105.0,True,False,True,False,False,False,False,False,True,1,0,0,0.0,14.4,0.0,228.8,0.0,973.4,0.0,1105.0,0.0,0.0,0.0,0.1,0.0,0.0,0.0,316,947507.5599999999,0.0,0.010000000000000002,0.0,97.34,0
3.0,3571.4,0.0,0.0,0.0,73.0,115.3,910.4,1108.4,False,True,False,False,True,False,False,False,True,0,0,0,73.0,0.0,115.3,0.0,910.4,0.0,1108.4,0.0,0.0,0.0,3.0,0.0,0.0,0.0,0.0,333,828828.1599999999,0.0,9.0,0.0,2731.2,0
0.2,0.0,0.0,0.0,0.0,82.6,305.3,747.5,1164.1,True,False,False,False,True,False,False,False,True,3,0,1,0.0,82.6,0.0,305.3,0.0,747.5,0.0,1164.1,0.0,0.0,0.0,0.2,0.0,0.0,0.0,310,558756.25,0.0,0.04000000000000001,0.0,149.5,1
0.1,0.0,0.0,0.0,0.0,14.4,197.2,955.0,1105.0,True,False,True,False,False,False,False,True,False,4,1,0,0.0,14.4,0.0,197.2,0.0,955.0,0.0,1105.0,0.0,0.0,0.0,0.1,0.0,0.0,0.0,314,912025.0,0.0,0.010000000000000002,0.0,95.5,0
0.2,0.0,0.0,0.0,0.0,31.6,370.4,894.2,1105.0,True,False,True,False,False,False,False,False,True,3,0,0,0.0,31.6,0.0,370.4,0.0,894.2,0.0,1105.0,0.0,0.0,0.0,0.2,0.0,0.0,0.0,360,799593.6400000001,0.0,0.04000000000000001,0.0,178.84000000000003,0
7.4,1630.4,0.0,0.0,0.0,115.5,54.3,824.0,875.4,True,False,False,False,False,False,True,False,True,1,0,0,0.0,115.5,0.0,54.3,0.0,824.0,0.0,875.4,0.0,0.0,0.0,7.4,0.0,0.0,0.0,356,678976.0,0.0,54.760000000000005,0.0,6097.6,0
0.1,500.0,0.0,0.0,0.0,44.6,25.6,704.0,1142.3,True,False,False,False,False,False,True,True,False,2,0,0,0.0,44.6,0.0,25.6,0.0,704.0,0.0,1142.3,0.0,0.0,0.0,0.1,0.0,0.0,0.0,323,495616.0,0.0,0.010000000000000002,0.0,70.4,1
0.2,0.0,0.0,0.0,0.0,79.0,55.4,836.3,939.0,True,False,False,False,False,False,True,True,False,2,0,0,0.0,79.0,0.0,55.4,0.0,836.3,0.0,939.0,0.0,0.0,0.0,0.2,0.0,0.0,0.0,343,699397.69,0.0,0.04000000000000001,0.0,167.26,0
0.3,0.0,0.0,0.0,0.0,36.4,309.6,894.4,1105.0,False,True,True,False,False,False,False,False,True,0,0,0,36.4,0.0,309.6,0.0,894.4,0.0,1105.0,0.0,0.0,0.0,0.3,0.0,0.0,0.0,0.0,362,799951.36,0.0,0.09,0.0,268.32,0
0.4,1500.0,0.0,0.0,0.0,10.0,41.3,921.2,1142.3,True,False,False,False,False,False,True,True,False,1,0,0,0.0,10.0,0.0,41.3,0.0,921.2,0.0,1142.3,0.0,0.0,0.0,0.4,0.0,0.0,0.0,350,848609.4400000001,0.0,0.16000000000000003,0.0,368.48,0
0.1,0.0,0.0,0.0,0.0,45.5,97.6,946.0,1089.9,True,False,False,True,False,False,False,False,True,2,0,0,0.0,45.5,0.0,97.6,0.0,946.0,0.0,1089.9,0.0,0.0,0.0,0.1,0.0,0.0,0.0,347,894916.0,0.0,0.010000000000000002,0.0,94.60000000000001,0
10.0,3125.0,50.0,50.0,28.5,44.7,6.0,1307.7,1331.2,False,True,False,False,False,False,True,True,False,0,0,0,44.7,0.0,6.0,0.0,1307.7,0.0,1331.2,0.0,28.5,0.0,10.0,0.0,0.5699886002279955,0.009119997081600934,50.0,354,1710079.29,812.25,100.0,37269.450000000004,13077.0,0
15.0,4166.7,100.0,133.3,60.663,13.2,122.0,1132.3,1288.7,False,True,True,False,False,False,False,True,False,0,1,0,13.2,0.0,122.0,0.0,1132.3,0.0,1288.7,0.0,60.663,0.0,15.0,0.0,0.6066239337606624,0.01455900003383972,133.3,349,1282103.2899999998,3679.9995689999996,225.0,68688.71489999999,16984.5,0
50.0,4500.0,50.0,150.0,39.5,0.0,174.1,836.5,875.4,True,False,False,False,False,False,True,True,False,2,0,0,0.0,0.0,0.0,174.1,0.0,836.5,0.0,875.4,0.0,39.5,0.0,50.0,0.7899842003159937,0.008777775827160926,150.0,330,699732.25,1560.25,2500.0,33041.75,41825.0,0
40.0,3333.3,50.0,125.0,36.75,17.8,305.6,1323.0,1331.2,False,True,False,False,False,False,True,True,False,0,1,0,17.8,0.0,305.6,0.0,1323.0,0.0,1331.2,0.0,36.75,0.0,40.0,0.0,0.7349853002939941,0.01102510694353735,125.0,340,1750329.0,1350.5625,1600.0,48620.25,52920.0,0
15.0,5000.0,120.0,46.7,60.337,3.4,204.22,801.92,844.8,False,True,False,True,False,False,False,False,True,0,0,0,3.4,0.0,204.22,0.0,801.92,0.0,844.8,0.0,60.337,0.0,15.0,0.0,0.5028041432988059,0.012067397586520482,46.7,334,643075.6863999999,3640.5535690000006,225.0,48385.44704,12028.8,1
7.2,5416.7,41.7,0.0,19.182,70.0,55.2,788.2,806.1,True,False,False,False,True,False,False,False,True,1,1,1,0.0,70.0,0.0,55.2,0.0,788.2,0.0,806.1,0.0,19.182,0.0,7.2,0.45998896908947023,0.003541269861489493,0.0,354,621259.2400000001,367.9491239999999,51.84,15119.2524,5675.040000000001,1
0.0,0.0,0.0,0.0,0.0,130.0,305.0,894.2,1105.0,False,True,True,False,False,False,False,False,True,0,0,0,130.0,0.0,305.0,0.0,894.2,0.0,1105.0,0.0,0.0,0.0,0.0,0.0,0.0,0.0,0.0,365,799593.6400000001,0.0,0.0,0.0,0.0,0
10.0,3500.0,40.0,120.0,31.6,62.2,15.4,1299.9,1331.2,False,True,False,False,False,False,True,False,True,0,0,0,62.2,0.0,15.4,0.0,1299.9,0.0,1331.2,0.0,31.6,0.0,10.0,0.0,0.7899802504937378,0.00902856884898033,120.0,359,1689740.0100000002,998.5600000000001,100.0,41076.840000000004,12999.0,0
0.3,0.0,0.0,0.0,0.0,29.4,131.2,1028.8,1105.0,True,False,True,False,False,False,False,False,True,4,0,0,0.0,29.4,0.0,131.2,0.0,1028.8,0.0,1105.0,0.0,0.0,0.0,0.3,0.0,0.0,0.0,325,1058429.44,0.0,0.09,0.0,308.64,0
0.1,0.0,0.0,0.0,0.0,20.4,202.7,929.1,1089.9,False,True,False,True,False,False,False,False,True,0,0,0,20.4,0.0,202.7,0.0,929.1,0.0,1089.9,0.0,0.0,0.0,0.1,0.0,0.0,0.0,0.0,354,863226.81,0.0,0.010000000000000002,0.0,92.91000000000001,0
0.3,0.0,0.0,0.0,0.0,202.8,74.2,676.1,939.0,False,True,False,False,False,False,True,True,False,0,0,0,202.8,0.0,74.2,0.0,676.1,0.0,939.0,0.0,0.0,0.0,0.3,0.0,0.0,0.0,0.0,7,457111.21,0.0,0.09,0.0,202.83,1
34.0,2941.2,58.8,0.0,27.048,52.0,3.2,1204.3,1320.5,False,True,False,True,False,False,False,False,True,0,0,0,52.0,0.0,3.2,0.0,1204.3,0.0,1320.5,0.0,27.048,0.0,34.0,0.0,0.45999217700379247,0.00919624330333085,0.0,359,1450338.49,731.5943039999999,1156.0,32573.906399999996,40946.2,0
13.5,3703.7,37.0,0.0,17.02,17.8,120.8,1307.7,1331.2,False,True,False,False,False,False,True,True,False,0,0,0,17.8,0.0,120.8,0.0,1307.7,0.0,1331.2,0.0,17.02,0.0,13.5,0.0,0.4599875679035702,0.004595403354644449,0.0,347,1710079.29,289.68039999999996,182.25,22257.054,17653.95,0
48.0,1562.5,0.0,0.0,0.0,86.9,1.2,665.5,844.8,False,True,False,True,False,False,False,False,True,0,0,0,86.9,0.0,1.2,0.0,665.5,0.0,844.8,0.0,0.0,0.0,48.0,0.0,0.0,0.0,0.0,3,442890.25,0.0,2304.0,0.0,31944.0,1
0.1,0.0,0.0,0.0,0.0,44.4,1.4,1014.8,1331.4,True,False,True,False,False,False,False,False,True,2,0,1,0.0,44.4,0.0,1.4,0.0,1014.8,0.0,1331.4,0.0,0.0,0.0,0.1,0.0,0.0,0.0,355,1029819.0399999999,0.0,0.010000000000000002,0.0,101.48,0
19.0,1973.7,0.0,0.0,0.0,140.0,32.2,722.12,844.8,False,True,False,True,False,False,False,False,True,0,0,0,140.0,0.0,32.2,0.0,722.12,0.0,844.8,0.0,0.0,0.0,19.0,0.0,0.0,0.0,0.0,360,521457.2944,0.0,361.0,0.0,13720.28,1
0.0,0.0,0.0,0.0,0.0,46.4,138.4,908.6,1105.0,True,False,True,False,False,False,False,False,True,4,0,0,0.0,46.4,0.0,138.4,0.0,908.6,0.0,1105.0,0.0,0.0,0.0,0.0,0.0,0.0,0.0,349,825553.9600000001,0.0,0.0,0.0,0.0,0
13.0,961.5,120.0,115.4,67.894,140.0,32.2,722.1,844.8,True,False,False,True,False,False,False,False,True,1,0,0,0.0,140.0,0.0,32.2,0.0,722.1,0.0,844.8,0.0,67.894,0.0,13.0,0.5657786185115125,0.07061251106343104,115.4,360,521428.41000000003,4609.595236000001,169.0,49026.2574,9387.300000000001,1
0.1,0.0,0.0,0.0,0.0,20.5,114.4,931.0,1089.9,True,False,False,True,False,False,False,False,True,1,0,0,0.0,20.5,0.0,114.4,0.0,931.0,0.0,1089.9,0.0,0.0,0.0,0.1,0.0,0.0,0.0,351,866761.0,0.0,0.010000000000000002,0.0,93.10000000000001,0
7.0,4166.7,28.6,0.0,13.156,163.2,240.5,1087.5,1288.7,True,False,True,False,False,False,False,False,True,1,0,0,0.0,163.2,0.0,240.5,0.0,1087.5,0.0,1288.7,0.0,13.156,0.0,7.0,0.4599839166462711,0.003157413982908781,0.0,365,1182656.25,173.08033600000002,49.0,14307.150000000001,7612.5,0
6.0,0.0,0.0,50.0,5.5,162.6,45.0,870.8,1062.2,True,False,True,False,False,False,False,False,True,1,0,1,0.0,162.6,0.0,45.0,0.0,870.8,0.0,1062.2,0.0,5.5,0.0,6.0,5500.0,5500.0,50.0,363,758292.6399999999,30.25,36.0,4789.4,5224.799999999999,0
45.0,1666.7,0.0,0.0,0.0,25.6,222.8,1176.5,1320.5,False,True,False,True,False,False,False,False,True,0,0,0,25.6,0.0,222.8,0.0,1176.5,0.0,1320.5,0.0,0.0,0.0,45.0,0.0,0.0,0.0,0.0,336,1384152.25,0.0,2025.0,0.0,52942.5,0
54.0,2963.0,0.0,0.0,0.0,40.2,15.1,682.9,875.4,False,True,False,False,False,False,True,True,False,0,0,0,40.2,0.0,15.1,0.0,682.9,0.0,875.4,0.0,0.0,0.0,54.0,0.0,0.0,0.0,0.0,10,466352.41,0.0,2916.0,0.0,36876.6,1
0.8,0.0,0.0,0.0,0.0,10.0,325.8,944.4,1331.4,False,True,True,False,False,False,False,False,True,0,0,0,10.0,0.0,325.8,0.0,944.4,0.0,1331.4,0.0,0.0,0.0,0.8,0.0,0.0,0.0,0.0,336,891891.36,0.0,0.6400000000000001,0.0,755.52,0
0.1,0.0,0.0,0.0,0.0,140.4,279.6,944.4,1331.4,True,False,True,False,False,False,False,False,True,1,0,0,0.0,140.4,0.0,279.6,0.0,944.4,0.0,1331.4,0.0,0.0,0.0,0.1,0.0,0.0,0.0,315,891891.36,0.0,0.010000000000000002,0.0,94.44,0
11.0,4545.5,63.6,90.9,39.255,12.5,340.9,836.5,875.4,True,False,False,False,False,False,True,True,False,1,0,0,0.0,12.5,0.0,340.9,0.0,836.5,0.0,875.4,0.0,39.255,0.0,11.0,0.6172072766151476,0.008636011739960018,90.9,345,699732.25,1540.9550250000002,121.0,32836.8075,9201.5,0
20.8,3370.2,0.0,0.0,0.0,109.8,52.5,770.5,875.4,True,False,False,False,False,False,True,True,False,3,0,0,0.0,109.8,0.0,52.5,0.0,770.5,0.0,875.4,0.0,0.0,0.0,20.8,0.0,0.0,0.0,360,593670.25,0.0,432.64000000000004,0.0,16026.400000000001,1
12.0,2500.0,0.0,83.3,9.163,129.0,8.6,704.4,1062.2,False,True,True,False,False,False,False,True,False,0,1,1,129.0,0.0,8.6,0.0,704.4,0.0,1062.2,0.0,9.163,0.0,12.0,0.0,9163.0,0.0036651985339205863,83.3,10,496179.36,83.960569,144.0,6454.4172,8452.8,1
20.0,3000.0,50.0,100.0,34.0,66.6,173.4,1106.3,1288.7,False,True,True,False,False,False,False,False,True,0,1,0,66.6,0.0,173.4,0.0,1106.3,0.0,1288.7,0.0,34.0,0.0,20.0,0.0,0.6799864002719946,0.011333329555556814,100.0,336,1223899.69,1156.0,400.0,37614.2,22126.0,0
3.2,2083.3,62.1,155.3,45.649,89.4,180.0,1106.1,1288.7,True,False,True,False,False,False,False,False,True,1,0,0,0.0,89.4,0.0,180.0,0.0,1106.1,0.0,1288.7,0.0,45.649,0.0,3.2,0.7350767298433197,0.021911860072068315,155.3,335,1223457.2099999997,2083.831201,10.240000000000002,50492.3589,3539.52,0
12.0,1666.7,50.0,233.3,48.663,70.7,294.1,1242.5,1331.2,False,True,False,False,False,False,True,True,False,0,1,0,70.7,0.0,294.1,0.0,1242.5,0.0,1331.2,0.0,48.663,0.0,12.0,0.0,0.9732405351892962,0.02919719853771012,233.3,4,1543806.25,2368.087569,144.0,60463.7775,14910.0,0
16.6,6024.1,54.2,0.0,24.932,84.7,219.3,1180.1,1320.5,False,True,False,True,False,False,False,False,True,0,0,0,84.7,0.0,219.3,0.0,1180.1,0.0,1320.5,0.0,24.932,0.0,16.6,0.0,0.45999151307171454,0.004138708829749036,0.0,331,1392636.0099999998,621.604624,275.56000000000006,29422.253199999996,19589.66,0
0.1,0.0,0.0,0.0,0.0,45.5,97.6,946.0,1089.9,False,True,False,True,False,False,False,False,True,0,1,1,45.5,0.0,97.6,0.0,946.0,0.0,1089.9,0.0,0.0,0.0,0.1,0.0,0.0,0.0,0.0,347,894916.0,0.0,0.010000000000000002,0.0,94.60000000000001,0
0.1,400.0,0.0,0.0,0.0,10.0,41.3,921.2,1142.3,True,False,False,False,False,False,True,True,False,1,0,0,0.0,10.0,0.0,41.3,0.0,921.2,0.0,1142.3,0.0,0.0,0.0,0.1,0.0,0.0,0.0,350,848609.4400000001,0.0,0.010000000000000002,0.0,92.12,0
0.1,0.0,0.0,0.0,0.0,90.0,34.4,928.6,1105.0,True,False,True,False,False,False,False,False,True,2,0,0,0.0,90.0,0.0,34.4,0.0,928.6,0.0,1105.0,0.0,0.0,0.0,0.1,0.0,0.0,0.0,345,862297.9600000001,0.0,0.010000000000000002,0.0,92.86000000000001,0
15.6,0.0,0.0,0.0,0.0,28.4,137.6,1136.7,1288.7,False,True,True,False,False,False,False,False,True,0,0,0,28.4,0.0,137.6,0.0,1136.7,0.0,1288.7,0.0,0.0,0.0,15.6,0.0,0.0,0.0,0.0,344,1292086.8900000001,0.0,243.35999999999999,0.0,17732.52,0
7.1,4207.6,42.1,0.0,19.366,162.6,45.0,870.8,1062.2,False,True,True,False,False,False,False,False,True,0,0,0,162.6,0.0,45.0,0.0,870.8,0.0,1062.2,0.0,19.366,0.0,7.1,0.0,0.4599890738937317,0.0046026227296742245,0.0,363,758292.6399999999,375.04195599999997,50.41,16863.9128,6182.679999999999,0
0.2,0.0,0.0,0.0,0.0,77.8,15.4,1023.2,1331.4,True,False,True,False,False,False,False,False,True,2,0,1,0.0,77.8,0.0,15.4,0.0,1023.2,0.0,1331.4,0.0,0.0,0.0,0.2,0.0,0.0,0.0,351,1046938.2400000001,0.0,0.04000000000000001,0.0,204.64000000000001,0
0.2,0.0,0.0,0.0,0.0,191.9,67.7,743.1,939.0,True,False,False,False,False,False,True,True,False,3,0,0,0.0,191.9,0.0,67.7,0.0,743.1,0.0,939.0,0.0,0.0,0.0,0.2,0.0,0.0,0.0,5,552197.61,0.0,0.04000000000000001,0.0,148.62,1
1.5,2000.0,0.0,200.0,22.0,170.4,5.4,824.4,1062.2,False,True,True,False,False,False,False,False,True,0,0,0,170.4,0.0,5.4,0.0,824.4,0.0,1062.2,0.0,22.0,0.0,1.5,0.0,22000.0,0.01099999450000275,200.0,5,679635.36,484.0,2.25,18136.8,1236.6,0
0.1,0.0,0.0,0.0,0.0,63.4,139.4,925.2,1105.0,False,True,True,False,False,False,False,False,True,0,0,0,63.4,0.0,139.4,0.0,925.2,0.0,1105.0,0.0,0.0,0.0,0.1,0.0,0.0,0.0,0.0,348,855995.04,0.0,0.010000000000000002,0.0,92.52000000000001,0
0.2,0.0,0.0,0.0,0.0,33.4,363.2,896.2,1105.0,True,False,True,False,False,False,False,False,True,1,0,0,0.0,33.4,0.0,363.2,0.0,896.2,0.0,1105.0,0.0,0.0,0.0,0.2,0.0,0.0,0.0,355,803174.4400000001,0.0,0.04000000000000001,0.0,179.24,0
243.0,0.0,45.3,93.0,31.068,0.0,291.9,803.92,844.8,True,False,False,True,False,False,False,True,False,1,1,1,0.0,0.0,0.0,291.9,0.0,803.92,0.0,844.8,0.0,31.068,0.0,243.0,0.6858126752168827,31068.0,93.0,343,646287.3663999999,965.220624,59049.0,24976.18656,195352.56,0
5.0,0.0,120.0,100.0,66.2,167.6,41.8,926.6,1062.2,False,True,True,False,False,False,False,False,True,0,0,0,167.6,0.0,41.8,0.0,926.6,0.0,1062.2,0.0,66.2,0.0,5.0,0.0,0.5516620694827543,66200.0,100.0,361,858587.56,4382.4400000000005,25.0,61340.920000000006,4633.0,0
0.0,0.0,0.0,0.0,0.0,45.8,10.2,1023.4,1331.4,True,False,True,False,False,False,False,True,False,1,0,0,0.0,45.8,0.0,10.2,0.0,1023.4,0.0,1331.4,0.0,0.0,0.0,0.0,0.0,0.0,0.0,352,1047347.5599999999,0.0,0.0,0.0,0.0,0
1.0,2500.0,0.0,150.0,16.5,228.6,8.6,825.0,1062.2,True,False,True,False,False,False,False,True,False,3,0,0,0.0,228.6,0.0,8.6,0.0,825.0,0.0,1062.2,0.0,16.5,0.0,1.0,16500.0,0.006599997360001056,150.0,2,680625.0,272.25,1.0,13612.5,825.0,0
0.1,0.0,0.0,0.0,0.0,30.6,106.8,728.2,1142.3,False,True,False,False,False,False,True,False,True,0,0,0,30.6,0.0,106.8,0.0,728.2,0.0,1142.3,0.0,0.0,0.0,0.1,0.0,0.0,0.0,0.0,333,530275.2400000001,0.0,0.010000000000000002,0.0,72.82000000000001,1
0.5,0.0,0.0,0.0,0.0,35.4,131.2,1053.8,1105.0,True,False,True,False,False,False,False,False,True,1,0,0,0.0,35.4,0.0,131.2,0.0,1053.8,0.0,1105.0,0.0,0.0,0.0,0.5,0.0,0.0,0.0,327,1110494.44,0.0,0.25,0.0,526.9,0
15.0,1666.7,53.3,200.0,46.518,4.2,208.2,1210.4,1320.5,True,False,False,True,False,False,False,False,True,1,1,1,0.0,4.2,0.0,208.2,0.0,1210.4,0.0,1320.5,0.0,46.518,0.0,15.0,0.8727415995947544,0.027910225049363982,200.0,349,1465068.1600000001,2163.924324,225.0,56305.387200000005,18156.0,0
15.0,4000.0,46.7,133.3,36.145,65.2,225.5,1263.0,1331.2,False,True,False,False,False,False,True,True,False,0,0,0,65.2,0.0,225.5,0.0,1263.0,0.0,1331.2,0.0,36.145,0.0,15.0,0.0,0.7739662962249203,0.009036247740938065,133.3,361,1595169.0,1306.4610250000003,225.0,45651.135,18945.0,0
50.0,0.0,40.0,0.0,18.4,103.2,30.6,620.2,806.1,False,True,False,False,True,False,False,False,True,0,1,0,103.2,0.0,30.6,0.0,620.2,0.0,806.1,0.0,18.4,0.0,50.0,0.0,0.45998850028749283,18400.0,0.0,365,384648.04000000004,338.55999999999995,2500.0,11411.68,31010.000000000004,1
0.2,0.0,0.0,0.0,0.0,144.6,13.8,928.4,1105.0,True,False,True,False,False,False,False,True,False,1,0,0,0.0,144.6,0.0,13.8,0.0,928.4,0.0,1105.0,0.0,0.0,0.0,0.2,0.0,0.0,0.0,343,861926.5599999999,0.0,0.04000000000000001,0.0,185.68,0
0.2,0.0,0.0,0.0,0.0,36.4,138.8,901.4,1105.0,True,False,True,False,False,False,False,False,True,2,1,1,0.0,36.4,0.0,138.8,0.0,901.4,0.0,1105.0,0.0,0.0,0.0,0.2,0.0,0.0,0.0,350,812521.96,0.0,0.04000000000000001,0.0,180.28,0
0.2,0.0,0.0,0.0,0.0,131.4,1.8,982.4,1105.0,True,False,True,False,False,False,False,False,True,4,0,0,0.0,131.4,0.0,1.8,0.0,982.4,0.0,1105.0,0.0,0.0,0.0,0.2,0.0,0.0,0.0,338,965109.76,0.0,0.04000000000000001,0.0,196.48000000000002,0
0.2,0.0,0.0,0.0,0.0,16.9,17.5,897.8,1164.1,False,True,False,False,True,False,False,False,True,0,0,1,16.9,0.0,17.5,0.0,897.8,0.0,1164.1,0.0,0.0,0.0,0.2,0.0,0.0,0.0,0.0,358,806044.84,0.0,0.04000000000000001,0.0,179.56,0
0.1,0.0,2.0,3.0,1.25,21.2,342.4,931.2,1331.4,True,False,True,False,False,False,False,False,True,2,0,0,0.0,21.2,0.0,342.4,0.0,931.2,0.0,1331.4,0.0,1.25,0.0,0.1,0.6246876561719141,1250.0,3.0,331,867133.4400000001,1.5625,0.010000000000000002,1164.0,93.12,0
0.1,0.0,2.5,0.0,1.15,36.8,139.2,973.2,1331.4,False,True,True,False,False,False,False,False,True,0,0,0,36.8,0.0,139.2,0.0,973.2,0.0,1331.4,0.0,1.15,0.0,0.1,0.0,0.45981607357057175,1150.0,0.0,342,947118.2400000001,1.3224999999999998,0.010000000000000002,1119.18,97.32000000000001,0
28.0,0.0,89.3,178.6,60.724,17.8,120.8,1307.7,1331.2,True,False,False,False,False,False,True,True,False,1,0,0,0.0,17.8,0.0,120.8,0.0,1307.7,0.0,1331.2,0.0,60.724,0.0,28.0,0.6799923853036359,60723.99999999999,178.6,347,1710079.29,3687.4041759999996,784.0,79408.7748,36615.6,0
0.1,3000.0,0.0,0.0,0.0,56.7,155.7,836.3,939.0,True,False,False,False,False,False,True,True,False,4,0,0,0.0,56.7,0.0,155.7,0.0,836.3,0.0,939.0,0.0,0.0,0.0,0.1,0.0,0.0,0.0,346,699397.69,0.0,0.010000000000000002,0.0,83.63,0
7.0,4166.7,50.0,0.0,23.0,28.4,148.2,1137.1,1288.7,False,True,True,False,False,False,False,False,True,0,1,0,28.4,0.0,148.2,0.0,1137.1,0.0,1288.7,0.0,23.0,0.0,7.0,0.0,0.45999080018399635,0.005519954515574792,0.0,343,1292996.4099999997,529.0,49.0,26153.3,7959.699999999999,0
50.0,3333.3,30.0,0.0,13.8,62.8,214.7,1089.3,1288.7,False,True,True,False,False,False,False,False,True,0,1,0,62.8,0.0,214.7,0.0,1089.3,0.0,1288.7,0.0,13.8,0.0,50.0,0.0,0.45998466717776076,0.004140040158389536,0.0,361,1186574.49,190.44000000000003,2500.0,15032.34,54465.0,0
0.4,0.0,0.0,0.0,0.0,84.4,57.7,973.3,1089.9,True,False,False,True,False,False,False,False,True,1,0,0,0.0,84.4,0.0,57.7,0.0,973.3,0.0,1089.9,0.0,0.0,0.0,0.4,0.0,0.0,0.0,338,947312.8899999999,0.0,0.16000000000000003,0.0,389.32,0
0.1,0.0,0.0,0.0,0.0,79.6,34.8,861.2,939.0,False,True,False,False,False,False,True,True,False,0,0,0,79.6,0.0,34.8,0.0,861.2,0.0,939.0,0.0,0.0,0.0,0.1,0.0,0.0,0.0,0.0,338,741665.4400000001,0.0,0.010000000000000002,0.0,86.12,0
0.2,0.0,0.0,0.0,0.0,63.4,139.4,925.2,1105.0,True,False,True,False,False,False,False,False,True,3,0,0,0.0,63.4,0.0,139.4,0.0,925.2,0.0,1105.0,0.0,0.0,0.0,0.2,0.0,0.0,0.0,348,855995.04,0.0,0.04000000000000001,0.0,185.04000000000002,0
0.0,200.0,0.0,0.0,0.0,104.4,21.0,914.6,1331.4,True,False,True,False,False,False,False,False,True,1,0,0,0.0,104.4,0.0,21.0,0.0,914.6,0.0,1331.4,0.0,0.0,0.0,0.0,0.0,0.0,0.0,323,836493.16,0.0,0.0,0.0,0.0,0
0.4,750.0,0.0,0.0,0.0,140.4,279.6,944.4,1331.4,False,True,True,False,False,False,False,False,True,0,0,0,140.4,0.0,279.6,0.0,944.4,0.0,1331.4,0.0,0.0,0.0,0.4,0.0,0.0,0.0,0.0,315,891891.36,0.0,0.16000000000000003,0.0,377.76,0
0.1,600.0,6.0,0.0,2.76,136.2,153.4,916.0,1331.4,False,True,True,False,False,False,False,False,True,0,0,0,136.2,0.0,153.4,0.0,916.0,0.0,1331.4,0.0,2.76,0.0,0.1,0.0,0.4599233461089818,0.004599992333346111,0.0,320,839056.0,7.617599999999999,0.010000000000000002,2528.16,91.60000000000001,0
0.1,0.0,0.0,0.0,0.0,35.4,268.0,956.8,1331.4,True,False,True,False,False,False,False,False,True,2,0,1,0.0,35.4,0.0,268.0,0.0,956.8,0.0,1331.4,0.0,0.0,0.0,0.1,0.0,0.0,0.0,340,915466.2399999999,0.0,0.010000000000000002,0.0,95.68,0
0.1,0.0,0.0,0.0,0.0,69.4,97.8,928.6,1105.0,False,True,True,False,False,False,False,False,True,0,0,0,69.4,0.0,97.8,0.0,928.6,0.0,1105.0,0.0,0.0,0.0,0.1,0.0,0.0,0.0,0.0,346,862297.9600000001,0.0,0.010000000000000002,0.0,92.86000000000001,0
0.1,0.0,0.0,0.0,0.0,36.8,312.2,895.8,1105.0,False,True,True,False,False,False,False,False,True,0,0,0,36.8,0.0,312.2,0.0,895.8,0.0,1105.0,0.0,0.0,0.0,0.1,0.0,0.0,0.0,0.0,353,802457.6399999999,0.0,0.010000000000000002,0.0,89.58,0
0.4,0.0,0.0,0.0,0.0,36.8,312.2,895.8,1105.0,True,False,True,False,False,False,False,False,True,1,1,0,0.0,36.8,0.0,312.2,0.0,895.8,0.0,1105.0,0.0,0.0,0.0,0.4,0.0,0.0,0.0,353,802457.6399999999,0.0,0.16000000000000003,0.0,358.32,0
32.0,4375.0,26.6,0.0,12.236,162.6,45.0,870.8,1062.2,True,False,True,False,False,False,False,False,True,1,1,1,0.0,162.6,0.0,45.0,0.0,870.8,0.0,1062.2,0.0,12.236,0.0,32.0,0.45998270741701436,0.002796799360731575,0.0,363,758292.6399999999,149.71969600000003,1024.0,10655.1088,27865.6,0
0.1,250.0,0.0,0.0,0.0,77.8,15.4,1023.2,1331.4,True,False,True,False,False,False,False,False,True,2,0,1,0.0,77.8,0.0,15.4,0.0,1023.2,0.0,1331.4,0.0,0.0,0.0,0.1,0.0,0.0,0.0,351,1046938.2400000001,0.0,0.010000000000000002,0.0,102.32000000000001,0
0.0,100.0,0.0,0.0,0.0,112.1,38.2,785.3,1227.0,True,False,False,True,False,False,False,False,True,1,0,1,0.0,112.1,0.0,38.2,0.0,785.3,0.0,1227.0,0.0,0.0,0.0,0.0,0.0,0.0,0.0,325,616696.09,0.0,0.0,0.0,0.0,1
3.5,0.0,0.0,171.4,18.854,167.6,41.8,931.0,1062.2,False,True,True,False,False,False,False,False,True,0,0,0,167.6,0.0,41.8,0.0,931.0,0.0,1062.2,0.0,18.854,0.0,3.5,0.0,18854.0,18854.0,171.4,360,866761.0,355.47331599999995,12.25,17553.074,3258.5,0
0.1,0.0,0.0,0.0,0.0,46.4,138.4,908.6,1105.0,True,False,True,False,False,False,False,False,True,1,0,0,0.0,46.4,0.0,138.4,0.0,908.6,0.0,1105.0,0.0,0.0,0.0,0.1,0.0,0.0,0.0,349,825553.9600000001,0.0,0.010000000000000002,0.0,90.86000000000001,0
0.2,0.0,0.0,5.0,0.55,55.6,15.4,1024.6,1331.4,False,True,True,False,False,False,False,False,True,0,0,1,55.6,0.0,15.4,0.0,1024.6,0.0,1331.4,0.0,0.55,0.0,0.2,0.0,550.0,550.0,5.0,348,1049805.16,0.30250000000000005,0.04000000000000001,563.53,204.92,0
45.0,3500.0,25.0,0.0,11.5,34.0,146.5,947.9,1108.4,True,False,False,False,True,False,False,False,True,3,1,1,0.0,34.0,0.0,146.5,0.0,947.9,0.0,1108.4,0.0,11.5,0.0,45.0,0.45998160073597055,0.0032857133469390435,0.0,341,898514.4099999999,132.25,2025.0,10900.85,42655.5,0
0.5,0.0,0.0,0.0,0.0,30.8,90.0,933.9,1089.9,False,True,False,True,False,False,False,False,True,0,0,0,30.8,0.0,90.0,0.0,933.9,0.0,1089.9,0.0,0.0,0.0,0.5,0.0,0.0,0.0,0.0,350,872169.21,0.0,0.25,0.0,466.95,0
0.1,0.0,0.0,0.0,0.0,32.8,216.1,804.5,939.0,True,False,False,False,False,False,True,True,False,1,0,0,0.0,32.8,0.0,216.1,0.0,804.5,0.0,939.0,0.0,0.0,0.0,0.1,0.0,0.0,0.0,351,647220.25,0.0,0.010000000000000002,0.0,80.45,0
0.1,0.0,0.0,0.0,0.0,6.0,41.3,908.6,1142.3,True,False,False,False,False,False,True,False,True,1,0,1,0.0,6.0,0.0,41.3,0.0,908.6,0.0,1142.3,0.0,0.0,0.0,0.1,0.0,0.0,0.0,345,825553.9600000001,0.0,0.010000000000000002,0.0,90.86000000000001,0
0.2,0.0,0.0,0.0,0.0,32.8,199.9,807.0,939.0,True,False,False,False,False,False,True,True,False,2,0,0,0.0,32.8,0.0,199.9,0.0,807.0,0.0,939.0,0.0,0.0,0.0,0.2,0.0,0.0,0.0,349,651249.0,0.0,0.04000000000000001,0.0,161.4,0
0.3,0.0,0.0,0.0,0.0,16.2,345.4,803.5,939.0,True,False,False,False,False,False,True,True,False,2,0,0,0.0,16.2,0.0,345.4,0.0,803.5,0.0,939.0,0.0,0.0,0.0,0.3,0.0,0.0,0.0,357,645612.25,0.0,0.09,0.0,241.04999999999998,1
0.2,0.0,0.0,0.0,0.0,37.0,122.6,1025.2,1331.4,True,False,True,False,False,False,False,False,True,4,0,0,0.0,37.0,0.0,122.6,0.0,1025.2,0.0,1331.4,0.0,0.0,0.0,0.2,0.0,0.0,0.0,343,1051035.04,0.0,0.04000000000000001,0.0,205.04000000000002,0
0.1,500.0,0.0,0.0,0.0,36.8,139.2,973.2,1331.4,False,True,True,False,False,False,False,False,True,0,0,0,36.8,0.0,139.2,0.0,973.2,0.0,1331.4,0.0,0.0,0.0,0.1,0.0,0.0,0.0,0.0,342,947118.2400000001,0.0,0.010000000000000002,0.0,97.32000000000001,0
50.0,0.0,50.0,50.0,28.5,45.7,37.6,1211.9,1320.5,False,True,False,True,False,False,False,False,True,0,0,0,45.7,0.0,37.6,0.0,1211.9,0.0,1320.5,0.0,28.5,0.0,50.0,0.0,0.5699886002279955,28500.0,50.0,355,1468701.6100000003,812.25,2500.0,34539.15,60595.00000000001,0
20.0,3750.0,50.0,75.0,31.25,109.8,52.5,770.5,875.4,False,True,False,False,False,False,True,False,True,0,0,0,109.8,0.0,52.5,0.0,770.5,0.0,875.4,0.0,31.25,0.0,20.0,0.0,0.624987500249995,0.008333331111111703,75.0,360,593670.25,976.5625,400.0,24078.125,15410.0,1
0.2,0.0,0.0,0.0,0.0,134.6,55.0,924.8,1331.4,True,False,True,False,False,False,False,False,True,1,0,0,0.0,134.6,0.0,55.0,0.0,924.8,0.0,1331.4,0.0,0.0,0.0,0.2,0.0,0.0,0.0,321,855255.0399999999,0.0,0.04000000000000001,0.0,184.96,0
4.0,3571.4,75.0,150.0,51.0,44.7,6.0,1307.7,1331.2,False,True,False,False,False,False,True,False,True,0,0,0,44.7,0.0,6.0,0.0,1307.7,0.0,1331.2,0.0,51.0,0.0,4.0,0.0,0.6799909334542206,0.01428011024245107,150.0,354,1710079.29,2601.0,16.0,66692.7,5230.8,0
25.0,3000.0,60.0,0.0,27.6,0.0,196.5,785.2,806.1,True,False,False,False,True,False,False,False,True,2,1,1,0.0,0.0,0.0,196.5,0.0,785.2,0.0,806.1,0.0,27.6,0.0,25.0,0.459992333461109,0.009199996933334356,0.0,324,616539.04,761.7600000000001,625.0,21671.520000000004,19630.0,1
0.2,0.0,0.0,0.0,0.0,45.5,97.6,946.0,1089.9,False,True,False,True,False,False,False,False,True,0,0,0,45.5,0.0,97.6,0.0,946.0,0.0,1089.9,0.0,0.0,0.0,0.2,0.0,0.0,0.0,0.0,347,894916.0,0.0,0.04000000000000001,0.0,189.20000000000002,0
0.3,0.0,0.0,0.0,0.0,56.7,359.3,806.5,939.0,True,False,False,False,False,False,True,True,False,1,0,0,0.0,56.7,0.0,359.3,0.0,806.5,0.0,939.0,0.0,0.0,0.0,0.3,0.0,0.0,0.0,360,650442.25,0.0,0.09,0.0,241.95,0
0.3,0.0,0.0,0.0,0.0,32.8,245.1,804.5,939.0,False,True,False,False,False,False,True,True,False,0,0,0,32.8,0.0,245.1,0.0,804.5,0.0,939.0,0.0,0.0,0.0,0.3,0.0,0.0,0.0,0.0,352,647220.25,0.0,0.09,0.0,241.35,0
0.1,0.0,0.0,0.0,0.0,94.6,316.3,716.4,1164.1,False,True,False,False,True,False,False,False,True,0,0,0,94.6,0.0,316.3,0.0,716.4,0.0,1164.1,0.0,0.0,0.0,0.1,0.0,0.0,0.0,0.0,315,513228.95999999996,0.0,0.010000000000000002,0.0,71.64,1
1.0,0.0,0.0,0.0,0.0,20.4,318.6,929.1,1089.9,True,False,False,True,False,False,False,False,True,1,0,0,0.0,20.4,0.0,318.6,0.0,929.1,0.0,1089.9,0.0,0.0,0.0,1.0,0.0,0.0,0.0,355,863226.81,0.0,1.0,0.0,929.1,0
2.1,0.0,47.6,0.0,21.896,28.2,210.0,1144.3,1288.7,False,True,True,False,False,False,False,False,True,0,0,0,28.2,0.0,210.0,0.0,1144.3,0.0,1288.7,0.0,21.896,0.0,2.1,0.0,0.45999033633747194,21896.0,0.0,340,1309422.49,479.434816,4.41,25055.5928,2403.03,0
16.7,11976.0,89.8,0.0,41.308,17.8,305.6,1323.0,1331.2,False,True,False,False,False,False,True,False,True,0,0,0,17.8,0.0,305.6,0.0,1323.0,0.0,1331.2,0.0,41.308,0.0,16.7,0.0,0.45999487756261065,0.0034492315089152048,0.0,340,1750329.0,1706.350864,278.89,54650.484,22094.1,0
0.2,500.0,0.0,0.0,0.0,35.8,225.4,957.0,1331.4,True,False,True,False,False,False,False,False,True,1,0,1,0.0,35.8,0.0,225.4,0.0,957.0,0.0,1331.4,0.0,0.0,0.0,0.2,0.0,0.0,0.0,341,915849.0,0.0,0.04000000000000001,0.0,191.4,0
0.0,0.0,0.0,0.0,0.0,43.0,12.8,1002.4,1331.4,True,False,True,False,False,False,False,False,True,1,0,0,0.0,43.0,0.0,12.8,0.0,1002.4,0.0,1331.4,0.0,0.0,0.0,0.0,0.0,0.0,0.0,357,1004805.76,0.0,0.0,0.0,0.0,0
18.6,1666.7,96.8,161.3,62.271,117.0,244.8,1148.1,1288.7,False,True,True,False,False,False,False,False,True,0,0,0,117.0,0.0,244.8,0.0,1148.1,0.0,1288.7,0.0,62.271,0.0,18.6,0.0,0.643288808999907,0.037361830346294866,161.3,329,1318133.6099999999,3877.6774410000003,345.96000000000004,71493.3351,21354.66,0
25.0,0.0,0.0,0.0,0.0,16.5,353.0,862.0,948.0,True,False,False,False,False,True,False,True,False,1,0,0,0.0,16.5,0.0,353.0,0.0,862.0,0.0,948.0,0.0,0.0,0.0,25.0,0.0,0.0,0.0,326,743044.0,0.0,625.0,0.0,21550.0,0
0.2,570.0,0.0,0.0,0.0,31.7,125.2,773.4,1142.3,True,False,False,False,False,False,True,True,False,1,0,0,0.0,31.7,0.0,125.2,0.0,773.4,0.0,1142.3,0.0,0.0,0.0,0.2,0.0,0.0,0.0,339,598147.5599999999,0.0,0.04000000000000001,0.0,154.68,1
0.5,500.0,0.0,0.0,0.0,135.0,162.6,906.4,1331.4,True,False,True,False,False,False,False,False,True,1,0,1,0.0,135.0,0.0,162.6,0.0,906.4,0.0,1331.4,0.0,0.0,0.0,0.5,0.0,0.0,0.0,317,821560.96,0.0,0.25,0.0,453.2,0
10.0,0.0,0.0,0.0,0.0,181.8,6.8,706.4,1062.2,False,True,True,False,False,False,False,False,True,0,0,0,181.8,0.0,6.8,0.0,706.4,0.0,1062.2,0.0,0.0,0.0,10.0,0.0,0.0,0.0,0.0,15,499000.95999999996,0.0,100.0,0.0,7064.0,1
3.2,0.0,0.0,0.0,0.0,100.6,261.5,1089.5,1288.7,True,False,True,False,False,False,False,True,False,1,0,0,0.0,100.6,0.0,261.5,0.0,1089.5,0.0,1288.7,0.0,0.0,0.0,3.2,0.0,0.0,0.0,363,1187010.25,0.0,10.240000000000002,0.0,3486.4,0
0.2,920.0,0.0,0.0,0.0,33.8,61.0,706.5,1142.3,False,True,False,False,False,False,True,False,True,0,0,0,33.8,0.0,61.0,0.0,706.5,0.0,1142.3,0.0,0.0,0.0,0.2,0.0,0.0,0.0,0.0,326,499142.25,0.0,0.04000000000000001,0.0,141.3,1
20.0,4166.7,75.0,0.0,34.5,138.0,145.4,970.4,1108.4,True,False,False,False,True,False,False,False,True,1,1,0,0.0,138.0,0.0,145.4,0.0,970.4,0.0,1108.4,0.0,34.5,0.0,20.0,0.45999386674844334,0.008279931773362188,0.0,326,941676.1599999999,1190.25,400.0,33478.799999999996,19408.0,0
0.5,0.0,30.0,0.0,13.8,43.6,51.2,897.8,1164.1,False,True,False,False,True,False,False,False,True,0,0,0,43.6,0.0,51.2,0.0,897.8,0.0,1164.1,0.0,13.8,0.0,0.5,0.0,0.45998466717776076,13800.0,0.0,361,806044.84,190.44000000000003,0.25,12389.64,448.9,0
0.3,0.0,0.0,0.0,0.0,15.2,342.0,944.2,1331.4,False,True,True,False,False,False,False,False,True,0,0,0,15.2,0.0,342.0,0.0,944.2,0.0,1331.4,0.0,0.0,0.0,0.3,0.0,0.0,0.0,0.0,333,891513.6400000001,0.0,0.09,0.0,283.26,0
0.2,350.0,3.0,0.0,1.38,134.6,55.0,924.8,1331.4,False,True,True,False,False,False,False,False,True,0,0,0,134.6,0.0,55.0,0.0,924.8,0.0,1331.4,0.0,1.38,0.0,0.2,0.0,0.4598467177607464,0.003942845877583207,0.0,321,855255.0399999999,1.9043999999999996,0.04000000000000001,1276.224,184.96,0
9.8,2750.0,40.8,0.0,18.768,54.4,49.3,1089.3,1288.7,True,False,True,False,False,False,False,False,True,4,0,0,0.0,54.4,0.0,49.3,0.0,1089.3,0.0,1288.7,0.0,18.768,0.0,9.8,0.4599887257665254,0.006824724791009167,0.0,360,1186574.49,352.23782400000005,96.04000000000002,20443.9824,10675.140000000001,0
16.0,2083.3,0.0,0.0,0.0,54.4,49.3,1089.3,1288.7,False,True,True,False,False,False,False,False,True,0,0,0,54.4,0.0,49.3,0.0,1089.3,0.0,1288.7,0.0,0.0,0.0,16.0,0.0,0.0,0.0,0.0,360,1186574.49,0.0,256.0,0.0,17428.8,0
14.0,5357.1,57.1,107.1,38.047,0.0,174.1,836.5,875.4,True,False,False,False,False,False,True,True,False,2,0,0,0.0,0.0,0.0,174.1,0.0,836.5,0.0,875.4,0.0,38.047,0.0,14.0,0.6663105724943521,0.007102162158226995,107.1,330,699732.25,1447.5742089999999,196.0,31826.315499999997,11711.0,0
0.2,3125.0,0.0,0.0,0.0,56.7,359.3,806.5,939.0,True,False,False,False,False,False,True,True,False,4,0,0,0.0,56.7,0.0,359.3,0.0,806.5,0.0,939.0,0.0,0.0,0.0,0.2,0.0,0.0,0.0,360,650442.25,0.0,0.04000000000000001,0.0,161.3,0
0.1,0.0,0.0,0.0,0.0,46.4,138.4,908.6,1105.0,False,True,True,False,False,False,False,False,True,0,0,0,46.4,0.0,138.4,0.0,908.6,0.0,1105.0,0.0,0.0,0.0,0.1,0.0,0.0,0.0,0.0,349,825553.9600000001,0.0,0.010000000000000002,0.0,90.86000000000001,0
0.1,0.0,0.0,0.0,0.0,77.8,15.4,1023.2,1331.4,True,False,True,False,False,False,False,False,True,2,0,1,0.0,77.8,0.0,15.4,0.0,1023.2,0.0,1331.4,0.0,0.0,0.0,0.1,0.0,0.0,0.0,351,1046938.2400000001,0.0,0.010000000000000002,0.0,102.32000000000001,0
15.0,2666.7,0.0,0.0,0.0,167.6,41.4,931.0,1062.2,False,True,True,False,False,False,False,False,True,0,0,0,167.6,0.0,41.4,0.0,931.0,0.0,1062.2,0.0,0.0,0.0,15.0,0.0,0.0,0.0,0.0,359,866761.0,0.0,225.0,0.0,13965.0,0
9.0,4166.7,66.7,0.0,30.682,45.4,31.9,1132.1,1288.7,True,False,True,False,False,False,False,False,True,1,0,0,0.0,45.4,0.0,31.9,0.0,1132.1,0.0,1288.7,0.0,30.682,0.0,9.0,0.45999310355167083,0.007363619323776772,0.0,357,1281650.4099999997,941.3851239999999,81.0,34735.0922,10188.9,0
25.8,5814.0,38.8,81.4,26.802,3.0,188.5,866.5,948.0,True,False,False,False,False,True,False,True,False,1,1,1,0.0,3.0,0.0,188.5,0.0,866.5,0.0,948.0,0.0,26.802,0.0,25.8,0.6907553929022449,0.004609906327845489,81.4,337,750822.25,718.347204,665.64,23223.933,22355.7,0
0.4,0.0,0.0,0.0,0.0,31.7,135.5,773.4,1142.3,False,True,False,False,False,False,True,False,True,0,0,0,31.7,0.0,135.5,0.0,773.4,0.0,1142.3,0.0,0.0,0.0,0.4,0.0,0.0,0.0,0.0,338,598147.5599999999,0.0,0.16000000000000003,0.0,309.36,1
0.1,0.0,0.0,0.0,0.0,77.6,67.4,960.4,1089.9,True,False,False,True,False,False,False,False,True,3,1,1,0.0,77.6,0.0,67.4,0.0,960.4,0.0,1089.9,0.0,0.0,0.0,0.1,0.0,0.0,0.0,341,922368.1599999999,0.0,0.010000000000000002,0.0,96.04,0
1.5,0.0,0.0,0.0,0.0,63.9,342.6,927.9,1089.9,True,False,False,True,False,False,False,False,True,1,0,0,0.0,63.9,0.0,342.6,0.0,927.9,0.0,1089.9,0.0,0.0,0.0,1.5,0.0,0.0,0.0,363,860998.4099999999,0.0,2.25,0.0,1391.85,0
25.0,5000.0,80.0,0.0,36.8,47.0,49.0,868.0,948.0,True,False,False,False,False,True,False,True,False,1,0,0,0.0,47.0,0.0,49.0,0.0,868.0,0.0,948.0,0.0,36.8,0.0,25.0,0.45999425007187406,0.007359998528000293,0.0,351,753424.0,1354.2399999999998,625.0,31942.399999999998,21700.0,0
0.3,875.0,0.0,0.0,0.0,137.7,190.3,754.0,1227.0,False,True,False,True,False,False,False,False,True,0,0,0,137.7,0.0,190.3,0.0,754.0,0.0,1227.0,0.0,0.0,0.0,0.3,0.0,0.0,0.0,0.0,315,568516.0,0.0,0.09,0.0,226.2,1
0.2,750.0,0.0,0.0,0.0,23.4,22.8,848.2,1227.0,False,True,False,True,False,False,False,False,True,0,0,0,23.4,0.0,22.8,0.0,848.2,0.0,1227.0,0.0,0.0,0.0,0.2,0.0,0.0,0.0,0.0,346,719443.2400000001,0.0,0.04000000000000001,0.0,169.64000000000001,0
1.2,0.0,0.0,0.0,0.0,20.4,202.7,929.1,1089.9,True,False,False,True,False,False,False,False,True,1,0,0,0.0,20.4,0.0,202.7,0.0,929.1,0.0,1089.9,0.0,0.0,0.0,1.2,0.0,0.0,0.0,354,863226.81,0.0,1.44,0.0,1114.92,0
0.1,0.0,0.0,0.0,0.0,57.8,15.4,1024.4,1331.4,True,False,True,False,False,False,False,False,True,2,0,1,0.0,57.8,0.0,15.4,0.0,1024.4,0.0,1331.4,0.0,0.0,0.0,0.1,0.0,0.0,0.0,349,1049395.36,0.0,0.010000000000000002,0.0,102.44000000000001,0
0.1,0.0,0.0,0.0,0.0,77.9,6.7,1020.5,1089.9,True,False,False,True,False,False,False,False,True,1,0,0,0.0,77.9,0.0,6.7,0.0,1020.5,0.0,1089.9,0.0,0.0,0.0,0.1,0.0,0.0,0.0,333,1041420.25,0.0,0.010000000000000002,0.0,102.05000000000001,0
20.0,3928.6,100.0,0.0,46.0,34.5,101.2,904.4,1108.4,False,True,False,False,True,False,False,False,True,0,0,0,34.5,0.0,101.2,0.0,904.4,0.0,1108.4,0.0,46.0,0.0,20.0,0.0,0.45999540004599954,0.011709002772233678,0.0,339,817939.36,2116.0,400.0,41602.4,18088.0,0
0.8,0.0,35.0,0.0,16.1,72.0,24.0,845.1,1227.0,False,True,False,True,False,False,False,False,True,0,0,1,72.0,0.0,24.0,0.0,845.1,0.0,1227.0,0.0,16.1,0.0,0.8,0.0,0.45998685751835666,16100.000000000002,0.0,357,714194.01,259.21000000000004,0.6400000000000001,13606.110000000002,676.08,0
10.0,0.0,100.0,0.0,46.0,145.9,0.0,616.5,806.1,False,True,False,False,True,False,False,False,True,0,1,0,145.9,0.0,0.0,0.0,616.5,0.0,806.1,0.0,46.0,0.0,10.0,0.0,0.45999540004599954,46000.0,0.0,4,380072.25,2116.0,100.0,28359.0,6165.0,1
0.1,0.0,0.0,0.0,0.0,18.7,345.4,804.5,939.0,True,False,False,False,False,False,True,True,False,2,0,0,0.0,18.7,0.0,345.4,0.0,804.5,0.0,939.0,0.0,0.0,0.0,0.1,0.0,0.0,0.0,356,647220.25,0.0,0.010000000000000002,0.0,80.45,0
10.0,0.0,50.0,0.0,23.0,171.7,30.6,718.2,806.1,False,True,False,False,True,False,False,False,True,0,1,0,171.7,0.0,30.6,0.0,718.2,0.0,806.1,0.0,23.0,0.0,10.0,0.0,0.45999080018399635,23000.0,0.0,361,515811.24000000005,529.0,100.0,16518.600000000002,7182.0,1
10.0,0.0,30.0,90.0,23.7,69.1,294.1,1244.0,1331.2,False,True,False,False,False,False,True,True,False,0,0,0,69.1,0.0,294.1,0.0,1244.0,0.0,1331.2,0.0,23.7,0.0,10.0,0.0,0.7899736675444151,23700.0,90.0,3,1547536.0,561.6899999999999,100.0,29482.8,12440.0,0
8.0,4166.7,0.0,0.0,0.0,144.0,105.8,868.9,1108.4,True,False,False,False,True,False,False,False,True,2,0,0,0.0,144.0,0.0,105.8,0.0,868.9,0.0,1108.4,0.0,0.0,0.0,8.0,0.0,0.0,0.0,321,754987.21,0.0,64.0,0.0,6951.2,0
16.7,4491.0,35.9,59.9,23.103,111.0,82.0,824.0,875.4,False,True,False,False,False,False,True,False,True,0,0,0,111.0,0.0,82.0,0.0,824.0,0.0,875.4,0.0,23.103,0.0,16.7,0.0,0.6435196791175735,0.0051442874316883925,59.9,355,678976.0,533.7486090000001,278.89,19036.872000000003,13760.8,0
0.2,0.0,0.0,0.0,0.0,63.4,139.4,925.2,1105.0,True,False,True,False,False,False,False,False,True,1,1,1,0.0,63.4,0.0,139.4,0.0,925.2,0.0,1105.0,0.0,0.0,0.0,0.2,0.0,0.0,0.0,348,855995.04,0.0,0.04000000000000001,0.0,185.04000000000002,0
0.1,250.0,10.0,0.0,4.6,167.7,40.8,745.8,1227.0,False,True,False,True,False,False,False,False,True,0,0,0,167.7,0.0,40.8,0.0,745.8,0.0,1227.0,0.0,4.6,0.0,0.1,0.0,0.45995400459954006,0.018399926400294395,0.0,324,556217.6399999999,21.159999999999997,0.010000000000000002,3430.6799999999994,74.58,1
2.1,3125.0,149.8,200.0,90.908,28.4,137.6,1136.7,1288.7,False,True,True,False,False,False,False,False,True,0,0,0,28.4,0.0,137.6,0.0,1136.7,0.0,1288.7,0.0,90.908,0.0,2.1,0.0,0.606858432186701,0.029090550691023776,200.0,344,1292086.8900000001,8264.264464,4.41,103335.1236,2387.07,0
17.4,0.0,0.0,0.0,0.0,168.0,30.6,772.7,806.1,False,True,False,False,True,False,False,False,True,0,1,0,168.0,0.0,30.6,0.0,772.7,0.0,806.1,0.0,0.0,0.0,17.4,0.0,0.0,0.0,0.0,356,597065.29,0.0,302.75999999999993,0.0,13444.98,1
50.0,3200.0,0.0,50.0,5.5,96.0,25.0,821.0,948.0,False,True,False,False,False,True,False,True,False,0,0,0,96.0,0.0,25.0,0.0,821.0,0.0,948.0,0.0,5.5,0.0,50.0,0.0,5500.0,0.0017187494628907926,50.0,361,674041.0,30.25,2500.0,4515.5,41050.0,0
0.1,250.0,0.0,3.0,0.33,55.6,15.4,1024.6,1331.4,True,False,True,False,False,False,False,False,True,4,0,1,0.0,55.6,0.0,15.4,0.0,1024.6,0.0,1331.4,0.0,0.33,0.0,0.1,330.0,0.0013199947200211199,3.0,348,1049805.16,0.10890000000000001,0.010000000000000002,338.118,102.46,0
0.1,0.0,0.0,0.0,0.0,92.2,26.2,1015.7,1089.9,True,False,False,True,False,False,False,False,True,1,0,0,0.0,92.2,0.0,26.2,0.0,1015.7,0.0,1089.9,0.0,0.0,0.0,0.1,0.0,0.0,0.0,336,1031646.4900000001,0.0,0.010000000000000002,0.0,101.57000000000001,0
0.2,0.0,0.0,0.0,0.0,33.4,363.2,896.2,1105.0,False,True,True,False,False,False,False,False,True,0,0,0,33.4,0.0,363.2,0.0,896.2,0.0,1105.0,0.0,0.0,0.0,0.2,0.0,0.0,0.0,0.0,355,803174.4400000001,0.0,0.04000000000000001,0.0,179.24,0
22.7,2506.6,52.8,50.0,29.788,109.8,52.5,770.5,875.4,False,True,False,False,False,False,True,True,False,0,0,0,109.8,0.0,52.5,0.0,770.5,0.0,875.4,0.0,29.788,0.0,22.7,0.0,0.5641559818942824,0.01188382195650604,50.0,359,593670.25,887.324944,515.29,22951.654,17490.35,1
0.4,0.0,0.0,0.0,0.0,45.7,357.1,804.5,939.0,True,False,False,False,False,False,True,True,False,1,0,0,0.0,45.7,0.0,357.1,0.0,804.5,0.0,939.0,0.0,0.0,0.0,0.4,0.0,0.0,0.0,355,647220.25,0.0,0.16000000000000003,0.0,321.8,0
40.0,0.0,50.0,0.0,23.0,0.0,175.0,785.2,806.1,True,False,False,False,True,False,False,False,True,1,1,1,0.0,0.0,0.0,175.0,0.0,785.2,0.0,806.1,0.0,23.0,0.0,40.0,0.45999080018399635,23000.0,0.0,344,616539.04,529.0,1600.0,18059.600000000002,31408.0,1
0.2,0.0,0.0,0.0,0.0,90.0,34.4,928.6,1105.0,False,True,True,False,False,False,False,False,True,0,0,0,90.0,0.0,34.4,0.0,928.6,0.0,1105.0,0.0,0.0,0.0,0.2,0.0,0.0,0.0,0.0,345,862297.9600000001,0.0,0.04000000000000001,0.0,185.72000000000003,0
0.1,0.0,0.0,0.0,0.0,132.2,3.0,1036.8,1105.0,True,False,True,False,False,False,False,False,True,1,0,0,0.0,132.2,0.0,3.0,0.0,1036.8,0.0,1105.0,0.0,0.0,0.0,0.1,0.0,0.0,0.0,336,1074954.24,0.0,0.010000000000000002,0.0,103.68,0
0.1,350.0,0.0,0.0,0.0,79.2,91.2,932.6,1331.4,False,True,True,False,False,False,False,False,True,0,0,0,79.2,0.0,91.2,0.0,932.6,0.0,1331.4,0.0,0.0,0.0,0.1,0.0,0.0,0.0,0.0,325,869742.76,0.0,0.010000000000000002,0.0,93.26,0
0.3,0.0,0.0,0.0,0.0,83.2,67.3,946.1,1089.9,False,True,False,True,False,False,False,False,True,0,0,0,83.2,0.0,67.3,0.0,946.1,0.0,1089.9,0.0,0.0,0.0,0.3,0.0,0.0,0.0,0.0,344,895105.2100000001,0.0,0.09,0.0,283.83,0
0.2,0.0,0.0,0.0,0.0,131.0,2.4,962.2,1105.0,True,False,True,False,False,False,False,False,True,2,0,0,0.0,131.0,0.0,2.4,0.0,962.2,0.0,1105.0,0.0,0.0,0.0,0.2,0.0,0.0,0.0,339,925828.8400000001,0.0,0.04000000000000001,0.0,192.44000000000003,0
0.5,0.0,0.0,0.0,0.0,86.0,67.3,956.4,1089.9,True,False,False,True,False,False,False,False,True,1,0,0,0.0,86.0,0.0,67.3,0.0,956.4,0.0,1089.9,0.0,0.0,0.0,0.5,0.0,0.0,0.0,343,914700.96,0.0,0.25,0.0,478.2,0
2.0,10000.0,0.0,0.0,0.0,132.2,176.0,1115.9,1288.7,False,True,True,False,False,False,False,False,True,0,0,0,132.2,0.0,176.0,0.0,1115.9,0.0,1288.7,0.0,0.0,0.0,2.0,0.0,0.0,0.0,0.0,330,1245232.8100000003,0.0,4.0,0.0,2231.8,0
0.2,0.0,0.0,0.0,0.0,30.8,90.0,933.9,1089.9,False,True,False,True,False,False,False,False,True,0,0,0,30.8,0.0,90.0,0.0,933.9,0.0,1089.9,0.0,0.0,0.0,0.2,0.0,0.0,0.0,0.0,350,872169.21,0.0,0.04000000000000001,0.0,186.78,0
5.2,7692.3,0.0,134.6,14.806,109.8,52.5,755.0,875.4,True,False,False,False,False,False,True,True,False,1,0,0,0.0,109.8,0.0,52.5,0.0,755.0,0.0,875.4,0.0,14.806,0.0,5.2,14805.999999999998,0.0019247816745600567,134.6,362,570025.0,219.21763599999997,27.040000000000003,11178.529999999999,3926.0,1
0.3,1200.0,15.0,0.0,6.9,6.0,41.3,908.6,1142.3,False,True,False,False,False,False,True,True,False,0,0,0,6.0,0.0,41.3,0.0,908.6,0.0,1142.3,0.0,6.9,0.0,0.3,0.0,0.4599693353776415,0.0057499952083373265,0.0,345,825553.9600000001,47.61000000000001,0.09,6269.34,272.58,0
0.2,0.0,0.0,0.0,0.0,121.2,283.6,956.8,1331.4,True,False,True,False,False,False,False,False,True,1,0,1,0.0,121.2,0.0,283.6,0.0,956.8,0.0,1331.4,0.0,0.0,0.0,0.2,0.0,0.0,0.0,314,915466.2399999999,0.0,0.04000000000000001,0.0,191.36,0
25.0,0.0,0.0,0.0,0.0,60.0,115.3,910.4,1108.4,True,False,False,False,True,False,False,False,True,1,0,0,0.0,60.0,0.0,115.3,0.0,910.4,0.0,1108.4,0.0,0.0,0.0,25.0,0.0,0.0,0.0,334,828828.1599999999,0.0,625.0,0.0,22760.0,0
5.0,3125.0,0.0,40.0,4.4,65.2,225.5,1263.0,1331.2,False,True,False,False,False,False,True,True,False,0,0,0,65.2,0.0,225.5,0.0,1263.0,0.0,1331.2,0.0,4.4,0.0,5.0,0.0,4400.0,0.0014079995494401443,40.0,361,1595169.0,19.360000000000003,25.0,5557.200000000001,6315.0,0
20.0,1250.0,50.0,0.0,23.0,168.0,30.6,718.2,806.1,False,True,False,False,True,False,False,False,True,0,1,0,168.0,0.0,30.6,0.0,718.2,0.0,806.1,0.0,23.0,0.0,20.0,0.0,0.45999080018399635,0.018399985280011775,0.0,358,515811.24000000005,529.0,400.0,16518.600000000002,14364.0,1
0.2,0.0,0.0,0.0,0.0,44.2,207.8,834.0,939.0,True,False,False,False,False,False,True,True,False,2,0,0,0.0,44.2,0.0,207.8,0.0,834.0,0.0,939.0,0.0,0.0,0.0,0.2,0.0,0.0,0.0,348,695556.0,0.0,0.04000000000000001,0.0,166.8,0
7.2,2916.7,27.8,41.7,17.375,109.8,52.5,770.5,875.4,True,False,False,False,False,False,True,True,False,1,0,0,0.0,109.8,0.0,52.5,0.0,770.5,0.0,875.4,0.0,17.375,0.0,7.2,0.624977518794288,0.005957072733886675,41.7,360,593670.25,301.890625,51.84,13387.4375,5547.6,1
0.1,0.0,0.0,0.0,0.0,36.8,227.4,895.6,1105.0,True,False,True,False,False,False,False,False,True,1,0,0,0.0,36.8,0.0,227.4,0.0,895.6,0.0,1105.0,0.0,0.0,0.0,0.1,0.0,0.0,0.0,352,802099.36,0.0,0.010000000000000002,0.0,89.56,0
0.0,0.0,0.0,0.0,0.0,63.4,139.4,925.2,1105.0,True,False,True,False,False,False,False,False,True,1,0,0,0.0,63.4,0.0,139.4,0.0,925.2,0.0,1105.0,0.0,0.0,0.0,0.0,0.0,0.0,0.0,348,855995.04,0.0,0.0,0.0,0.0,0
15.0,5000.0,66.7,100.0,41.682,110.6,67.6,725.5,875.4,True,False,False,False,False,False,True,True,False,1,0,0,0.0,110.6,0.0,67.6,0.0,725.5,0.0,875.4,0.0,41.682,0.0,15.0,0.6249081722912699,0.008336398332720334,100.0,363,526350.25,1737.3891240000003,225.0,30240.291,10882.5,1
18.0,3333.3,38.9,0.0,17.894,69.1,294.1,1244.0,1331.2,False,True,False,False,False,False,True,True,False,0,0,0,69.1,0.0,294.1,0.0,1244.0,0.0,1331.2,0.0,17.894,0.0,18.0,0.0,0.4599881751111797,0.005368252072045098,0.0,3,1547536.0,320.19523599999997,324.0,22260.136,22392.0,0
0.1,0.0,5.0,0.0,2.3,28.5,8.7,922.8,1164.1,False,True,False,False,True,False,False,False,True,0,0,1,28.5,0.0,8.7,0.0,922.8,0.0,1164.1,0.0,2.3,0.0,0.1,0.0,0.4599080183963207,2300.0,0.0,344,851559.84,5.289999999999999,0.010000000000000002,2122.4399999999996,92.28,0
0.1,150.0,0.0,0.0,0.0,137.7,187.5,746.8,1227.0,True,False,False,True,False,False,False,False,True,2,0,1,0.0,137.7,0.0,187.5,0.0,746.8,0.0,1227.0,0.0,0.0,0.0,0.1,0.0,0.0,0.0,316,557710.2399999999,0.0,0.010000000000000002,0.0,74.67999999999999,1
26.0,3000.0,0.0,0.0,0.0,109.8,52.5,755.0,875.4,False,True,False,False,False,False,True,True,False,0,0,0,109.8,0.0,52.5,0.0,755.0,0.0,875.4,0.0,0.0,0.0,26.0,0.0,0.0,0.0,0.0,362,570025.0,0.0,676.0,0.0,19630.0,1
18.0,2500.0,0.0,111.1,12.221,50.1,15.1,714.2,875.4,False,True,False,False,False,False,True,True,False,0,0,0,50.1,0.0,15.1,0.0,714.2,0.0,875.4,0.0,12.221,0.0,18.0,0.0,12221.0,0.004888398044640782,111.1,5,510081.6400000001,149.352841,324.0,8728.2382,12855.6,1
11.2,2511.2,53.8,53.8,30.666,50.1,15.1,714.2,875.4,False,True,False,False,False,False,True,True,False,0,0,0,50.1,0.0,15.1,0.0,714.2,0.0,875.4,0.0,30.666,0.0,11.2,0.0,0.5699894054013867,0.01221168675864656,53.8,5,510081.6400000001,940.403556,125.43999999999998,21901.6572,7999.04,1
30.0,2083.3,66.7,100.0,41.682,17.8,88.8,1307.7,1331.2,False,True,False,False,False,False,True,True,False,0,0,0,17.8,0.0,88.8,0.0,1307.7,0.0,1331.2,0.0,41.682,0.0,30.0,0.0,0.6249081722912699,0.020007670519046453,100.0,349,1710079.29,1737.3891240000003,900.0,54507.551400000004,39231.0,0
3.5,0.0,28.6,42.9,17.875,43.4,72.2,1132.1,1288.7,False,True,True,False,False,False,False,False,True,0,0,0,43.4,0.0,72.2,0.0,1132.1,0.0,1288.7,0.0,17.875,0.0,3.5,0.0,0.6249781476172162,17875.0,42.9,354,1281650.4099999997,319.515625,12.25,20236.2875,3962.3499999999995,0
11.0,0.0,0.0,136.4,15.004,167.6,41.4,931.0,1062.2,False,True,True,False,False,False,False,False,True,0,0,0,167.6,0.0,41.4,0.0,931.0,0.0,1062.2,0.0,15.004,0.0,11.0,0.0,15004.0,15004.0,136.4,359,866761.0,225.120016,121.0,13968.724,10241.0,0
15.0,1666.7,100.0,0.0,46.0,22.5,119.1,925.4,1108.4,True,False,False,False,True,False,False,False,True,1,1,0,0.0,22.5,0.0,119.1,0.0,925.4,0.0,1108.4,0.0,46.0,0.0,15.0,0.45999540004599954,0.027599431451712095,0.0,349,856365.1599999999,2116.0,225.0,42568.4,13881.0,0
40.0,0.0,0.0,0.0,0.0,44.2,0.0,591.3,806.1,False,True,False,False,True,False,False,False,True,0,1,0,44.2,0.0,0.0,0.0,591.3,0.0,806.1,0.0,0.0,0.0,40.0,0.0,0.0,0.0,0.0,9,349635.68999999994,0.0,1600.0,0.0,23652.0,1
100.0,0.0,0.0,0.0,0.0,35.2,9.1,641.52,844.8,True,False,False,True,False,False,False,False,True,3,0,0,0.0,35.2,0.0,9.1,0.0,641.52,0.0,844.8,0.0,0.0,0.0,100.0,0.0,0.0,0.0,12,411547.9104,0.0,10000.0,0.0,64152.0,1
0.2,3000.0,0.0,0.0,0.0,32.8,199.9,807.0,939.0,True,False,False,False,False,False,True,False,True,4,0,0,0.0,32.8,0.0,199.9,0.0,807.0,0.0,939.0,0.0,0.0,0.0,0.2,0.0,0.0,0.0,349,651249.0,0.0,0.04000000000000001,0.0,161.4,0
15.0,0.0,33.3,0.0,15.318,44.2,0.0,591.3,806.1,False,True,False,False,True,False,False,False,True,0,1,0,44.2,0.0,0.0,0.0,591.3,0.0,806.1,0.0,15.318,0.0,15.0,0.0,0.45998618660100304,15318.0,0.0,9,349635.68999999994,234.641124,225.0,9057.533399999998,8869.5,1
12.0,3333.3,0.0,0.0,0.0,65.2,225.5,1263.0,1331.2,False,True,False,False,False,False,True,True,False,0,0,0,65.2,0.0,225.5,0.0,1263.0,0.0,1331.2,0.0,0.0,0.0,12.0,0.0,0.0,0.0,0.0,361,1595169.0,0.0,144.0,0.0,15156.0,0
0.2,700.0,0.0,0.0,0.0,20.7,96.8,778.4,1142.3,True,False,False,False,False,False,True,False,True,3,0,0,0.0,20.7,0.0,96.8,0.0,778.4,0.0,1142.3,0.0,0.0,0.0,0.2,0.0,0.0,0.0,341,605906.5599999999,0.0,0.04000000000000001,0.0,155.68,1
0.1,0.0,0.0,0.0,0.0,104.0,12.4,1056.6,1105.0,True,False,True,False,False,False,False,False,True,3,0,0,0.0,104.0,0.0,12.4,0.0,1056.6,0.0,1105.0,0.0,0.0,0.0,0.1,0.0,0.0,0.0,332,1116403.5599999998,0.0,0.010000000000000002,0.0,105.66,0
0.1,0.0,3.0,0.0,1.38,135.7,195.4,755.3,1227.0,True,False,False,True,False,False,False,False,True,2,0,1,0.0,135.7,0.0,195.4,0.0,755.3,0.0,1227.0,0.0,1.38,0.0,0.1,0.4598467177607464,1379.9999999999998,0.0,314,570478.09,1.9043999999999996,0.010000000000000002,1042.3139999999999,75.53,1
0.2,500.0,0.0,0.0,0.0,33.3,107.2,719.1,1142.3,False,True,False,False,False,False,True,True,False,0,0,0,33.3,0.0,107.2,0.0,719.1,0.0,1142.3,0.0,0.0,0.0,0.2,0.0,0.0,0.0,0.0,332,517104.81000000006,0.0,0.04000000000000001,0.0,143.82000000000002,1
88.7,2819.8,50.0,45.7,28.027,0.0,373.6,1308.7,1331.2,True,False,False,False,False,False,True,True,False,2,1,0,0.0,0.0,0.0,373.6,0.0,1308.7,0.0,1331.2,0.0,28.027,0.0,88.7,0.5605287894242116,0.009939353876390567,45.7,331,1712695.6900000002,785.512729,7867.6900000000005,36678.9349,116081.69,0
10.6,2840.9,75.8,0.0,34.868,109.8,52.5,755.5,875.4,False,True,False,False,False,False,True,True,False,0,0,0,109.8,0.0,52.5,0.0,755.5,0.0,875.4,0.0,34.868,0.0,10.6,0.0,0.45999393147847656,0.01227357095513008,0.0,361,570780.25,1215.777424,112.36,26342.774,8008.3,1
12.4,0.0,40.3,0.0,18.538,38.5,9.1,641.5,844.8,False,True,False,True,False,False,False,False,True,0,0,0,38.5,0.0,9.1,0.0,641.5,0.0,844.8,0.0,18.538,0.0,12.4,0.0,0.45998858589116903,18538.0,0.0,11,411522.25,343.657444,153.76000000000002,11892.127,7954.6,1
0.2,0.0,0.0,0.0,0.0,92.2,26.2,1015.7,1089.9,True,False,False,True,False,False,False,False,True,1,0,0,0.0,92.2,0.0,26.2,0.0,1015.7,0.0,1089.9,0.0,0.0,0.0,0.2,0.0,0.0,0.0,336,1031646.4900000001,0.0,0.04000000000000001,0.0,203.14000000000001,0
0.1,0.0,0.0,0.0,0.0,144.6,13.8,928.4,1105.0,False,True,True,False,False,False,False,False,True,0,0,0,144.6,0.0,13.8,0.0,928.4,0.0,1105.0,0.0,0.0,0.0,0.1,0.0,0.0,0.0,0.0,343,861926.5599999999,0.0,0.010000000000000002,0.0,92.84,0
0.3,1000.0,0.0,0.0,0.0,194.8,28.8,699.5,1227.0,False,True,False,True,False,False,False,False,True,0,0,0,194.8,0.0,28.8,0.0,699.5,0.0,1227.0,0.0,0.0,0.0,0.3,0.0,0.0,0.0,0.0,322,489300.25,0.0,0.09,0.0,209.85,1
0.3,0.0,0.0,0.0,0.0,112.1,38.2,785.3,1227.0,False,True,False,True,False,False,False,False,True,0,0,0,112.1,0.0,38.2,0.0,785.3,0.0,1227.0,0.0,0.0,0.0,0.3,0.0,0.0,0.0,0.0,325,616696.09,0.0,0.09,0.0,235.58999999999997,1
0.0,0.0,0.0,0.0,0.0,33.4,363.2,896.2,1105.0,True,False,True,False,False,False,False,False,True,3,0,0,0.0,33.4,0.0,363.2,0.0,896.2,0.0,1105.0,0.0,0.0,0.0,0.0,0.0,0.0,0.0,355,803174.4400000001,0.0,0.0,0.0,0.0,0
8.3,3012.0,0.0,192.8,21.208,91.6,72.0,990.6,1062.2,False,True,True,False,False,False,False,False,True,0,1,1,91.6,0.0,72.0,0.0,990.6,0.0,1062.2,0.0,21.208,0.0,8.3,0.0,21207.999999999996,0.007041166320993916,192.8,352,981288.3600000001,449.77926399999996,68.89000000000001,21008.6448,8221.980000000001,0
12.0,4166.7,41.7,100.0,30.182,109.8,52.5,770.5,875.4,True,False,False,False,False,False,True,True,False,1,0,0,0.0,109.8,0.0,52.5,0.0,770.5,0.0,875.4,0.0,30.182,0.0,12.0,0.7237716121915542,0.007243620312568624,100.0,360,593670.25,910.9531239999999,144.0,23255.231,9246.0,1
21.1,2131.7,47.4,71.1,29.625,110.6,67.6,725.5,875.4,True,False,False,False,False,False,True,True,False,2,0,0,0.0,110.6,0.0,67.6,0.0,725.5,0.0,875.4,0.0,29.625,0.0,21.1,0.624986814624164,0.013897352396044286,71.1,363,526350.25,877.640625,445.21000000000004,21492.9375,15308.050000000001,1
30.0,3500.0,0.0,33.3,3.663,44.7,6.0,1307.7,1331.2,False,True,False,False,False,False,True,False,True,0,0,0,44.7,0.0,6.0,0.0,1307.7,0.0,1331.2,0.0,3.663,0.0,30.0,0.0,3662.9999999999995,0.0010465711295511058,33.3,354,1710079.29,13.417568999999999,900.0,4790.1051,39231.0,0
0.1,700.0,0.0,0.0,0.0,13.1,3.1,933.3,1142.3,True,False,False,False,False,False,True,False,True,4,0,0,0.0,13.1,0.0,3.1,0.0,933.3,0.0,1142.3,0.0,0.0,0.0,0.1,0.0,0.0,0.0,353,871048.8899999999,0.0,0.010000000000000002,0.0,93.33,0
0.1,0.0,0.0,0.0,0.0,86.0,67.3,956.4,1089.9,True,False,False,True,False,False,False,False,True,1,0,0,0.0,86.0,0.0,67.3,0.0,956.4,0.0,1089.9,0.0,0.0,0.0,0.1,0.0,0.0,0.0,343,914700.96,0.0,0.010000000000000002,0.0,95.64,0
0.3,3000.0,0.0,0.0,0.0,56.7,177.8,836.3,939.0,True,False,False,False,False,False,True,True,False,4,0,0,0.0,56.7,0.0,177.8,0.0,836.3,0.0,939.0,0.0,0.0,0.0,0.3,0.0,0.0,0.0,347,699397.69,0.0,0.09,0.0,250.89,0
0.5,1150.0,0.0,0.0,0.0,33.8,61.0,706.5,1142.3,False,True,False,False,False,False,True,False,True,0,0,0,33.8,0.0,61.0,0.0,706.5,0.0,1142.3,0.0,0.0,0.0,0.5,0.0,0.0,0.0,0.0,326,499142.25,0.0,0.25,0.0,353.25,1
0.2,750.0,0.0,0.0,0.0,159.8,138.2,700.5,1227.0,False,True,False,True,False,False,False,False,True,0,0,0,159.8,0.0,138.2,0.0,700.5,0.0,1227.0,0.0,0.0,0.0,0.2,0.0,0.0,0.0,0.0,318,490700.25,0.0,0.04000000000000001,0.0,140.1,1
0.3,0.0,0.0,0.0,0.0,31.6,339.4,894.2,1105.0,True,False,True,False,False,False,False,False,True,2,0,0,0.0,31.6,0.0,339.4,0.0,894.2,0.0,1105.0,0.0,0.0,0.0,0.3,0.0,0.0,0.0,361,799593.6400000001,0.0,0.09,0.0,268.26,0
10.0,0.0,60.0,0.0,27.6,144.8,43.8,857.2,1062.2,True,False,True,False,False,False,False,False,True,1,1,1,0.0,144.8,0.0,43.8,0.0,857.2,0.0,1062.2,0.0,27.6,0.0,10.0,0.459992333461109,27600.0,0.0,365,734791.8400000001,761.7600000000001,100.0,23658.72,8572.0,0
0.1,0.0,0.0,0.0,0.0,35.0,70.3,909.4,939.0,True,False,False,False,False,False,True,True,False,2,0,0,0.0,35.0,0.0,70.3,0.0,909.4,0.0,939.0,0.0,0.0,0.0,0.1,0.0,0.0,0.0,329,827008.36,0.0,0.010000000000000002,0.0,90.94,0
45.0,2777.8,22.2,44.4,15.096,0.0,145.5,868.0,948.0,True,False,False,False,False,True,False,True,False,2,1,0,0.0,0.0,0.0,145.5,0.0,868.0,0.0,948.0,0.0,15.096,0.0,45.0,0.6799693707490654,0.0054345145674582155,44.4,343,753424.0,227.889216,2025.0,13103.328,39060.0,0
10.0,1000.0,50.0,100.0,34.0,122.3,53.3,789.0,875.4,True,False,False,False,False,False,True,False,True,1,0,0,0.0,122.3,0.0,53.3,0.0,789.0,0.0,875.4,0.0,34.0,0.0,10.0,0.6799864002719946,0.033999966000034,100.0,358,622521.0,1156.0,100.0,26826.0,7890.0,1
0.3,0.0,0.0,0.0,0.0,144.6,13.8,928.4,1105.0,False,True,True,False,False,False,False,False,True,0,0,0,144.6,0.0,13.8,0.0,928.4,0.0,1105.0,0.0,0.0,0.0,0.3,0.0,0.0,0.0,0.0,343,861926.5599999999,0.0,0.09,0.0,278.52,0
35.0,3000.0,0.0,42.9,4.719,17.8,305.6,1319.8,1331.2,False,True,False,False,False,False,True,True,False,0,0,0,17.8,0.0,305.6,0.0,1319.8,0.0,1331.2,0.0,4.719,0.0,35.0,0.0,4719.0,0.0015729994756668415,42.9,339,1741872.0399999998,22.268961000000004,1225.0,6228.1362,46193.0,0
0.1,0.0,0.0,0.0,0.0,69.4,130.0,928.8,1105.0,True,False,True,False,False,False,False,False,True,1,0,0,0.0,69.4,0.0,130.0,0.0,928.8,0.0,1105.0,0.0,0.0,0.0,0.1,0.0,0.0,0.0,347,862669.44,0.0,0.010000000000000002,0.0,92.88,0
10.0,3000.0,60.0,150.0,44.1,34.0,153.0,936.4,1108.4,False,True,False,False,True,False,False,False,True,0,1,0,34.0,0.0,153.0,0.0,936.4,0.0,1108.4,0.0,44.1,0.0,10.0,0.0,0.7349877502041633,0.014699995100001632,150.0,343,876844.96,1944.8100000000002,100.0,41295.24,9364.0,0
0.2,0.0,10.0,0.0,4.6,43.0,336.8,954.4,1331.4,False,True,True,False,False,False,False,False,True,0,0,0,43.0,0.0,336.8,0.0,954.4,0.0,1331.4,0.0,4.6,0.0,0.2,0.0,0.45995400459954006,4600.0,0.0,338,910879.36,21.159999999999997,0.04000000000000001,4390.24,190.88,0
0.2,250.0,11.0,0.0,5.06,97.7,169.3,758.9,1227.0,True,False,False,True,False,False,False,False,True,3,0,1,0.0,97.7,0.0,169.3,0.0,758.9,0.0,1227.0,0.0,5.06,0.0,0.2,0.45995818561948915,0.020239919040323837,0.0,329,575929.21,25.603599999999997,0.04000000000000001,3840.0339999999997,151.78,1
8.8,2283.1,45.7,62.8,27.93,95.1,16.3,714.2,875.4,True,False,False,False,False,False,True,False,True,1,0,0,0.0,95.1,0.0,16.3,0.0,714.2,0.0,875.4,0.0,27.93,0.0,8.8,0.6111463644121573,0.01223336155518306,62.8,2,510081.6400000001,780.0849,77.44000000000001,19947.606,6284.960000000001,1
35.5,1974.6,70.5,126.9,46.389,24.4,261.0,836.5,875.4,True,False,False,False,False,False,True,True,False,2,0,0,0.0,24.4,0.0,261.0,0.0,836.5,0.0,875.4,0.0,46.389,0.0,35.5,0.6579906667990525,0.023492847415756402,126.9,326,699732.25,2151.9393210000003,1260.25,38804.3985,29695.75,0
0.1,0.0,0.0,0.0,0.0,17.6,160.8,998.8,1105.0,True,False,True,False,False,False,False,False,True,2,0,0,0.0,17.6,0.0,160.8,0.0,998.8,0.0,1105.0,0.0,0.0,0.0,0.1,0.0,0.0,0.0,320,997601.44,0.0,0.010000000000000002,0.0,99.88,0
0.1,0.0,0.0,0.0,0.0,104.4,21.0,914.6,1331.4,True,False,True,False,False,False,False,False,True,2,0,1,0.0,104.4,0.0,21.0,0.0,914.6,0.0,1331.4,0.0,0.0,0.0,0.1,0.0,0.0,0.0,323,836493.16,0.0,0.010000000000000002,0.0,91.46000000000001,0
19.0,3947.4,0.0,0.0,0.0,146.4,44.0,868.8,1062.2,True,False,True,False,False,False,False,False,True,1,1,0,0.0,146.4,0.0,44.0,0.0,868.8,0.0,1062.2,0.0,0.0,0.0,19.0,0.0,0.0,0.0,364,754813.44,0.0,361.0,0.0,16507.2,0
0.1,0.0,0.0,0.0,0.0,18.7,345.4,804.5,939.0,False,True,False,False,False,False,True,True,False,0,0,0,18.7,0.0,345.4,0.0,804.5,0.0,939.0,0.0,0.0,0.0,0.1,0.0,0.0,0.0,0.0,356,647220.25,0.0,0.010000000000000002,0.0,80.45,0
0.2,350.0,0.0,0.0,0.0,40.6,330.6,950.6,1331.4,False,True,True,False,False,False,False,False,True,0,0,0,40.6,0.0,330.6,0.0,950.6,0.0,1331.4,0.0,0.0,0.0,0.2,0.0,0.0,0.0,0.0,337,903640.36,0.0,0.04000000000000001,0.0,190.12,0
30.0,4166.7,100.0,100.0,57.0,44.7,6.0,1307.7,1331.2,True,False,False,False,False,False,True,True,False,1,0,0,0.0,44.7,0.0,6.0,0.0,1307.7,0.0,1331.2,0.0,57.0,0.0,30.0,0.5699943000569994,0.013679887277728831,100.0,354,1710079.29,3249.0,900.0,74538.90000000001,39231.0,0
17.0,5882.4,0.0,0.0,0.0,52.0,42.5,862.0,948.0,True,False,False,False,False,True,False,True,False,1,0,0,0.0,52.0,0.0,42.5,0.0,862.0,0.0,948.0,0.0,0.0,0.0,17.0,0.0,0.0,0.0,354,743044.0,0.0,289.0,0.0,14654.0,0
0.1,0.0,0.0,0.0,0.0,43.7,130.6,678.0,1142.3,False,True,False,False,False,False,True,False,True,0,0,0,43.7,0.0,130.6,0.0,678.0,0.0,1142.3,0.0,0.0,0.0,0.1,0.0,0.0,0.0,0.0,319,459684.0,0.0,0.010000000000000002,0.0,67.8,1
25.0,0.0,0.0,0.0,0.0,162.6,45.0,870.8,1062.2,True,False,True,False,False,False,False,False,True,3,0,0,0.0,162.6,0.0,45.0,0.0,870.8,0.0,1062.2,0.0,0.0,0.0,25.0,0.0,0.0,0.0,363,758292.6399999999,0.0,625.0,0.0,21770.0,0
41.0,1707.3,0.0,0.0,0.0,18.1,150.0,1176.3,1320.5,False,True,False,True,False,False,False,True,False,0,0,0,18.1,0.0,150.0,0.0,1176.3,0.0,1320.5,0.0,0.0,0.0,41.0,0.0,0.0,0.0,0.0,338,1383681.69,0.0,1681.0,0.0,48228.299999999996,0
13.0,3000.0,38.5,61.5,24.475,66.6,173.4,1106.3,1288.7,False,True,True,False,False,False,False,False,True,0,1,0,66.6,0.0,173.4,0.0,1106.3,0.0,1288.7,0.0,24.475,0.0,13.0,0.0,0.6356977740837901,0.008158330613889795,61.5,336,1223899.69,599.0256250000001,169.0,27076.6925,14381.9,0
0.2,0.0,0.0,0.0,0.0,45.5,67.1,946.1,1089.9,True,False,False,True,False,False,False,False,True,1,0,0,0.0,45.5,0.0,67.1,0.0,946.1,0.0,1089.9,0.0,0.0,0.0,0.2,0.0,0.0,0.0,345,895105.2100000001,0.0,0.04000000000000001,0.0,189.22000000000003,0
40.0,0.0,50.0,100.0,34.0,145.1,32.2,718.12,844.8,True,False,False,True,False,False,False,False,True,2,1,1,0.0,145.1,0.0,32.2,0.0,718.12,0.0,844.8,0.0,34.0,0.0,40.0,0.6799864002719946,34000.0,100.0,362,515696.3344,1156.0,1600.0,24416.08,28724.8,1
30.0,4000.0,60.0,100.0,38.6,110.6,67.6,725.5,875.4,False,True,False,False,False,False,True,True,False,0,0,0,110.6,0.0,67.6,0.0,725.5,0.0,875.4,0.0,38.6,0.0,30.0,0.0,0.6433226112898118,0.009649997587500602,100.0,363,526350.25,1489.96,900.0,28004.3,21765.0,1
31.5,3968.3,38.1,0.0,17.526,167.6,41.8,931.0,1062.2,False,True,True,False,False,False,False,False,True,0,1,0,167.6,0.0,41.8,0.0,931.0,0.0,1062.2,0.0,17.526,0.0,31.5,0.0,0.45998792682606754,0.004416499655646081,0.0,360,866761.0,307.16067599999997,992.25,16316.706,29326.5,0
0.8,0.0,0.0,0.0,0.0,18.2,201.4,739.4,900.1,False,True,False,False,False,True,False,True,False,0,0,0,18.2,0.0,201.4,0.0,739.4,0.0,900.1,0.0,0.0,0.0,0.8,0.0,0.0,0.0,0.0,355,546712.36,0.0,0.6400000000000001,0.0,591.52,1
0.5,0.0,50.0,0.0,23.0,77.6,22.8,875.5,1227.0,False,True,False,True,False,False,False,False,True,0,0,0,77.6,0.0,22.8,0.0,875.5,0.0,1227.0,0.0,23.0,0.0,0.5,0.0,0.45999080018399635,23000.0,0.0,350,766500.25,529.0,0.25,20136.5,437.75,0
7.1,4166.7,112.4,112.4,64.068,30.8,137.6,1091.3,1288.7,True,False,True,False,False,False,False,False,True,1,0,0,0.0,30.8,0.0,137.6,0.0,1091.3,0.0,1288.7,0.0,64.068,0.0,7.1,0.5699949288707395,0.015376193300167207,112.4,338,1190935.69,4104.708624,50.41,69917.4084,7748.23,0
4.0,0.0,37.5,0.0,17.25,44.0,182.2,1020.8,1062.2,True,False,True,False,False,False,False,False,True,3,0,0,0.0,44.0,0.0,182.2,0.0,1020.8,0.0,1062.2,0.0,17.25,0.0,4.0,0.45998773366043577,17250.0,0.0,348,1042032.6399999999,297.5625,16.0,17608.8,4083.2,0
0.1,0.0,0.0,0.0,0.0,81.6,19.5,1015.9,1089.9,False,True,False,True,False,False,False,False,True,0,0,0,81.6,0.0,19.5,0.0,1015.9,0.0,1089.9,0.0,0.0,0.0,0.1,0.0,0.0,0.0,0.0,334,1032052.8099999999,0.0,0.010000000000000002,0.0,101.59,0
0.2,0.0,0.0,0.0,0.0,131.0,2.4,962.2,1105.0,False,True,True,False,False,False,False,False,True,0,0,0,131.0,0.0,2.4,0.0,962.2,0.0,1105.0,0.0,0.0,0.0,0.2,0.0,0.0,0.0,0.0,339,925828.8400000001,0.0,0.04000000000000001,0.0,192.44000000000003,0
0.1,0.0,0.0,0.0,0.0,81.6,19.5,1015.9,1089.9,False,True,False,True,False,False,False,False,True,0,0,0,81.6,0.0,19.5,0.0,1015.9,0.0,1089.9,0.0,0.0,0.0,0.1,0.0,0.0,0.0,0.0,334,1032052.8099999999,0.0,0.010000000000000002,0.0,101.59,0
0.2,0.0,0.0,0.0,0.0,104.2,12.8,1056.8,1105.0,True,False,True,False,False,False,False,False,True,4,1,1,0.0,104.2,0.0,12.8,0.0,1056.8,0.0,1105.0,0.0,0.0,0.0,0.2,0.0,0.0,0.0,331,1116826.24,0.0,0.04000000000000001,0.0,211.36,0
0.0,150.0,0.0,0.0,0.0,92.1,108.5,933.3,1142.3,True,False,False,False,False,False,True,True,False,1,0,0,0.0,92.1,0.0,108.5,0.0,933.3,0.0,1142.3,0.0,0.0,0.0,0.0,0.0,0.0,0.0,357,871048.8899999999,0.0,0.0,0.0,0.0,0
0.5,0.0,0.0,0.0,0.0,141.1,344.2,927.9,1089.9,False,True,False,True,False,False,False,False,True,0,0,0,141.1,0.0,344.2,0.0,927.9,0.0,1089.9,0.0,0.0,0.0,0.5,0.0,0.0,0.0,0.0,364,860998.4099999999,0.0,0.25,0.0,463.95,0
30.2,3311.3,0.0,66.2,7.282,145.1,32.2,718.1,844.8,False,True,False,True,False,False,False,False,True,0,0,0,145.1,0.0,32.2,0.0,718.1,0.0,844.8,0.0,7.282,0.0,30.2,0.0,7282.0,0.0021991356267521433,66.2,362,515667.61000000004,53.027524,912.04,5229.2042,21686.62,1
0.2,0.0,0.0,0.0,0.0,70.1,168.4,757.9,1227.0,False,True,False,True,False,False,False,False,True,0,0,0,70.1,0.0,168.4,0.0,757.9,0.0,1227.0,0.0,0.0,0.0,0.2,0.0,0.0,0.0,0.0,334,574412.4099999999,0.0,0.04000000000000001,0.0,151.58,1
38.0,1666.7,26.3,131.6,26.574,17.8,113.8,1307.7,1331.2,False,True,False,False,False,False,True,True,False,0,0,0,17.8,0.0,113.8,0.0,1307.7,0.0,1331.2,0.0,26.574,0.0,38.0,0.0,1.010379833466408,0.015944071552126026,131.6,348,1710079.29,706.1774760000001,1444.0,34750.819800000005,49692.6,0
0.4,0.0,0.0,0.0,0.0,90.0,34.4,928.6,1105.0,False,True,True,False,False,False,False,False,True,0,0,0,90.0,0.0,34.4,0.0,928.6,0.0,1105.0,0.0,0.0,0.0,0.4,0.0,0.0,0.0,0.0,345,862297.9600000001,0.0,0.16000000000000003,0.0,371.44000000000005,0
1.3,0.0,0.0,0.0,0.0,29.6,120.8,841.5,1089.9,False,True,False,True,False,False,False,False,True,0,0,0,29.6,0.0,120.8,0.0,841.5,0.0,1089.9,0.0,0.0,0.0,1.3,0.0,0.0,0.0,0.0,314,708122.25,0.0,1.6900000000000002,0.0,1093.95,0
0.5,1000.0,0.0,30.0,3.3,43.0,22.8,982.4,1331.4,True,False,True,False,False,False,False,False,True,1,0,0,0.0,43.0,0.0,22.8,0.0,982.4,0.0,1331.4,0.0,3.3,0.0,0.5,3299.9999999999995,0.0032999967000033,30.0,358,965109.76,10.889999999999999,0.25,3241.9199999999996,491.2,0
0.1,0.0,0.0,0.0,0.0,45.5,67.1,946.1,1089.9,True,False,False,True,False,False,False,False,True,1,0,0,0.0,45.5,0.0,67.1,0.0,946.1,0.0,1089.9,0.0,0.0,0.0,0.1,0.0,0.0,0.0,345,895105.2100000001,0.0,0.010000000000000002,0.0,94.61000000000001,0
16.0,2500.0,0.0,0.0,0.0,109.8,52.5,770.5,875.4,False,True,False,False,False,False,True,True,False,0,0,0,109.8,0.0,52.5,0.0,770.5,0.0,875.4,0.0,0.0,0.0,16.0,0.0,0.0,0.0,0.0,360,593670.25,0.0,256.0,0.0,12328.0,1
0.0,0.0,0.0,0.0,0.0,136.6,2.4,956.2,1105.0,True,False,True,False,False,False,False,False,True,2,0,0,0.0,136.6,0.0,2.4,0.0,956.2,0.0,1105.0,0.0,0.0,0.0,0.0,0.0,0.0,0.0,341,914318.4400000001,0.0,0.0,0.0,0.0,0
4.0,7500.0,75.0,30.0,37.8,109.8,52.5,755.0,875.4,False,True,False,False,False,False,True,True,False,0,0,0,109.8,0.0,52.5,0.0,755.0,0.0,875.4,0.0,37.8,0.0,4.0,0.0,0.5039932800895988,0.005039999328000089,30.0,362,570025.0,1428.8399999999997,16.0,28538.999999999996,3020.0,1
0.1,0.0,0.0,4.0,0.44,44.4,1.4,1014.8,1331.4,True,False,True,False,False,False,False,False,True,3,0,0,0.0,44.4,0.0,1.4,0.0,1014.8,0.0,1331.4,0.0,0.44,0.0,0.1,440.0,440.0,4.0,355,1029819.0399999999,0.1936,0.010000000000000002,446.512,101.48,0
0.1,0.0,0.0,0.0,0.0,36.4,309.6,894.4,1105.0,True,False,True,False,False,False,False,False,True,1,1,1,0.0,36.4,0.0,309.6,0.0,894.4,0.0,1105.0,0.0,0.0,0.0,0.1,0.0,0.0,0.0,362,799951.36,0.0,0.010000000000000002,0.0,89.44,0
0.1,0.0,0.0,0.0,0.0,45.5,78.7,946.0,1089.9,True,False,False,True,False,False,False,False,True,1,1,1,0.0,45.5,0.0,78.7,0.0,946.0,0.0,1089.9,0.0,0.0,0.0,0.1,0.0,0.0,0.0,346,894916.0,0.0,0.010000000000000002,0.0,94.60000000000001,0
12.0,2083.3,0.0,125.0,13.75,14.7,245.5,1213.5,1320.5,False,True,False,True,False,False,False,False,True,0,0,0,14.7,0.0,245.5,0.0,1213.5,0.0,1320.5,0.0,13.75,0.0,12.0,0.0,13750.0,0.006600102433589768,125.0,342,1472582.25,189.0625,144.0,16685.625,14562.0,0
0.7,0.0,0.0,0.0,0.0,101.7,12.5,863.6,900.1,True,False,False,False,False,True,False,True,False,1,0,0,0.0,101.7,0.0,12.5,0.0,863.6,0.0,900.1,0.0,0.0,0.0,0.7,0.0,0.0,0.0,331,745804.9600000001,0.0,0.48999999999999994,0.0,604.52,0
0.8,0.0,0.0,0.0,0.0,138.2,116.4,868.0,1105.0,True,False,True,False,False,False,False,False,True,1,1,1,0.0,138.2,0.0,116.4,0.0,868.0,0.0,1105.0,0.0,0.0,0.0,0.8,0.0,0.0,0.0,4,753424.0,0.0,0.6400000000000001,0.0,694.4000000000001,0
0.4,0.0,0.0,0.0,0.0,63.9,342.6,927.9,1089.9,False,True,False,True,False,False,False,False,True,0,0,0,63.9,0.0,342.6,0.0,927.9,0.0,1089.9,0.0,0.0,0.0,0.4,0.0,0.0,0.0,0.0,363,860998.4099999999,0.0,0.16000000000000003,0.0,371.16,0
0.2,0.0,0.0,0.0,0.0,35.8,225.4,957.0,1331.4,False,True,True,False,False,False,False,False,True,0,0,0,35.8,0.0,225.4,0.0,957.0,0.0,1331.4,0.0,0.0,0.0,0.2,0.0,0.0,0.0,0.0,341,915849.0,0.0,0.04000000000000001,0.0,191.4,0
0.1,0.0,0.0,0.0,0.0,78.0,15.4,1023.4,1331.4,False,True,True,False,False,False,False,False,True,0,0,0,78.0,0.0,15.4,0.0,1023.4,0.0,1331.4,0.0,0.0,0.0,0.1,0.0,0.0,0.0,0.0,350,1047347.5599999999,0.0,0.010000000000000002,0.0,102.34,0
32.0,3500.0,50.0,0.0,23.0,45.6,15.1,713.4,875.4,False,True,False,False,False,False,True,True,False,0,0,0,45.6,0.0,15.1,0.0,713.4,0.0,875.4,0.0,23.0,0.0,32.0,0.0,0.45999080018399635,0.006571426693878087,0.0,6,508939.55999999994,529.0,1024.0,16408.2,22828.8,1
0.3,0.0,0.0,0.0,0.0,20.4,164.9,929.1,1089.9,False,True,False,True,False,False,False,False,True,0,0,0,20.4,0.0,164.9,0.0,929.1,0.0,1089.9,0.0,0.0,0.0,0.3,0.0,0.0,0.0,0.0,353,863226.81,0.0,0.09,0.0,278.73,0
0.1,0.0,0.0,0.0,0.0,55.6,15.4,1024.6,1331.4,True,False,True,False,False,False,False,False,True,2,0,1,0.0,55.6,0.0,15.4,0.0,1024.6,0.0,1331.4,0.0,0.0,0.0,0.1,0.0,0.0,0.0,348,1049805.16,0.0,0.010000000000000002,0.0,102.46,0
0.3,0.0,0.0,0.0,0.0,45.5,67.1,946.1,1089.9,False,True,False,True,False,False,False,False,True,0,0,0,45.5,0.0,67.1,0.0,946.1,0.0,1089.9,0.0,0.0,0.0,0.3,0.0,0.0,0.0,0.0,345,895105.2100000001,0.0,0.09,0.0,283.83,0
15.0,3333.3,33.3,0.0,15.318,171.7,30.6,718.2,806.1,False,True,False,False,True,False,False,False,True,0,1,0,171.7,0.0,30.6,0.0,718.2,0.0,806.1,0.0,15.318,0.0,15.0,0.0,0.45998618660100304,0.0045954445758123845,0.0,361,515811.24000000005,234.641124,225.0,11001.3876,10773.0,1
0.1,250.0,0.0,0.0,0.0,30.6,106.8,728.2,1142.3,True,False,False,False,False,False,True,True,False,1,0,0,0.0,30.6,0.0,106.8,0.0,728.2,0.0,1142.3,0.0,0.0,0.0,0.1,0.0,0.0,0.0,333,530275.2400000001,0.0,0.010000000000000002,0.0,72.82000000000001,1
32.0,2500.0,50.0,100.0,34.0,118.0,54.3,789.0,875.4,False,True,False,False,False,False,True,True,False,0,0,0,118.0,0.0,54.3,0.0,789.0,0.0,875.4,0.0,34.0,0.0,32.0,0.0,0.6799864002719946,0.013599994560002176,100.0,357,622521.0,1156.0,1024.0,26826.0,25248.0,1
0.1,125.0,0.0,0.0,0.0,79.2,218.6,932.6,1331.4,False,True,True,False,False,False,False,False,True,0,0,0,79.2,0.0,218.6,0.0,932.6,0.0,1331.4,0.0,0.0,0.0,0.1,0.0,0.0,0.0,0.0,327,869742.76,0.0,0.010000000000000002,0.0,93.26,0
16.0,1666.7,100.0,0.0,46.0,99.0,190.2,1105.7,1288.7,False,True,True,False,False,False,False,False,True,0,0,0,99.0,0.0,190.2,0.0,1105.7,0.0,1288.7,0.0,46.0,0.0,16.0,0.0,0.45999540004599954,0.027599431451712095,0.0,333,1222572.49,2116.0,256.0,50862.200000000004,17691.2,0
0.2,450.0,0.0,0.0,0.0,6.0,41.3,908.6,1142.3,True,False,False,False,False,False,True,True,False,3,0,0,0.0,6.0,0.0,41.3,0.0,908.6,0.0,1142.3,0.0,0.0,0.0,0.2,0.0,0.0,0.0,345,825553.9600000001,0.0,0.04000000000000001,0.0,181.72000000000003,0
0.3,0.0,0.0,0.0,0.0,83.5,3.0,722.8,801.7,True,False,False,False,True,False,False,False,True,3,0,0,0.0,83.5,0.0,3.0,0.0,722.8,0.0,801.7,0.0,0.0,0.0,0.3,0.0,0.0,0.0,343,522439.8399999999,0.0,0.09,0.0,216.83999999999997,1
0.1,0.0,0.0,0.0,0.0,36.6,21.4,1006.0,1331.4,True,False,True,False,False,False,False,False,True,1,0,1,0.0,36.6,0.0,21.4,0.0,1006.0,0.0,1331.4,0.0,0.0,0.0,0.1,0.0,0.0,0.0,345,1012036.0,0.0,0.010000000000000002,0.0,100.60000000000001,0
4.3,5760.4,0.0,0.0,0.0,151.8,71.0,990.6,1062.2,True,False,True,False,False,False,False,False,True,2,0,1,0.0,151.8,0.0,71.0,0.0,990.6,0.0,1062.2,0.0,0.0,0.0,4.3,0.0,0.0,0.0,355,981288.3600000001,0.0,18.49,0.0,4259.58,0
0.2,0.0,0.0,0.0,0.0,20.4,202.7,929.1,1089.9,False,True,False,True,False,False,False,False,True,0,0,0,20.4,0.0,202.7,0.0,929.1,0.0,1089.9,0.0,0.0,0.0,0.2,0.0,0.0,0.0,0.0,354,863226.81,0.0,0.04000000000000001,0.0,185.82000000000002,0
0.2,1000.0,0.0,0.0,0.0,92.1,109.9,841.2,1142.3,False,True,False,False,False,False,True,True,False,0,0,0,92.1,0.0,109.9,0.0,841.2,0.0,1142.3,0.0,0.0,0.0,0.2,0.0,0.0,0.0,0.0,362,707617.4400000001,0.0,0.04000000000000001,0.0,168.24,0
13.5,3703.7,74.1,0.0,34.086,145.9,0.0,616.5,806.1,True,False,False,False,True,False,False,False,True,2,1,1,0.0,145.9,0.0,0.0,0.0,616.5,0.0,806.1,0.0,34.086,0.0,13.5,0.45999379225651477,0.009203226718355504,0.0,5,380072.25,1161.855396,182.25,21014.019,8322.75,1
0.4,0.0,0.0,0.0,0.0,74.8,63.5,973.3,1089.9,False,True,False,True,False,False,False,False,True,0,0,0,74.8,0.0,63.5,0.0,973.3,0.0,1089.9,0.0,0.0,0.0,0.4,0.0,0.0,0.0,0.0,340,947312.8899999999,0.0,0.16000000000000003,0.0,389.32,0
6.0,0.0,41.7,50.0,24.682,167.6,41.8,931.0,1062.2,True,False,True,False,False,False,False,False,True,1,0,0,0.0,167.6,0.0,41.8,0.0,931.0,0.0,1062.2,0.0,24.682,0.0,6.0,0.5918802906405122,24681.999999999996,50.0,360,866761.0,609.2011239999999,36.0,22978.942,5586.0,0
0.1,200.0,0.0,0.0,0.0,13.5,32.1,924.1,1142.3,True,False,False,False,False,False,True,True,False,1,0,0,0.0,13.5,0.0,32.1,0.0,924.1,0.0,1142.3,0.0,0.0,0.0,0.1,0.0,0.0,0.0,351,853960.81,0.0,0.010000000000000002,0.0,92.41000000000001,0
0.1,0.0,0.0,0.0,0.0,124.6,34.4,927.4,1105.0,True,False,True,False,False,False,False,False,True,3,0,0,0.0,124.6,0.0,34.4,0.0,927.4,0.0,1105.0,0.0,0.0,0.0,0.1,0.0,0.0,0.0,344,860070.76,0.0,0.010000000000000002,0.0,92.74000000000001,0
1.5,4166.7,33.3,0.0,15.318,99.0,190.2,1105.7,1288.7,True,False,True,False,False,False,False,False,True,1,0,0,0.0,99.0,0.0,190.2,0.0,1105.7,0.0,1288.7,0.0,15.318,0.0,1.5,0.45998618660100304,0.003676289707372811,0.0,333,1222572.49,234.641124,2.25,16937.1126,1658.5500000000002,0
0.1,0.0,0.0,0.0,0.0,77.6,67.4,960.4,1089.9,True,False,False,True,False,False,False,False,True,4,1,1,0.0,77.6,0.0,67.4,0.0,960.4,0.0,1089.9,0.0,0.0,0.0,0.1,0.0,0.0,0.0,341,922368.1599999999,0.0,0.010000000000000002,0.0,96.04,0
5.0,1000.0,60.0,0.0,27.6,168.0,30.6,772.7,806.1,True,False,False,False,True,False,False,False,True,4,1,1,0.0,168.0,0.0,30.6,0.0,772.7,0.0,806.1,0.0,27.6,0.0,5.0,0.459992333461109,0.0275999724000276,0.0,356,597065.29,761.7600000000001,25.0,21326.520000000004,3863.5,1
10.0,3000.0,0.0,200.0,22.0,44.9,178.0,1211.7,1320.5,False,True,False,True,False,False,False,True,False,0,0,0,44.9,0.0,178.0,0.0,1211.7,0.0,1320.5,0.0,22.0,0.0,10.0,0.0,22000.0,0.007333330888889703,200.0,352,1468216.8900000001,484.0,100.0,26657.4,12117.0,0
8.8,2840.9,79.5,135.0,51.42,122.3,53.3,789.0,875.4,False,True,False,False,False,False,True,False,True,0,0,0,122.3,0.0,53.3,0.0,789.0,0.0,875.4,0.0,51.42,0.0,8.8,0.0,0.6467843171784002,0.018099891548491127,135.0,358,622521.0,2644.0164,77.44000000000001,40570.380000000005,6943.200000000001,1
17.0,0.0,35.3,0.0,16.238,129.0,8.6,704.4,1062.2,False,True,True,False,False,False,False,False,True,0,0,0,129.0,0.0,8.6,0.0,704.4,0.0,1062.2,0.0,16.238,0.0,17.0,0.0,0.45998696920767124,16238.0,0.0,10,496179.36,263.672644,289.0,11438.047199999999,11974.8,1
5.3,0.0,57.1,0.0,26.266,169.0,40.6,926.6,1062.2,True,False,True,False,False,False,False,False,True,1,1,0,0.0,169.0,0.0,40.6,0.0,926.6,0.0,1062.2,0.0,26.266,0.0,5.3,0.45999194409905253,26265.999999999996,0.0,362,858587.56,689.902756,28.09,24338.0756,4910.98,0
0.5,2500.0,0.0,0.0,0.0,109.6,195.4,762.3,1227.0,False,True,False,True,False,False,False,False,True,0,0,0,109.6,0.0,195.4,0.0,762.3,0.0,1227.0,0.0,0.0,0.0,0.5,0.0,0.0,0.0,0.0,313,581101.2899999999,0.0,0.25,0.0,381.15,1
0.5,0.0,0.0,0.0,0.0,36.8,227.4,895.6,1105.0,True,False,True,False,False,False,False,False,True,1,0,0,0.0,36.8,0.0,227.4,0.0,895.6,0.0,1105.0,0.0,0.0,0.0,0.5,0.0,0.0,0.0,352,802099.36,0.0,0.25,0.0,447.8,0
0.3,1400.0,0.0,15.0,1.65,10.0,325.8,944.4,1331.4,True,False,True,False,False,False,False,False,True,2,0,1,0.0,10.0,0.0,325.8,0.0,944.4,0.0,1331.4,0.0,1.65,0.0,0.3,1649.9999999999998,0.0011785705867352952,15.0,336,891891.36,2.7224999999999997,0.09,1558.26,283.32,0
75.0,0.0,0.0,0.0,0.0,76.0,311.4,1228.8,1320.5,False,True,False,True,False,False,False,False,True,0,0,0,76.0,0.0,311.4,0.0,1228.8,0.0,1320.5,0.0,0.0,0.0,75.0,0.0,0.0,0.0,0.0,324,1509949.44,0.0,5625.0,0.0,92160.0,0
0.1,0.0,0.0,0.0,0.0,95.2,283.6,960.2,1331.4,True,False,True,False,False,False,False,False,True,3,0,1,0.0,95.2,0.0,283.6,0.0,960.2,0.0,1331.4,0.0,0.0,0.0,0.1,0.0,0.0,0.0,313,921984.04,0.0,0.010000000000000002,0.0,96.02000000000001,0
13.0,3846.2,0.0,0.0,0.0,18.1,150.0,1176.3,1320.5,False,True,False,True,False,False,False,False,True,0,0,0,18.1,0.0,150.0,0.0,1176.3,0.0,1320.5,0.0,0.0,0.0,13.0,0.0,0.0,0.0,0.0,338,1383681.69,0.0,169.0,0.0,15291.9,0
0.1,260.0,0.0,0.0,0.0,135.0,162.6,906.4,1331.4,False,True,True,False,False,False,False,False,True,0,0,0,135.0,0.0,162.6,0.0,906.4,0.0,1331.4,0.0,0.0,0.0,0.1,0.0,0.0,0.0,0.0,317,821560.96,0.0,0.010000000000000002,0.0,90.64,0
0.2,0.0,0.0,0.0,0.0,37.2,346.2,803.5,939.0,True,False,False,False,False,False,True,False,True,2,0,0,0.0,37.2,0.0,346.2,0.0,803.5,0.0,939.0,0.0,0.0,0.0,0.2,0.0,0.0,0.0,358,645612.25,0.0,0.04000000000000001,0.0,160.70000000000002,1
6.5,0.0,0.0,0.0,0.0,124.4,189.0,1106.9,1288.7,True,False,True,False,False,False,False,True,False,2,0,0,0.0,124.4,0.0,189.0,0.0,1106.9,0.0,1288.7,0.0,0.0,0.0,6.5,0.0,0.0,0.0,332,1225227.61,0.0,42.25,0.0,7194.85,0
0.2,0.0,0.0,0.0,0.0,49.8,72.6,981.4,1331.4,False,True,True,False,False,False,False,False,True,0,0,0,49.8,0.0,72.6,0.0,981.4,0.0,1331.4,0.0,0.0,0.0,0.2,0.0,0.0,0.0,0.0,364,963145.96,0.0,0.04000000000000001,0.0,196.28,0
10.0,0.0,0.0,100.0,11.0,62.2,15.4,1299.9,1331.2,False,True,False,False,False,False,True,False,True,0,0,0,62.2,0.0,15.4,0.0,1299.9,0.0,1331.2,0.0,11.0,0.0,10.0,0.0,11000.0,11000.0,100.0,359,1689740.0100000002,121.0,100.0,14298.900000000001,12999.0,0
0.1,0.0,0.0,0.0,0.0,43.9,311.2,685.3,801.7,True,False,False,False,True,False,False,False,True,1,0,0,0.0,43.9,0.0,311.2,0.0,685.3,0.0,801.7,0.0,0.0,0.0,0.1,0.0,0.0,0.0,361,469636.0899999999,0.0,0.010000000000000002,0.0,68.53,1
0.1,150.0,0.0,0.0,0.0,137.7,190.3,754.0,1227.0,False,True,False,True,False,False,False,False,True,0,1,0,137.7,0.0,190.3,0.0,754.0,0.0,1227.0,0.0,0.0,0.0,0.1,0.0,0.0,0.0,0.0,315,568516.0,0.0,0.010000000000000002,0.0,75.4,1
0.1,150.0,0.0,7.5,0.825,24.3,216.4,589.9,1142.3,True,False,False,False,False,False,True,True,False,1,0,1,0.0,24.3,0.0,216.4,0.0,589.9,0.0,1142.3,0.0,0.825,0.0,0.1,824.9999999999999,0.005499963333577776,7.5,315,347982.00999999995,0.6806249999999999,0.010000000000000002,486.66749999999996,58.99,1
22.1,3185.5,0.0,44.8,4.928,110.6,67.6,725.5,875.4,True,False,False,False,False,False,True,False,True,1,0,0,0.0,110.6,0.0,67.6,0.0,725.5,0.0,875.4,0.0,4.928,0.0,22.1,4928.0,0.001547009402916527,44.8,363,526350.25,24.285184,488.4100000000001,3575.264,16033.550000000001,1
0.3,0.0,0.0,0.0,0.0,83.2,67.3,946.1,1089.9,False,True,False,True,False,False,False,False,True,0,0,0,83.2,0.0,67.3,0.0,946.1,0.0,1089.9,0.0,0.0,0.0,0.3,0.0,0.0,0.0,0.0,344,895105.2100000001,0.0,0.09,0.0,283.83,0
32.0,0.0,15.6,31.3,10.619,69.1,294.1,1244.0,1331.2,False,True,False,False,False,False,True,False,True,0,0,0,69.1,0.0,294.1,0.0,1244.0,0.0,1331.2,0.0,10.619,0.0,32.0,0.0,0.680661496057945,10619.0,31.3,3,1547536.0,112.763161,1024.0,13210.036,39808.0,0
10.0,4166.7,40.0,0.0,18.4,99.0,190.2,1105.7,1288.7,False,True,True,False,False,False,False,False,True,0,1,0,99.0,0.0,190.2,0.0,1105.7,0.0,1288.7,0.0,18.4,0.0,10.0,0.0,0.45998850028749283,0.004415963612459833,0.0,333,1222572.49,338.55999999999995,100.0,20344.88,11057.0,0
0.2,700.0,20.0,0.0,9.2,36.6,15.4,1009.4,1331.4,False,True,True,False,False,False,False,False,True,0,0,0,36.6,0.0,15.4,0.0,1009.4,0.0,1331.4,0.0,9.2,0.0,0.2,0.0,0.45997700114994244,0.01314283836737376,0.0,346,1018888.36,84.63999999999999,0.04000000000000001,9286.48,201.88,0
0.2,0.0,0.0,0.0,0.0,14.4,197.2,955.0,1105.0,True,False,True,False,False,False,False,False,True,1,0,0,0.0,14.4,0.0,197.2,0.0,955.0,0.0,1105.0,0.0,0.0,0.0,0.2,0.0,0.0,0.0,314,912025.0,0.0,0.04000000000000001,0.0,191.0,0
0.1,0.0,0.0,0.0,0.0,36.4,309.6,894.4,1105.0,False,True,True,False,False,False,False,False,True,0,0,0,36.4,0.0,309.6,0.0,894.4,0.0,1105.0,0.0,0.0,0.0,0.1,0.0,0.0,0.0,0.0,362,799951.36,0.0,0.010000000000000002,0.0,89.44,0
0.0,0.0,0.0,0.0,0.0,79.2,133.0,932.6,1331.4,True,False,True,False,False,False,False,False,True,2,0,1,0.0,79.2,0.0,133.0,0.0,932.6,0.0,1331.4,0.0,0.0,0.0,0.0,0.0,0.0,0.0,326,869742.76,0.0,0.0,0.0,0.0,0
0.1,280.0,0.0,0.0,0.0,92.1,109.9,841.2,1142.3,True,False,False,False,False,False,True,False,True,4,0,0,0.0,92.1,0.0,109.9,0.0,841.2,0.0,1142.3,0.0,0.0,0.0,0.1,0.0,0.0,0.0,362,707617.4400000001,0.0,0.010000000000000002,0.0,84.12,0
0.5,0.0,0.0,0.0,0.0,20.5,133.9,929.1,1089.9,False,True,False,True,False,False,False,False,True,0,0,0,20.5,0.0,133.9,0.0,929.1,0.0,1089.9,0.0,0.0,0.0,0.5,0.0,0.0,0.0,0.0,352,863226.81,0.0,0.25,0.0,464.55,0
0.1,0.0,0.0,0.0,0.0,30.8,90.0,933.9,1089.9,True,False,False,True,False,False,False,False,True,2,0,0,0.0,30.8,0.0,90.0,0.0,933.9,0.0,1089.9,0.0,0.0,0.0,0.1,0.0,0.0,0.0,350,872169.21,0.0,0.010000000000000002,0.0,93.39,0
0.1,0.0,0.0,0.0,0.0,21.8,241.5,589.9,1142.3,True,False,False,False,False,False,True,True,False,3,0,0,0.0,21.8,0.0,241.5,0.0,589.9,0.0,1142.3,0.0,0.0,0.0,0.1,0.0,0.0,0.0,311,347982.00999999995,0.0,0.010000000000000002,0.0,58.99,1
0.1,0.0,0.0,0.0,0.0,32.3,112.5,946.0,1089.9,False,True,False,True,False,False,False,False,True,0,0,0,32.3,0.0,112.5,0.0,946.0,0.0,1089.9,0.0,0.0,0.0,0.1,0.0,0.0,0.0,0.0,348,894916.0,0.0,0.010000000000000002,0.0,94.60000000000001,0
0.2,450.0,7.5,0.0,3.45,100.4,138.4,841.2,1142.3,False,True,False,False,False,False,True,True,False,0,0,0,100.4,0.0,138.4,0.0,841.2,0.0,1142.3,0.0,3.45,0.0,0.2,0.0,0.4599386748433542,0.00766664962966749,0.0,363,707617.4400000001,11.902500000000002,0.04000000000000001,2902.1400000000003,168.24,0
4.0,0.0,100.0,0.0,46.0,14.8,244.4,1013.2,1062.2,False,True,True,False,False,False,False,False,True,0,1,1,14.8,0.0,244.4,0.0,1013.2,0.0,1062.2,0.0,46.0,0.0,4.0,0.0,0.45999540004599954,46000.0,0.0,328,1026574.2400000001,2116.0,16.0,46607.200000000004,4052.8,0
20.0,3571.4,120.0,200.0,77.2,43.5,62.8,925.4,1108.4,False,True,False,False,True,False,False,False,True,0,1,0,43.5,0.0,62.8,0.0,925.4,0.0,1108.4,0.0,77.2,0.0,20.0,0.0,0.6433279722668978,0.02161616687680829,200.0,354,856365.1599999999,5959.84,400.0,71440.88,18508.0,0
0.3,750.0,0.0,0.0,0.0,31.7,107.9,778.4,1142.3,False,True,False,False,False,False,True,True,False,0,0,0,31.7,0.0,107.9,0.0,778.4,0.0,1142.3,0.0,0.0,0.0,0.3,0.0,0.0,0.0,0.0,340,605906.5599999999,0.0,0.09,0.0,233.51999999999998,1
0.2,0.0,0.0,0.0,0.0,37.0,122.6,1025.2,1331.4,True,False,True,False,False,False,False,False,True,1,0,1,0.0,37.0,0.0,122.6,0.0,1025.2,0.0,1331.4,0.0,0.0,0.0,0.2,0.0,0.0,0.0,343,1051035.04,0.0,0.04000000000000001,0.0,205.04000000000002,0
15.0,0.0,100.0,0.0,46.0,70.0,55.2,788.2,806.1,False,True,False,False,True,False,False,False,True,0,1,0,70.0,0.0,55.2,0.0,788.2,0.0,806.1,0.0,46.0,0.0,15.0,0.0,0.45999540004599954,46000.0,0.0,354,621259.2400000001,2116.0,225.0,36257.200000000004,11823.0,1
0.2,0.0,0.0,0.0,0.0,69.4,97.8,928.6,1105.0,True,False,True,False,False,False,False,False,True,1,0,0,0.0,69.4,0.0,97.8,0.0,928.6,0.0,1105.0,0.0,0.0,0.0,0.2,0.0,0.0,0.0,346,862297.9600000001,0.0,0.04000000000000001,0.0,185.72000000000003,0
20.0,2750.0,75.0,150.0,51.0,50.1,15.1,714.2,875.4,False,True,False,False,False,False,True,True,False,0,0,0,50.1,0.0,15.1,0.0,714.2,0.0,875.4,0.0,51.0,0.0,20.0,0.0,0.6799909334542206,0.018545447801655342,150.0,5,510081.6400000001,2601.0,400.0,36424.200000000004,14284.0,1
15.0,3333.3,26.7,0.0,12.282,140.0,32.2,722.12,844.8,True,False,False,True,False,False,False,False,True,1,0,0,0.0,140.0,0.0,32.2,0.0,722.12,0.0,844.8,0.0,12.282,0.0,15.0,0.4599827721808172,0.003684635740966687,0.0,360,521457.2944,150.847524,225.0,8869.07784,10831.8,1
0.1,0.0,0.0,0.0,0.0,43.0,12.8,1002.4,1331.4,False,True,True,False,False,False,False,False,True,0,0,0,43.0,0.0,12.8,0.0,1002.4,0.0,1331.4,0.0,0.0,0.0,0.1,0.0,0.0,0.0,0.0,357,1004805.76,0.0,0.010000000000000002,0.0,100.24000000000001,0
0.5,0.0,0.0,0.0,0.0,123.8,76.3,785.9,1227.0,False,True,False,True,False,False,False,False,True,0,0,0,123.8,0.0,76.3,0.0,785.9,0.0,1227.0,0.0,0.0,0.0,0.5,0.0,0.0,0.0,0.0,326,617638.8099999999,0.0,0.25,0.0,392.95,1
7.0,3000.0,57.1,142.9,41.985,242.0,244.5,777.1,1108.4,True,False,False,False,True,False,False,False,True,1,1,1,0.0,242.0,0.0,244.5,0.0,777.1,0.0,1108.4,0.0,41.985,0.0,7.0,0.7352760897357314,0.013994995335001554,142.9,8,603884.41,1762.740225,49.0,32626.5435,5439.7,1
6.0,3333.3,0.0,0.0,0.0,95.1,16.3,714.2,875.4,True,False,False,False,False,False,True,True,False,2,0,0,0.0,95.1,0.0,16.3,0.0,714.2,0.0,875.4,0.0,0.0,0.0,6.0,0.0,0.0,0.0,2,510081.6400000001,0.0,36.0,0.0,4285.200000000001,1
0.1,0.0,0.0,0.0,0.0,46.0,14.3,768.8,801.7,True,False,False,False,True,False,False,False,True,4,1,1,0.0,46.0,0.0,14.3,0.0,768.8,0.0,801.7,0.0,0.0,0.0,0.1,0.0,0.0,0.0,334,591053.44,0.0,0.010000000000000002,0.0,76.88,1
60.0,3928.6,33.3,0.0,15.318,138.0,145.4,970.4,1108.4,False,True,False,False,True,False,False,False,True,0,1,0,138.0,0.0,145.4,0.0,970.4,0.0,1108.4,0.0,15.318,0.0,60.0,0.0,0.45998618660100304,0.0038990979231538145,0.0,326,941676.1599999999,234.641124,3600.0,14864.5872,58224.0,0
0.1,120.0,2.0,0.0,0.92,82.6,323.5,747.5,1164.1,False,True,False,False,True,False,False,False,True,0,0,0,82.6,0.0,323.5,0.0,747.5,0.0,1164.1,0.0,0.92,0.0,0.1,0.0,0.4597701149425288,0.007666602778310181,0.0,311,558756.25,0.8464,0.010000000000000002,687.7,74.75,1
0.6,0.0,0.0,0.0,0.0,57.3,23.8,915.9,939.0,True,False,False,False,False,False,True,False,True,1,0,0,0.0,57.3,0.0,23.8,0.0,915.9,0.0,939.0,0.0,0.0,0.0,0.6,0.0,0.0,0.0,331,838872.8099999999,0.0,0.36,0.0,549.54,0
18.0,0.0,0.0,0.0,0.0,169.0,40.6,926.6,1062.2,False,True,True,False,False,False,False,False,True,0,0,0,169.0,0.0,40.6,0.0,926.6,0.0,1062.2,0.0,0.0,0.0,18.0,0.0,0.0,0.0,0.0,362,858587.56,0.0,324.0,0.0,16678.8,0
0.2,0.0,0.0,0.0,0.0,30.2,66.6,736.7,900.1,False,True,False,False,False,True,False,False,True,0,0,0,30.2,0.0,66.6,0.0,736.7,0.0,900.1,0.0,0.0,0.0,0.2,0.0,0.0,0.0,0.0,350,542726.89,0.0,0.04000000000000001,0.0,147.34,1
20.0,0.0,0.0,125.0,13.75,170.4,5.4,824.4,1062.2,False,True,True,False,False,False,False,False,True,0,0,0,170.4,0.0,5.4,0.0,824.4,0.0,1062.2,0.0,13.75,0.0,20.0,0.0,13750.0,13750.0,125.0,5,679635.36,189.0625,400.0,11335.5,16488.0,0
0.1,0.0,0.0,0.0,0.0,44.0,1.2,1004.4,1331.4,False,True,True,False,False,False,False,False,True,0,0,0,44.0,0.0,1.2,0.0,1004.4,0.0,1331.4,0.0,0.0,0.0,0.1,0.0,0.0,0.0,0.0,356,1008819.36,0.0,0.010000000000000002,0.0,100.44,0
10.1,1237.6,49.5,0.0,22.77,3.4,298.3,803.7,844.8,True,False,False,True,False,False,False,False,True,1,1,1,0.0,3.4,0.0,298.3,0.0,803.7,0.0,844.8,0.0,22.77,0.0,10.1,0.4599907072584392,0.018398498385182302,0.0,339,645933.6900000001,518.4729,102.00999999999999,18300.249,8117.37,1
0.1,700.0,0.0,7.0,0.77,15.2,338.6,944.2,1331.4,True,False,True,False,False,False,False,False,True,2,0,1,0.0,15.2,0.0,338.6,0.0,944.2,0.0,1331.4,0.0,0.77,0.0,0.1,770.0,0.0010999984285736735,7.0,334,891513.6400000001,0.5929,0.010000000000000002,727.0340000000001,94.42000000000002,0
7.2,0.0,0.0,0.0,0.0,88.2,52.4,1021.0,1062.2,True,False,True,False,False,False,False,False,True,1,1,1,0.0,88.2,0.0,52.4,0.0,1021.0,0.0,1062.2,0.0,0.0,0.0,7.2,0.0,0.0,0.0,350,1042441.0,0.0,51.84,0.0,7351.2,0
0.1,0.0,0.0,0.0,0.0,144.6,13.8,928.4,1105.0,False,True,True,False,False,False,False,False,True,0,0,0,144.6,0.0,13.8,0.0,928.4,0.0,1105.0,0.0,0.0,0.0,0.1,0.0,0.0,0.0,0.0,343,861926.5599999999,0.0,0.010000000000000002,0.0,92.84,0
0.0,125.0,0.0,0.0,0.0,92.1,106.8,929.3,1142.3,True,False,False,False,False,False,True,True,False,1,0,0,0.0,92.1,0.0,106.8,0.0,929.3,0.0,1142.3,0.0,0.0,0.0,0.0,0.0,0.0,0.0,358,863598.4899999999,0.0,0.0,0.0,0.0,0
0.5,2500.0,0.0,0.0,0.0,202.2,137.2,702.3,1227.0,False,True,False,True,False,False,False,False,True,0,0,0,202.2,0.0,137.2,0.0,702.3,0.0,1227.0,0.0,0.0,0.0,0.5,0.0,0.0,0.0,0.0,320,493225.2899999999,0.0,0.25,0.0,351.15,1
16.7,2395.2,0.0,35.9,3.949,122.3,53.3,789.0,875.4,False,True,False,False,False,False,True,True,False,0,0,0,122.3,0.0,53.3,0.0,789.0,0.0,875.4,0.0,3.949,0.0,16.7,0.0,3948.9999999999995,0.0016487134065157787,35.9,358,622521.0,15.594600999999999,278.89,3115.761,13176.3,1
0.1,0.0,0.0,0.0,0.0,159.8,161.0,743.0,1227.0,True,False,False,True,False,False,False,False,True,2,0,1,0.0,159.8,0.0,161.0,0.0,743.0,0.0,1227.0,0.0,0.0,0.0,0.1,0.0,0.0,0.0,317,552049.0,0.0,0.010000000000000002,0.0,74.3,1
0.2,0.0,0.0,0.0,0.0,39.2,85.0,1053.8,1105.0,True,False,True,False,False,False,False,False,True,4,0,0,0.0,39.2,0.0,85.0,0.0,1053.8,0.0,1105.0,0.0,0.0,0.0,0.2,0.0,0.0,0.0,328,1110494.44,0.0,0.04000000000000001,0.0,210.76,0
2.2,0.0,44.8,0.0,20.608,162.6,45.0,870.8,1062.2,True,False,True,False,False,False,False,False,True,4,0,0,0.0,162.6,0.0,45.0,0.0,870.8,0.0,1062.2,0.0,20.608,0.0,2.2,0.4599897323720453,20608.0,0.0,363,758292.6399999999,424.68966400000005,4.840000000000001,17945.4464,1915.76,0
0.1,0.0,0.0,0.0,0.0,63.9,342.6,927.9,1089.9,False,True,False,True,False,False,False,False,True,0,0,0,63.9,0.0,342.6,0.0,927.9,0.0,1089.9,0.0,0.0,0.0,0.1,0.0,0.0,0.0,0.0,363,860998.4099999999,0.0,0.010000000000000002,0.0,92.79,0
0.1,0.0,0.0,0.0,0.0,69.4,97.8,928.6,1105.0,False,True,True,False,False,False,False,False,True,0,0,0,69.4,0.0,97.8,0.0,928.6,0.0,1105.0,0.0,0.0,0.0,0.1,0.0,0.0,0.0,0.0,346,862297.9600000001,0.0,0.010000000000000002,0.0,92.86000000000001,0
0.5,2000.0,0.0,0.0,0.0,137.7,187.5,746.8,1227.0,False,True,False,True,False,False,False,False,True,0,0,0,137.7,0.0,187.5,0.0,746.8,0.0,1227.0,0.0,0.0,0.0,0.5,0.0,0.0,0.0,0.0,316,557710.2399999999,0.0,0.25,0.0,373.4,1
0.2,0.0,0.0,0.0,0.0,45.5,78.7,946.0,1089.9,True,False,False,True,False,False,False,False,True,1,0,0,0.0,45.5,0.0,78.7,0.0,946.0,0.0,1089.9,0.0,0.0,0.0,0.2,0.0,0.0,0.0,346,894916.0,0.0,0.04000000000000001,0.0,189.20000000000002,0
4.0,0.0,62.5,0.0,28.75,151.8,71.0,990.6,1062.2,True,False,True,False,False,False,False,False,True,1,0,0,0.0,151.8,0.0,71.0,0.0,990.6,0.0,1062.2,0.0,28.75,0.0,4.0,0.45999264011775814,28750.0,0.0,355,981288.3600000001,826.5625,16.0,28479.75,3962.4,0
0.1,200.0,0.0,0.0,0.0,30.6,106.8,728.2,1142.3,True,False,False,False,False,False,True,True,False,1,0,0,0.0,30.6,0.0,106.8,0.0,728.2,0.0,1142.3,0.0,0.0,0.0,0.1,0.0,0.0,0.0,333,530275.2400000001,0.0,0.010000000000000002,0.0,72.82000000000001,1
0.1,0.0,0.0,0.0,0.0,55.6,15.4,1024.6,1331.4,True,False,True,False,False,False,False,False,True,1,0,1,0.0,55.6,0.0,15.4,0.0,1024.6,0.0,1331.4,0.0,0.0,0.0,0.1,0.0,0.0,0.0,348,1049805.16,0.0,0.010000000000000002,0.0,102.46,0
4.0,2500.0,0.0,0.0,0.0,99.0,190.2,1105.7,1288.7,True,False,True,False,False,False,False,False,True,1,0,0,0.0,99.0,0.0,190.2,0.0,1105.7,0.0,1288.7,0.0,0.0,0.0,4.0,0.0,0.0,0.0,333,1222572.49,0.0,16.0,0.0,4422.8,0
4.0,0.0,100.0,0.0,46.0,70.0,58.9,788.2,806.1,False,True,False,False,True,False,False,False,True,0,1,0,70.0,0.0,58.9,0.0,788.2,0.0,806.1,0.0,46.0,0.0,4.0,0.0,0.45999540004599954,46000.0,0.0,353,621259.2400000001,2116.0,16.0,36257.200000000004,3152.8,1
0.1,0.0,0.0,0.0,0.0,86.6,299.8,894.2,1105.0,False,True,True,False,False,False,False,False,True,0,0,0,86.6,0.0,299.8,0.0,894.2,0.0,1105.0,0.0,0.0,0.0,0.1,0.0,0.0,0.0,0.0,363,799593.6400000001,0.0,0.010000000000000002,0.0,89.42000000000002,0
0.1,0.0,0.0,0.0,0.0,31.1,99.7,939.2,1089.9,False,True,False,True,False,False,False,False,True,0,0,0,31.1,0.0,99.7,0.0,939.2,0.0,1089.9,0.0,0.0,0.0,0.1,0.0,0.0,0.0,0.0,349,882096.6400000001,0.0,0.010000000000000002,0.0,93.92000000000002,0
0.3,0.0,0.0,0.0,0.0,77.6,67.4,960.4,1089.9,False,True,False,True,False,False,False,False,True,0,0,0,77.6,0.0,67.4,0.0,960.4,0.0,1089.9,0.0,0.0,0.0,0.3,0.0,0.0,0.0,0.0,341,922368.1599999999,0.0,0.09,0.0,288.12,0
0.1,200.0,0.0,0.0,0.0,57.9,22.8,863.5,1227.0,False,True,False,True,False,False,False,False,True,0,0,1,57.9,0.0,22.8,0.0,863.5,0.0,1227.0,0.0,0.0,0.0,0.1,0.0,0.0,0.0,0.0,348,745632.25,0.0,0.010000000000000002,0.0,86.35000000000001,0
0.3,0.0,0.0,0.0,0.0,198.6,244.9,731.8,900.1,True,False,False,False,False,True,False,True,False,1,0,0,0.0,198.6,0.0,244.9,0.0,731.8,0.0,900.1,0.0,0.0,0.0,0.3,0.0,0.0,0.0,365,535531.24,0.0,0.09,0.0,219.54,1
0.5,0.0,0.0,0.0,0.0,123.8,76.3,785.9,1227.0,False,True,False,True,False,False,False,False,True,0,0,0,123.8,0.0,76.3,0.0,785.9,0.0,1227.0,0.0,0.0,0.0,0.5,0.0,0.0,0.0,0.0,326,617638.8099999999,0.0,0.25,0.0,392.95,1
0.1,0.0,0.0,0.0,0.0,124.6,34.4,927.4,1105.0,True,False,True,False,False,False,False,False,True,1,0,0,0.0,124.6,0.0,34.4,0.0,927.4,0.0,1105.0,0.0,0.0,0.0,0.1,0.0,0.0,0.0,344,860070.76,0.0,0.010000000000000002,0.0,92.74000000000001,0
10.0,2083.3,50.0,0.0,23.0,6.2,140.0,1132.1,1288.7,False,True,True,False,False,False,False,False,True,0,1,0,6.2,0.0,140.0,0.0,1132.1,0.0,1288.7,0.0,23.0,0.0,10.0,0.0,0.45999080018399635,0.011040171343459249,0.0,351,1281650.4099999997,529.0,100.0,26038.3,11321.0,0
0.1,0.0,0.0,0.0,0.0,84.4,57.7,973.3,1089.9,True,False,False,True,False,False,False,False,True,1,0,0,0.0,84.4,0.0,57.7,0.0,973.3,0.0,1089.9,0.0,0.0,0.0,0.1,0.0,0.0,0.0,338,947312.8899999999,0.0,0.010000000000000002,0.0,97.33,0
13.6,3676.5,0.0,0.0,0.0,49.5,6.0,1307.7,1331.2,False,True,False,False,False,False,True,True,False,0,0,0,49.5,0.0,6.0,0.0,1307.7,0.0,1331.2,0.0,0.0,0.0,13.6,0.0,0.0,0.0,0.0,352,1710079.29,0.0,184.95999999999998,0.0,17784.72,0
0.2,0.0,0.0,0.0,0.0,29.7,86.7,896.8,1164.1,False,True,False,False,True,False,False,False,True,0,0,1,29.7,0.0,86.7,0.0,896.8,0.0,1164.1,0.0,0.0,0.0,0.2,0.0,0.0,0.0,0.0,363,804250.2399999999,0.0,0.04000000000000001,0.0,179.36,0
25.0,3000.0,32.0,60.0,21.32,81.0,83.2,824.0,875.4,True,False,False,False,False,False,True,True,False,1,0,0,0.0,81.0,0.0,83.2,0.0,824.0,0.0,875.4,0.0,21.32,0.0,25.0,0.6662291803381145,0.007106664297778567,60.0,353,678976.0,454.5424,625.0,17567.68,20600.0,0
19.9,0.0,75.4,0.0,34.684,129.9,14.0,616.5,806.1,True,False,False,False,True,False,False,False,True,3,1,1,0.0,129.9,0.0,14.0,0.0,616.5,0.0,806.1,0.0,34.684,0.0,19.9,0.45999389928515527,34684.0,0.0,2,380072.25,1202.979856,396.00999999999993,21382.685999999998,12268.349999999999,1
0.1,450.0,0.0,0.0,0.0,92.1,109.9,925.8,1142.3,True,False,False,False,False,False,True,True,False,2,0,0,0.0,92.1,0.0,109.9,0.0,925.8,0.0,1142.3,0.0,0.0,0.0,0.1,0.0,0.0,0.0,359,857105.6399999999,0.0,0.010000000000000002,0.0,92.58,0
0.1,0.0,0.0,0.0,0.0,45.5,67.1,946.1,1089.9,True,False,False,True,False,False,False,False,True,1,0,0,0.0,45.5,0.0,67.1,0.0,946.1,0.0,1089.9,0.0,0.0,0.0,0.1,0.0,0.0,0.0,345,895105.2100000001,0.0,0.010000000000000002,0.0,94.61000000000001,0
0.3,0.0,0.0,0.0,0.0,83.2,67.3,946.1,1089.9,False,True,False,True,False,False,False,False,True,0,0,0,83.2,0.0,67.3,0.0,946.1,0.0,1089.9,0.0,0.0,0.0,0.3,0.0,0.0,0.0,0.0,344,895105.2100000001,0.0,0.09,0.0,283.83,0
1.0,0.0,0.0,0.0,0.0,210.2,42.6,759.8,1105.0,False,True,True,False,False,False,False,False,True,0,1,0,210.2,0.0,42.6,0.0,759.8,0.0,1105.0,0.0,0.0,0.0,1.0,0.0,0.0,0.0,0.0,12,577296.0399999999,0.0,1.0,0.0,759.8,1
50.0,3000.0,0.0,0.0,0.0,96.0,25.0,821.0,948.0,False,True,False,False,False,True,False,True,False,0,0,0,96.0,0.0,25.0,0.0,821.0,0.0,948.0,0.0,0.0,0.0,50.0,0.0,0.0,0.0,0.0,360,674041.0,0.0,2500.0,0.0,41050.0,0
0.1,200.0,0.0,0.0,0.0,30.6,106.8,728.2,1142.3,False,True,False,False,False,False,True,True,False,0,0,0,30.6,0.0,106.8,0.0,728.2,0.0,1142.3,0.0,0.0,0.0,0.1,0.0,0.0,0.0,0.0,333,530275.2400000001,0.0,0.010000000000000002,0.0,72.82000000000001,1
7.0,0.0,100.0,0.0,46.0,70.0,55.2,788.2,806.1,False,True,False,False,True,False,False,False,True,0,1,0,70.0,0.0,55.2,0.0,788.2,0.0,806.1,0.0,46.0,0.0,7.0,0.0,0.45999540004599954,46000.0,0.0,354,621259.2400000001,2116.0,49.0,36257.200000000004,5517.400000000001,1
0.1,700.0,0.0,4.0,0.44,77.8,15.4,1023.2,1331.4,True,False,True,False,False,False,False,False,True,2,0,0,0.0,77.8,0.0,15.4,0.0,1023.2,0.0,1331.4,0.0,0.44,0.0,0.1,440.0,0.0006285705306135277,4.0,351,1046938.2400000001,0.1936,0.010000000000000002,450.208,102.32000000000001,0
0.1,0.0,0.0,0.0,0.0,131.2,4.2,1040.6,1105.0,True,False,True,False,False,False,False,False,True,1,0,0,0.0,131.2,0.0,4.2,0.0,1040.6,0.0,1105.0,0.0,0.0,0.0,0.1,0.0,0.0,0.0,335,1082848.3599999999,0.0,0.010000000000000002,0.0,104.06,0
0.2,0.0,0.0,0.0,0.0,31.0,230.5,685.3,801.7,True,False,False,False,True,False,False,False,True,4,0,0,0.0,31.0,0.0,230.5,0.0,685.3,0.0,801.7,0.0,0.0,0.0,0.2,0.0,0.0,0.0,352,469636.0899999999,0.0,0.04000000000000001,0.0,137.06,1
0.5,0.0,0.0,0.0,0.0,45.5,97.6,946.0,1089.9,False,True,False,True,False,False,False,False,True,0,0,0,45.5,0.0,97.6,0.0,946.0,0.0,1089.9,0.0,0.0,0.0,0.5,0.0,0.0,0.0,0.0,347,894916.0,0.0,0.25,0.0,473.0,0
36.0,1527.8,69.4,0.0,31.924,128.2,134.2,1166.6,1320.5,False,True,False,True,False,False,False,False,True,0,0,0,128.2,0.0,134.2,0.0,1166.6,0.0,1320.5,0.0,31.924,0.0,36.0,0.0,0.4599933718534314,0.02089539148095858,0.0,364,1360955.5599999998,1019.1417759999999,1296.0,37242.5384,41997.6,0
0.3,800.0,15.0,0.0,6.9,20.7,96.8,778.4,1142.3,False,True,False,False,False,False,True,True,False,0,0,0,20.7,0.0,96.8,0.0,778.4,0.0,1142.3,0.0,6.9,0.0,0.3,0.0,0.4599693353776415,0.008624989218763477,0.0,341,605906.5599999999,47.61000000000001,0.09,5370.96,233.51999999999998,1
97.5,3076.9,51.3,123.1,37.139,69.1,294.1,1244.0,1331.2,False,True,False,False,False,False,True,True,False,0,1,0,69.1,0.0,294.1,0.0,1244.0,0.0,1331.2,0.0,37.139,0.0,97.5,0.0,0.7239430030603693,0.01207026160412701,123.1,3,1547536.0,1379.3053210000003,9506.25,46200.916000000005,121290.0,0
0.1,0.0,0.0,0.0,0.0,142.4,13.8,939.8,1105.0,True,False,True,False,False,False,False,False,True,4,0,0,0.0,142.4,0.0,13.8,0.0,939.8,0.0,1105.0,0.0,0.0,0.0,0.1,0.0,0.0,0.0,342,883224.0399999999,0.0,0.010000000000000002,0.0,93.98,0
0.3,0.0,0.0,0.0,0.0,45.5,67.1,946.1,1089.9,True,False,False,True,False,False,False,False,True,1,0,0,0.0,45.5,0.0,67.1,0.0,946.1,0.0,1089.9,0.0,0.0,0.0,0.3,0.0,0.0,0.0,345,895105.2100000001,0.0,0.09,0.0,283.83,0
0.0,0.0,0.0,0.0,0.0,95.2,283.6,960.2,1331.4,True,False,True,False,False,False,False,False,True,3,0,0,0.0,95.2,0.0,283.6,0.0,960.2,0.0,1331.4,0.0,0.0,0.0,0.0,0.0,0.0,0.0,313,921984.04,0.0,0.0,0.0,0.0,0
8.0,2500.0,0.0,75.0,8.25,198.2,43.4,934.2,1062.2,True,False,True,False,False,False,False,False,True,1,1,1,0.0,198.2,0.0,43.4,0.0,934.2,0.0,1062.2,0.0,8.25,0.0,8.0,8250.0,0.003299998680000528,75.0,358,872729.6400000001,68.0625,64.0,7707.150000000001,7473.6,0
17.4,2873.6,46.0,0.0,21.16,61.6,1.2,660.42,844.8,False,True,False,True,False,False,False,False,True,0,0,0,61.6,0.0,1.2,0.0,660.42,0.0,844.8,0.0,21.16,0.0,17.4,0.0,0.4599900002173866,0.007363583183608302,0.0,5,436154.57639999996,447.7456,302.75999999999993,13974.4872,11491.307999999999,1
0.1,0.0,0.0,0.0,0.0,45.5,67.1,946.1,1089.9,True,False,False,True,False,False,False,False,True,2,0,0,0.0,45.5,0.0,67.1,0.0,946.1,0.0,1089.9,0.0,0.0,0.0,0.1,0.0,0.0,0.0,345,895105.2100000001,0.0,0.010000000000000002,0.0,94.61000000000001,0
0.2,400.0,10.0,0.0,4.6,20.7,96.8,778.4,1142.3,True,False,False,False,False,False,True,True,False,1,0,0,0.0,20.7,0.0,96.8,0.0,778.4,0.0,1142.3,0.0,4.6,0.0,0.2,0.45995400459954006,0.011499971250071874,0.0,341,605906.5599999999,21.159999999999997,0.04000000000000001,3580.6399999999994,155.68,1
0.1,0.0,0.0,0.0,0.0,14.4,228.2,959.6,1105.0,True,False,True,False,False,False,False,False,True,3,1,1,0.0,14.4,0.0,228.2,0.0,959.6,0.0,1105.0,0.0,0.0,0.0,0.1,0.0,0.0,0.0,315,920832.16,0.0,0.010000000000000002,0.0,95.96000000000001,0
0.0,0.0,0.0,0.0,0.0,43.0,22.8,982.4,1331.4,True,False,True,False,False,False,False,False,True,3,0,1,0.0,43.0,0.0,22.8,0.0,982.4,0.0,1331.4,0.0,0.0,0.0,0.0,0.0,0.0,0.0,358,965109.76,0.0,0.0,0.0,0.0,0
0.1,0.0,0.0,0.0,0.0,90.0,34.4,928.6,1105.0,False,True,True,False,False,False,False,False,True,0,1,1,90.0,0.0,34.4,0.0,928.6,0.0,1105.0,0.0,0.0,0.0,0.1,0.0,0.0,0.0,0.0,345,862297.9600000001,0.0,0.010000000000000002,0.0,92.86000000000001,0
40.0,0.0,37.5,0.0,17.25,168.0,30.6,757.7,806.1,False,True,False,False,True,False,False,False,True,0,1,1,168.0,0.0,30.6,0.0,757.7,0.0,806.1,0.0,17.25,0.0,40.0,0.0,0.45998773366043577,17250.0,0.0,357,574109.29,297.5625,1600.0,13070.325,30308.0,1
17.0,2941.2,58.8,117.6,39.984,17.8,222.8,1325.5,1331.2,False,True,False,False,False,False,True,True,False,0,0,0,17.8,0.0,222.8,0.0,1325.5,0.0,1331.2,0.0,39.984,0.0,17.0,0.0,0.6799884355708237,0.013594446622315171,117.6,341,1756950.25,1598.720256,289.0,52998.792,22533.5,0
40.0,0.0,50.0,0.0,23.0,170.4,5.4,824.4,1062.2,False,True,True,False,False,False,False,False,True,0,0,0,170.4,0.0,5.4,0.0,824.4,0.0,1062.2,0.0,23.0,0.0,40.0,0.0,0.45999080018399635,23000.0,0.0,5,679635.36,529.0,1600.0,18961.2,32976.0,0
0.5,0.0,0.0,0.0,0.0,58.5,3.0,738.5,801.7,False,True,False,False,True,False,False,False,True,0,0,0,58.5,0.0,3.0,0.0,738.5,0.0,801.7,0.0,0.0,0.0,0.5,0.0,0.0,0.0,0.0,341,545382.25,0.0,0.25,0.0,369.25,1
0.1,150.0,4.0,0.0,1.84,18.9,4.7,913.7,1164.1,True,False,False,False,True,False,False,False,True,1,0,1,0.0,18.9,0.0,4.7,0.0,913.7,0.0,1164.1,0.0,1.84,0.0,0.1,0.4598850287428143,0.01226658488943407,0.0,352,834847.6900000001,3.3856,0.010000000000000002,1681.208,91.37,0
0.3,1250.0,0.0,0.0,0.0,107.0,168.5,796.8,1180.0,False,True,False,False,False,True,False,True,False,0,0,0,107.0,0.0,168.5,0.0,796.8,0.0,1180.0,0.0,0.0,0.0,0.3,0.0,0.0,0.0,0.0,327,634890.2399999999,0.0,0.09,0.0,239.03999999999996,1
26.0,2884.6,0.0,0.0,0.0,144.8,43.8,857.2,1062.2,False,True,True,False,False,False,False,False,True,0,1,1,144.8,0.0,43.8,0.0,857.2,0.0,1062.2,0.0,0.0,0.0,26.0,0.0,0.0,0.0,0.0,365,734791.8400000001,0.0,676.0,0.0,22287.2,0
0.1,300.0,0.0,0.0,0.0,96.1,3.1,933.3,1142.3,True,False,False,False,False,False,True,True,False,1,0,0,0.0,96.1,0.0,3.1,0.0,933.3,0.0,1142.3,0.0,0.0,0.0,0.1,0.0,0.0,0.0,355,871048.8899999999,0.0,0.010000000000000002,0.0,93.33,0
30.0,2083.3,30.0,16.7,15.637,17.8,305.6,1319.8,1331.2,False,True,False,False,False,False,True,True,False,0,0,0,17.8,0.0,305.6,0.0,1319.8,0.0,1331.2,0.0,15.637,0.0,30.0,0.0,0.5212159594680177,0.007505876491203142,16.7,339,1741872.0399999998,244.515769,900.0,20637.7126,39594.0,0
0.1,0.0,0.0,0.0,0.0,31.0,339.3,685.3,801.7,True,False,False,False,True,False,False,False,True,4,0,0,0.0,31.0,0.0,339.3,0.0,685.3,0.0,801.7,0.0,0.0,0.0,0.1,0.0,0.0,0.0,354,469636.0899999999,0.0,0.010000000000000002,0.0,68.53,1
0.2,300.0,6.0,0.0,2.76,44.4,8.7,911.7,1164.1,True,False,False,False,True,False,False,False,True,2,0,1,0.0,44.4,0.0,8.7,0.0,911.7,0.0,1164.1,0.0,2.76,0.0,0.2,0.4599233461089818,0.009199969333435556,0.0,349,831196.8900000001,7.617599999999999,0.04000000000000001,2516.292,182.34000000000003,0
12.0,0.0,0.0,0.0,0.0,38.4,189.4,1106.3,1288.7,False,True,True,False,False,False,False,False,True,0,0,0,38.4,0.0,189.4,0.0,1106.3,0.0,1288.7,0.0,0.0,0.0,12.0,0.0,0.0,0.0,0.0,337,1223899.69,0.0,144.0,0.0,13275.599999999999,0
50.2,2492.5,49.9,49.9,28.443,81.5,82.0,824.0,875.4,False,True,False,False,False,False,True,True,False,0,0,0,81.5,0.0,82.0,0.0,824.0,0.0,875.4,0.0,28.443,0.0,50.2,0.0,0.5699885773832188,0.011411429724601916,49.9,354,678976.0,809.0042490000001,2520.0400000000004,23437.032000000003,41364.8,0
0.1,350.0,3.0,4.0,1.82,52.8,50.6,981.0,1331.4,True,False,True,False,False,False,False,False,True,3,1,0,0.0,52.8,0.0,50.6,0.0,981.0,0.0,1331.4,0.0,1.82,0.0,0.1,0.6064645118293902,0.005199985142899592,4.0,362,962361.0,3.3124000000000002,0.010000000000000002,1785.42,98.10000000000001,0
0.3,0.0,7.0,0.0,3.22,28.5,196.8,839.3,1164.1,False,True,False,False,True,False,False,False,True,0,0,0,28.5,0.0,196.8,0.0,839.3,0.0,1164.1,0.0,3.22,0.0,0.3,0.0,0.4599342951006999,3220.0,0.0,339,704424.4899999999,10.368400000000001,0.09,2702.546,251.78999999999996,0
10.0,4166.7,50.0,0.0,23.0,89.4,180.0,1106.1,1288.7,False,True,True,False,False,False,False,False,True,0,1,0,89.4,0.0,180.0,0.0,1106.1,0.0,1288.7,0.0,23.0,0.0,10.0,0.0,0.45999080018399635,0.005519954515574792,0.0,335,1223457.2099999997,529.0,100.0,25440.3,11061.0,0
0.2,400.0,0.0,0.0,0.0,92.1,109.9,925.8,1142.3,True,False,False,False,False,False,True,True,False,1,0,0,0.0,92.1,0.0,109.9,0.0,925.8,0.0,1142.3,0.0,0.0,0.0,0.2,0.0,0.0,0.0,359,857105.6399999999,0.0,0.04000000000000001,0.0,185.16,0
0.2,500.0,0.0,0.0,0.0,96.1,3.1,933.3,1142.3,True,False,False,False,False,False,True,True,False,1,0,0,0.0,96.1,0.0,3.1,0.0,933.3,0.0,1142.3,0.0,0.0,0.0,0.2,0.0,0.0,0.0,355,871048.8899999999,0.0,0.04000000000000001,0.0,186.66,0
13.0,2307.7,0.0,76.9,8.459,162.6,45.0,870.8,1062.2,False,True,True,False,False,False,False,False,True,0,1,1,162.6,0.0,45.0,0.0,870.8,0.0,1062.2,0.0,8.459,0.0,13.0,0.0,8459.0,0.003665552859750895,76.9,363,758292.6399999999,71.55468099999999,169.0,7366.097199999999,11320.4,0
40.0,4166.7,62.5,125.0,42.5,13.0,307.6,1308.7,1331.2,False,True,False,False,False,False,True,True,False,0,0,0,13.0,0.0,307.6,0.0,1308.7,0.0,1331.2,0.0,42.5,0.0,40.0,0.0,0.6799891201740772,0.01019991595269255,125.0,338,1712695.6900000002,1806.25,1600.0,55619.75,52348.0,0
12.0,4000.0,0.0,0.0,0.0,28.4,148.2,1137.1,1288.7,True,False,True,False,False,False,False,False,True,1,0,0,0.0,28.4,0.0,148.2,0.0,1137.1,0.0,1288.7,0.0,0.0,0.0,12.0,0.0,0.0,0.0,343,1292996.4099999997,0.0,144.0,0.0,13645.199999999999,0
0.5,1000.0,0.0,0.0,0.0,109.6,195.4,762.3,1227.0,False,True,False,True,False,False,False,False,True,0,0,0,109.6,0.0,195.4,0.0,762.3,0.0,1227.0,0.0,0.0,0.0,0.5,0.0,0.0,0.0,0.0,313,581101.2899999999,0.0,0.25,0.0,381.15,1
0.4,0.0,0.0,0.0,0.0,84.4,57.7,973.3,1089.9,False,True,False,True,False,False,False,False,True,0,0,0,84.4,0.0,57.7,0.0,973.3,0.0,1089.9,0.0,0.0,0.0,0.4,0.0,0.0,0.0,0.0,338,947312.8899999999,0.0,0.16000000000000003,0.0,389.32,0
25.0,1666.7,100.0,200.0,68.0,83.4,190.2,1105.9,1288.7,False,True,True,False,False,False,False,True,False,0,1,0,83.4,0.0,190.2,0.0,1105.9,0.0,1288.7,0.0,68.0,0.0,25.0,0.0,0.6799932000679992,0.04079915953731353,200.0,334,1223014.8100000003,4624.0,625.0,75201.20000000001,27647.500000000004,0
0.9,4500.0,0.0,0.0,0.0,112.1,38.2,785.3,1227.0,False,True,False,True,False,False,False,False,True,0,0,0,112.1,0.0,38.2,0.0,785.3,0.0,1227.0,0.0,0.0,0.0,0.9,0.0,0.0,0.0,0.0,325,616696.09,0.0,0.81,0.0,706.77,1
15.0,0.0,33.3,66.7,22.655,28.2,210.0,1144.3,1288.7,True,False,True,False,False,False,False,False,True,1,1,0,0.0,28.2,0.0,210.0,0.0,1144.3,0.0,1288.7,0.0,22.655,0.0,15.0,0.6803099006035856,22655.0,66.7,340,1309422.49,513.2490250000001,225.0,25924.1165,17164.5,0
7.0,3125.0,0.0,0.0,0.0,13.2,122.0,1132.3,1288.7,False,True,True,False,False,False,False,True,False,0,0,0,13.2,0.0,122.0,0.0,1132.3,0.0,1288.7,0.0,0.0,0.0,7.0,0.0,0.0,0.0,0.0,348,1282103.2899999998,0.0,49.0,0.0,7926.099999999999,0
30.0,1666.7,33.3,50.0,20.818,111.3,280.0,1258.0,1331.2,False,True,False,False,False,False,True,False,True,0,0,0,111.3,0.0,280.0,0.0,1258.0,0.0,1331.2,0.0,20.818,0.0,30.0,0.0,0.6251463920002404,0.012490542694820488,50.0,364,1582564.0,433.38912400000004,900.0,26189.044,37740.0,0
12.5,2000.0,32.0,40.0,19.12,118.0,54.3,789.0,875.4,True,False,False,False,False,False,True,True,False,1,0,0,0.0,118.0,0.0,54.3,0.0,789.0,0.0,875.4,0.0,19.12,0.0,12.5,0.5974813287084779,0.009559995220002391,40.0,357,622521.0,365.5744,156.25,15085.68,9862.5,1
0.1,0.0,0.0,0.0,0.0,104.2,304.0,894.0,1105.0,False,True,True,False,False,False,False,False,True,0,1,0,104.2,0.0,304.0,0.0,894.0,0.0,1105.0,0.0,0.0,0.0,0.1,0.0,0.0,0.0,0.0,364,799236.0,0.0,0.010000000000000002,0.0,89.4,0
0.3,0.0,0.0,0.0,0.0,81.6,19.5,1015.9,1089.9,False,True,False,True,False,False,False,False,True,0,0,0,81.6,0.0,19.5,0.0,1015.9,0.0,1089.9,0.0,0.0,0.0,0.3,0.0,0.0,0.0,0.0,334,1032052.8099999999,0.0,0.09,0.0,304.77,0
18.0,0.0,55.6,0.0,25.576,129.9,14.0,616.5,806.1,False,True,False,False,True,False,False,False,True,0,1,0,129.9,0.0,14.0,0.0,616.5,0.0,806.1,0.0,25.576,0.0,18.0,0.0,0.4599917267675042,25576.0,0.0,2,380072.25,654.1317760000001,324.0,15767.604000000001,11097.0,1
0.1,125.0,0.0,0.0,0.0,76.4,38.6,906.0,1331.4,True,False,True,False,False,False,False,False,True,1,0,0,0.0,76.4,0.0,38.6,0.0,906.0,0.0,1331.4,0.0,0.0,0.0,0.1,0.0,0.0,0.0,324,820836.0,0.0,0.010000000000000002,0.0,90.60000000000001,0
0.1,0.0,0.0,0.0,0.0,92.2,26.2,1015.7,1089.9,True,False,False,True,False,False,False,False,True,3,0,0,0.0,92.2,0.0,26.2,0.0,1015.7,0.0,1089.9,0.0,0.0,0.0,0.1,0.0,0.0,0.0,336,1031646.4900000001,0.0,0.010000000000000002,0.0,101.57000000000001,0
0.2,0.0,0.0,0.0,0.0,84.4,63.5,973.3,1089.9,True,False,False,True,False,False,False,False,True,1,0,0,0.0,84.4,0.0,63.5,0.0,973.3,0.0,1089.9,0.0,0.0,0.0,0.2,0.0,0.0,0.0,339,947312.8899999999,0.0,0.04000000000000001,0.0,194.66,0
12.0,0.0,0.0,83.3,9.163,208.4,6.8,706.4,1062.2,False,True,True,False,False,False,False,False,True,0,1,1,208.4,0.0,6.8,0.0,706.4,0.0,1062.2,0.0,9.163,0.0,12.0,0.0,9163.0,9163.0,83.3,14,499000.95999999996,83.960569,144.0,6472.7432,8476.8,1
0.1,0.0,0.0,0.0,0.0,36.4,138.8,901.4,1105.0,True,False,True,False,False,False,False,False,True,2,0,0,0.0,36.4,0.0,138.8,0.0,901.4,0.0,1105.0,0.0,0.0,0.0,0.1,0.0,0.0,0.0,350,812521.96,0.0,0.010000000000000002,0.0,90.14,0
22.5,2933.3,0.0,0.0,0.0,40.2,15.1,682.9,875.4,True,False,False,False,False,False,True,True,False,1,0,0,0.0,40.2,0.0,15.1,0.0,682.9,0.0,875.4,0.0,0.0,0.0,22.5,0.0,0.0,0.0,10,466352.41,0.0,506.25,0.0,15365.25,1
7.4,0.0,54.3,108.7,36.935,63.7,103.5,1263.0,1331.2,True,False,False,False,False,False,True,False,True,2,0,0,0.0,63.7,0.0,103.5,0.0,1263.0,0.0,1331.2,0.0,36.935,0.0,7.4,0.6801900517485867,36935.0,108.7,360,1595169.0,1364.1942250000002,54.760000000000005,46648.905000000006,9346.2,0
8.0,3125.0,0.0,180.0,19.8,151.8,71.0,990.6,1062.2,True,False,True,False,False,False,False,False,True,3,1,1,0.0,151.8,0.0,71.0,0.0,990.6,0.0,1062.2,0.0,19.8,0.0,8.0,19800.0,0.006335997972480648,180.0,355,981288.3600000001,392.04,64.0,19613.88,7924.8,0
0.0,0.0,0.0,3.0,0.33,15.2,342.0,937.6,1331.4,False,True,True,False,False,False,False,False,True,0,0,0,15.2,0.0,342.0,0.0,937.6,0.0,1331.4,0.0,0.33,0.0,0.0,0.0,330.0,330.0,3.0,332,879093.76,0.10890000000000001,0.0,309.408,0.0,0
29.8,2015.5,50.0,30.0,26.3,109.8,52.5,755.5,875.4,True,False,False,False,False,False,True,True,False,2,0,0,0.0,109.8,0.0,52.5,0.0,755.5,0.0,875.4,0.0,26.3,0.0,29.8,0.5259894802103958,0.013048864773572427,30.0,361,570780.25,691.69,888.0400000000001,19869.65,22513.9,1
0.2,0.0,0.0,0.0,0.0,30.0,207.1,789.5,1164.1,False,True,False,False,True,False,False,False,True,0,0,1,30.0,0.0,207.1,0.0,789.5,0.0,1164.1,0.0,0.0,0.0,0.2,0.0,0.0,0.0,0.0,329,623310.25,0.0,0.04000000000000001,0.0,157.9,1
0.1,350.0,0.0,0.0,0.0,134.6,55.0,924.8,1331.4,False,True,True,False,False,False,False,False,True,0,0,0,134.6,0.0,55.0,0.0,924.8,0.0,1331.4,0.0,0.0,0.0,0.1,0.0,0.0,0.0,0.0,321,855255.0399999999,0.0,0.010000000000000002,0.0,92.48,0
6.2,2419.4,96.8,161.3,62.271,31.0,242.6,1018.6,1062.2,False,True,True,False,False,False,False,False,True,0,0,1,31.0,0.0,242.6,0.0,1018.6,0.0,1062.2,0.0,62.271,0.0,6.2,0.0,0.643288808999907,0.02573818891535549,161.3,346,1037545.9600000001,3877.6774410000003,38.440000000000005,63429.240600000005,6315.320000000001,0
17.4,0.0,57.5,114.9,39.089,66.6,173.4,1106.3,1288.7,False,True,True,False,False,False,False,False,True,0,1,0,66.6,0.0,173.4,0.0,1106.3,0.0,1288.7,0.0,39.089,0.0,17.4,0.0,0.6797968730978592,39089.0,114.9,336,1223899.69,1527.949921,302.75999999999993,43244.16069999999,19249.62,0
3.4,0.0,0.0,119.0,13.09,13.2,123.0,1132.3,1288.7,False,True,True,False,False,False,False,False,True,0,0,0,13.2,0.0,123.0,0.0,1132.3,0.0,1288.7,0.0,13.09,0.0,3.4,0.0,13090.0,13090.0,119.0,347,1282103.2899999998,171.3481,11.559999999999999,14821.806999999999,3849.8199999999997,0
0.1,225.0,0.0,0.0,0.0,50.0,107.2,709.6,1142.3,True,False,False,False,False,False,True,True,False,1,0,0,0.0,50.0,0.0,107.2,0.0,709.6,0.0,1142.3,0.0,0.0,0.0,0.1,0.0,0.0,0.0,330,503532.16000000003,0.0,0.010000000000000002,0.0,70.96000000000001,1
6.3,4000.0,31.7,47.6,19.818,44.7,6.0,1307.7,1331.2,False,True,False,False,False,False,True,False,True,0,0,0,44.7,0.0,6.0,0.0,1307.7,0.0,1331.2,0.0,19.818,0.0,6.3,0.0,0.6251537806378348,0.00495449876137531,47.6,354,1710079.29,392.75312400000007,39.69,25915.998600000003,8238.51,0
10.0,2083.3,45.0,120.0,33.9,66.6,294.1,1245.5,1331.2,False,True,False,False,False,False,True,False,True,0,0,0,66.6,0.0,294.1,0.0,1245.5,0.0,1331.2,0.0,33.9,0.0,10.0,0.0,0.7533165929646007,0.0162722525453595,120.0,2,1551270.25,1149.2099999999998,100.0,42222.45,12455.0,0
1.2,4600.0,0.0,0.0,0.0,31.3,107.2,709.6,1142.3,False,True,False,False,False,False,True,False,True,0,0,0,31.3,0.0,107.2,0.0,709.6,0.0,1142.3,0.0,0.0,0.0,1.2,0.0,0.0,0.0,0.0,329,503532.16000000003,0.0,1.44,0.0,851.52,1
23.0,2750.0,120.0,200.0,77.2,45.0,8.0,925.4,1108.4,False,True,False,False,True,False,False,False,True,0,1,0,45.0,0.0,8.0,0.0,925.4,0.0,1108.4,0.0,77.2,0.0,23.0,0.0,0.6433279722668978,0.02807271706446652,200.0,357,856365.1599999999,5959.84,529.0,71440.88,21284.2,0
4.2,9523.8,47.6,95.2,32.368,49.5,6.0,1307.7,1331.2,False,True,False,False,False,False,True,False,True,0,0,0,49.5,0.0,6.0,0.0,1307.7,0.0,1331.2,0.0,32.368,0.0,4.2,0.0,0.6799857145858281,0.0033986430417855228,95.2,352,1710079.29,1047.6874240000002,17.64,42327.6336,5492.34,0
30.0,0.0,33.3,50.0,20.818,167.6,41.8,931.0,1062.2,False,True,True,False,False,False,False,False,True,0,0,0,167.6,0.0,41.8,0.0,931.0,0.0,1062.2,0.0,20.818,0.0,30.0,0.0,0.6251463920002404,20818.0,50.0,360,866761.0,433.38912400000004,900.0,19381.558,27930.0,0
70.0,2800.0,0.0,0.0,0.0,109.8,52.5,755.5,875.4,False,True,False,False,False,False,True,True,False,0,0,0,109.8,0.0,52.5,0.0,755.5,0.0,875.4,0.0,0.0,0.0,70.0,0.0,0.0,0.0,0.0,361,570780.25,0.0,4900.0,0.0,52885.0,1
0.8,0.0,0.0,0.0,0.0,123.8,21.8,916.4,1331.4,False,True,True,False,False,False,False,False,True,0,0,0,123.8,0.0,21.8,0.0,916.4,0.0,1331.4,0.0,0.0,0.0,0.8,0.0,0.0,0.0,0.0,322,839788.96,0.0,0.6400000000000001,0.0,733.12,0
15.0,3225.8,46.7,0.0,21.482,66.6,294.1,1245.5,1331.2,False,True,False,False,False,False,True,True,False,0,0,0,66.6,0.0,294.1,0.0,1245.5,0.0,1331.2,0.0,21.482,0.0,15.0,0.0,0.45999015010385214,0.006659431254438819,0.0,2,1551270.25,461.476324,225.0,26755.831,18682.5,0
7.0,7142.9,0.0,0.0,0.0,31.0,245.4,1018.2,1062.2,True,False,True,False,False,False,False,False,True,3,0,0,0.0,31.0,0.0,245.4,0.0,1018.2,0.0,1062.2,0.0,0.0,0.0,7.0,0.0,0.0,0.0,344,1036731.2400000001,0.0,49.0,0.0,7127.400000000001,0
0.1,250.0,0.0,0.0,0.0,35.8,225.4,957.0,1331.4,False,True,True,False,False,False,False,False,True,0,0,0,35.8,0.0,225.4,0.0,957.0,0.0,1331.4,0.0,0.0,0.0,0.1,0.0,0.0,0.0,0.0,341,915849.0,0.0,0.010000000000000002,0.0,95.7,0
12.0,5000.0,50.0,83.3,32.163,44.7,6.0,1307.7,1331.2,False,True,False,False,False,False,True,False,True,0,0,0,44.7,0.0,6.0,0.0,1307.7,0.0,1331.2,0.0,32.163,0.0,12.0,0.0,0.6432471350572988,0.006432598713480256,83.3,355,1710079.29,1034.458569,144.0,42059.5551,15692.400000000001,0
0.0,0.0,0.0,0.0,0.0,33.4,363.2,896.2,1105.0,True,False,True,False,False,False,False,False,True,3,0,0,0.0,33.4,0.0,363.2,0.0,896.2,0.0,1105.0,0.0,0.0,0.0,0.0,0.0,0.0,0.0,355,803174.4400000001,0.0,0.0,0.0,0.0,0
14.7,1600.0,95.2,86.0,53.252,140.0,32.2,722.1,844.8,False,True,False,True,False,False,False,True,False,0,0,0,140.0,0.0,32.2,0.0,722.1,0.0,844.8,0.0,53.252,0.0,14.7,0.0,0.5593638722282329,0.0332824791984505,86.0,360,521428.41000000003,2835.775504,216.08999999999997,38453.2692,10614.869999999999,1
0.0,0.0,0.0,0.0,0.0,136.6,2.4,956.2,1105.0,False,True,True,False,False,False,False,False,True,0,0,0,136.6,0.0,2.4,0.0,956.2,0.0,1105.0,0.0,0.0,0.0,0.0,0.0,0.0,0.0,0.0,341,914318.4400000001,0.0,0.0,0.0,0.0,0
0.0,0.0,0.0,0.0,0.0,141.1,344.2,927.9,1089.9,True,False,False,True,False,False,False,False,True,2,0,0,0.0,141.1,0.0,344.2,0.0,927.9,0.0,1089.9,0.0,0.0,0.0,0.0,0.0,0.0,0.0,364,860998.4099999999,0.0,0.0,0.0,0.0,0
0.4,0.0,0.0,0.0,0.0,21.2,342.4,931.2,1331.4,False,True,True,False,False,False,False,False,True,0,0,0,21.2,0.0,342.4,0.0,931.2,0.0,1331.4,0.0,0.0,0.0,0.4,0.0,0.0,0.0,0.0,331,867133.4400000001,0.0,0.16000000000000003,0.0,372.48,0
0.2,0.0,0.0,0.0,0.0,63.9,342.6,927.9,1089.9,True,False,False,True,False,False,False,False,True,1,0,0,0.0,63.9,0.0,342.6,0.0,927.9,0.0,1089.9,0.0,0.0,0.0,0.2,0.0,0.0,0.0,363,860998.4099999999,0.0,0.04000000000000001,0.0,185.58,0
15.8,0.0,0.0,63.3,6.963,154.0,53.8,978.6,1062.2,False,True,True,False,False,False,False,False,True,0,0,0,154.0,0.0,53.8,0.0,978.6,0.0,1062.2,0.0,6.963,0.0,15.8,0.0,6963.0,6963.0,63.3,356,957657.9600000001,48.483369,249.64000000000001,6813.9918,15461.880000000001,0
9.3,2145.9,0.0,107.3,11.803,169.0,40.6,926.6,1062.2,True,False,True,False,False,False,False,False,True,1,1,1,0.0,169.0,0.0,40.6,0.0,926.6,0.0,1062.2,0.0,11.803,0.0,9.3,11803.0,0.005500253739571396,107.3,362,858587.56,139.310809,86.49000000000001,10936.659800000001,8617.380000000001,0
0.1,0.0,0.0,0.0,0.0,17.6,191.0,982.8,1105.0,True,False,True,False,False,False,False,False,True,3,0,0,0.0,17.6,0.0,191.0,0.0,982.8,0.0,1105.0,0.0,0.0,0.0,0.1,0.0,0.0,0.0,318,965895.84,0.0,0.010000000000000002,0.0,98.28,0
0.2,0.0,0.0,0.0,0.0,56.7,259.0,802.0,939.0,False,True,False,False,False,False,True,True,False,0,0,0,56.7,0.0,259.0,0.0,802.0,0.0,939.0,0.0,0.0,0.0,0.2,0.0,0.0,0.0,0.0,361,643204.0,0.0,0.04000000000000001,0.0,160.4,1
0.2,3000.0,0.0,0.0,0.0,79.6,46.0,861.2,939.0,True,False,False,False,False,False,True,False,True,4,0,0,0.0,79.6,0.0,46.0,0.0,861.2,0.0,939.0,0.0,0.0,0.0,0.2,0.0,0.0,0.0,339,741665.4400000001,0.0,0.04000000000000001,0.0,172.24,0
0.1,0.0,0.0,0.0,0.0,83.2,67.3,946.1,1089.9,True,False,False,True,False,False,False,False,True,2,0,0,0.0,83.2,0.0,67.3,0.0,946.1,0.0,1089.9,0.0,0.0,0.0,0.1,0.0,0.0,0.0,344,895105.2100000001,0.0,0.010000000000000002,0.0,94.61000000000001,0
0.1,0.0,0.0,0.0,0.0,66.8,43.7,861.2,939.0,True,False,False,False,False,False,True,True,False,2,0,0,0.0,66.8,0.0,43.7,0.0,861.2,0.0,939.0,0.0,0.0,0.0,0.1,0.0,0.0,0.0,340,741665.4400000001,0.0,0.010000000000000002,0.0,86.12,0
0.3,0.0,0.0,0.0,0.0,23.4,22.8,848.2,1227.0,False,True,False,True,False,False,False,False,True,0,0,0,23.4,0.0,22.8,0.0,848.2,0.0,1227.0,0.0,0.0,0.0,0.3,0.0,0.0,0.0,0.0,346,719443.2400000001,0.0,0.09,0.0,254.46,0
0.1,0.0,0.0,0.0,0.0,83.5,6.5,718.8,801.7,True,False,False,False,True,False,False,False,True,1,0,0,0.0,83.5,0.0,6.5,0.0,718.8,0.0,801.7,0.0,0.0,0.0,0.1,0.0,0.0,0.0,344,516673.43999999994,0.0,0.010000000000000002,0.0,71.88,1
0.1,0.0,0.0,0.0,0.0,135.0,143.8,915.0,1331.4,True,False,True,False,False,False,False,False,True,1,0,0,0.0,135.0,0.0,143.8,0.0,915.0,0.0,1331.4,0.0,0.0,0.0,0.1,0.0,0.0,0.0,319,837225.0,0.0,0.010000000000000002,0.0,91.5,0
0.4,0.0,0.0,0.0,0.0,70.1,169.2,761.1,1227.0,False,True,False,True,False,False,False,False,True,0,0,0,70.1,0.0,169.2,0.0,761.1,0.0,1227.0,0.0,0.0,0.0,0.4,0.0,0.0,0.0,0.0,332,579273.2100000001,0.0,0.16000000000000003,0.0,304.44,1
0.1,0.0,0.0,0.0,0.0,31.7,135.5,773.4,1142.3,False,True,False,False,False,False,True,False,True,0,0,0,31.7,0.0,135.5,0.0,773.4,0.0,1142.3,0.0,0.0,0.0,0.1,0.0,0.0,0.0,0.0,338,598147.5599999999,0.0,0.010000000000000002,0.0,77.34,1
7.0,5000.0,71.4,0.0,32.844,44.2,0.0,591.3,806.1,False,True,False,False,True,False,False,False,True,0,1,0,44.2,0.0,0.0,0.0,591.3,0.0,806.1,0.0,32.844,0.0,7.0,0.0,0.45999355751320004,0.006568798686240262,0.0,9,349635.68999999994,1078.7283360000001,49.0,19420.657199999998,4139.099999999999,1
0.5,0.0,0.0,0.0,0.0,20.4,164.9,929.1,1089.9,False,True,False,True,False,False,False,False,True,0,0,0,20.4,0.0,164.9,0.0,929.1,0.0,1089.9,0.0,0.0,0.0,0.5,0.0,0.0,0.0,0.0,353,863226.81,0.0,0.25,0.0,464.55,0
20.0,0.0,0.0,100.0,11.0,228.6,8.6,825.0,1062.2,False,True,True,False,False,False,False,False,True,0,1,1,228.6,0.0,8.6,0.0,825.0,0.0,1062.2,0.0,11.0,0.0,20.0,0.0,11000.0,11000.0,100.0,2,680625.0,121.0,400.0,9075.0,16500.0,0
0.3,0.0,0.0,0.0,0.0,32.8,245.1,804.5,939.0,False,True,False,False,False,False,True,True,False,0,0,0,32.8,0.0,245.1,0.0,804.5,0.0,939.0,0.0,0.0,0.0,0.3,0.0,0.0,0.0,0.0,352,647220.25,0.0,0.09,0.0,241.35,0
0.1,0.0,0.0,0.0,0.0,36.6,21.4,1006.0,1331.4,False,True,True,False,False,False,False,False,True,0,0,0,36.6,0.0,21.4,0.0,1006.0,0.0,1331.4,0.0,0.0,0.0,0.1,0.0,0.0,0.0,0.0,345,1012036.0,0.0,0.010000000000000002,0.0,100.60000000000001,0
0.0,100.0,0.0,0.0,0.0,90.6,105.0,967.8,1331.4,False,True,True,False,False,False,False,False,True,0,0,0,90.6,0.0,105.0,0.0,967.8,0.0,1331.4,0.0,0.0,0.0,0.0,0.0,0.0,0.0,0.0,2,936636.84,0.0,0.0,0.0,0.0,0
10.0,4166.7,50.0,0.0,23.0,30.8,137.6,1091.3,1288.7,False,True,True,False,False,False,False,False,True,0,0,0,30.8,0.0,137.6,0.0,1091.3,0.0,1288.7,0.0,23.0,0.0,10.0,0.0,0.45999080018399635,0.005519954515574792,0.0,338,1190935.69,529.0,100.0,25099.899999999998,10913.0,0
0.1,0.0,0.0,0.0,0.0,77.6,67.4,960.4,1089.9,True,False,False,True,False,False,False,False,True,2,0,0,0.0,77.6,0.0,67.4,0.0,960.4,0.0,1089.9,0.0,0.0,0.0,0.1,0.0,0.0,0.0,341,922368.1599999999,0.0,0.010000000000000002,0.0,96.04,0
10.0,3000.0,0.0,70.0,7.7,165.6,53.8,962.4,1062.2,False,True,True,False,False,False,False,False,True,0,0,0,165.6,0.0,53.8,0.0,962.4,0.0,1062.2,0.0,7.7,0.0,10.0,0.0,7700.0,0.002566665811111396,70.0,357,926213.76,59.290000000000006,100.0,7410.48,9624.0,0
6.0,0.0,50.0,0.0,23.0,176.6,239.7,1078.7,1288.7,False,True,True,False,False,False,False,False,True,0,1,0,176.6,0.0,239.7,0.0,1078.7,0.0,1288.7,0.0,23.0,0.0,6.0,0.0,0.45999080018399635,23000.0,0.0,3,1163593.6900000002,529.0,36.0,24810.100000000002,6472.200000000001,0
0.1,350.0,0.0,0.0,0.0,52.8,50.6,981.0,1331.4,True,False,True,False,False,False,False,False,True,1,0,0,0.0,52.8,0.0,50.6,0.0,981.0,0.0,1331.4,0.0,0.0,0.0,0.1,0.0,0.0,0.0,362,962361.0,0.0,0.010000000000000002,0.0,98.10000000000001,0
0.1,0.0,0.0,0.0,0.0,131.4,1.8,982.4,1105.0,True,False,True,False,False,False,False,False,True,2,1,0,0.0,131.4,0.0,1.8,0.0,982.4,0.0,1105.0,0.0,0.0,0.0,0.1,0.0,0.0,0.0,338,965109.76,0.0,0.010000000000000002,0.0,98.24000000000001,0
13.2,1893.9,0.0,0.0,0.0,42.9,1.3,658.6,844.8,False,True,False,True,False,False,False,False,True,0,0,0,42.9,0.0,1.3,0.0,658.6,0.0,844.8,0.0,0.0,0.0,13.2,0.0,0.0,0.0,0.0,7,433753.96,0.0,174.23999999999998,0.0,8693.52,1
0.3,0.0,0.0,0.0,0.0,18.2,201.4,739.4,900.1,True,False,False,False,False,True,False,True,False,2,0,0,0.0,18.2,0.0,201.4,0.0,739.4,0.0,900.1,0.0,0.0,0.0,0.3,0.0,0.0,0.0,355,546712.36,0.0,0.09,0.0,221.82,1
8.6,3472.2,57.9,57.9,33.003,13.0,430.7,1308.7,1331.2,True,False,False,False,False,False,True,True,False,1,0,0,0.0,13.0,0.0,430.7,0.0,1308.7,0.0,1331.2,0.0,33.003,0.0,8.6,0.5699901556104385,0.009504922094083839,57.9,337,1712695.6900000002,1089.198009,73.96,43191.0261,11254.82,0
6.0,4166.7,66.7,100.0,41.682,44.7,6.0,1307.7,1331.2,True,False,False,False,False,False,True,True,False,1,0,0,0.0,44.7,0.0,6.0,0.0,1307.7,0.0,1331.2,0.0,41.682,0.0,6.0,0.6249081722912699,0.01000359757035602,100.0,355,1710079.29,1737.3891240000003,36.0,54507.551400000004,7846.200000000001,0
0.1,0.0,0.0,0.0,0.0,31.6,370.4,894.2,1105.0,False,True,True,False,False,False,False,False,True,0,0,0,31.6,0.0,370.4,0.0,894.2,0.0,1105.0,0.0,0.0,0.0,0.1,0.0,0.0,0.0,0.0,360,799593.6400000001,0.0,0.010000000000000002,0.0,89.42000000000002,0
0.3,1000.0,15.0,0.0,6.9,59.6,197.6,789.0,1180.0,False,True,False,False,False,True,False,False,True,0,0,0,59.6,0.0,197.6,0.0,789.0,0.0,1180.0,0.0,6.9,0.0,0.3,0.0,0.4599693353776415,0.0068999931000069,0.0,338,622521.0,47.61000000000001,0.09,5444.1,236.7,1
0.4,1500.0,0.0,0.0,0.0,187.6,30.5,727.8,1227.0,False,True,False,True,False,False,False,False,True,0,0,0,187.6,0.0,30.5,0.0,727.8,0.0,1227.0,0.0,0.0,0.0,0.4,0.0,0.0,0.0,0.0,323,529692.84,0.0,0.16000000000000003,0.0,291.12,1
10.0,3500.0,100.0,150.0,62.5,28.2,210.0,1144.3,1288.7,False,True,True,False,False,False,False,True,False,0,0,0,28.2,0.0,210.0,0.0,1144.3,0.0,1288.7,0.0,62.5,0.0,10.0,0.0,0.6249937500624994,0.0178571377551035,150.0,340,1309422.49,3906.25,100.0,71518.75,11443.0,0
1.1,4166.7,47.6,0.0,21.896,117.0,267.6,1173.3,1288.7,False,True,True,False,False,False,False,False,True,0,0,0,117.0,0.0,267.6,0.0,1173.3,0.0,1288.7,0.0,21.896,0.0,1.1,0.0,0.45999033633747194,0.0052549966988272015,0.0,327,1376632.89,479.434816,1.2100000000000002,25690.5768,1290.63,0
0.5,500.0,0.0,0.0,0.0,159.8,161.0,743.0,1227.0,False,True,False,True,False,False,False,False,True,0,0,1,159.8,0.0,161.0,0.0,743.0,0.0,1227.0,0.0,0.0,0.0,0.5,0.0,0.0,0.0,0.0,317,552049.0,0.0,0.25,0.0,371.5,1
20.0,1250.0,50.0,0.0,23.0,170.4,5.4,824.4,1062.2,False,True,True,False,False,False,False,False,True,0,0,0,170.4,0.0,5.4,0.0,824.4,0.0,1062.2,0.0,23.0,0.0,20.0,0.0,0.45999080018399635,0.018399985280011775,0.0,5,679635.36,529.0,400.0,18961.2,16488.0,0
0.2,0.0,0.0,0.0,0.0,79.6,34.8,861.2,939.0,True,False,False,False,False,False,True,True,False,4,1,1,0.0,79.6,0.0,34.8,0.0,861.2,0.0,939.0,0.0,0.0,0.0,0.2,0.0,0.0,0.0,338,741665.4400000001,0.0,0.04000000000000001,0.0,172.24,0
1.0,0.0,123.0,0.0,56.58,202.2,137.2,702.3,1227.0,False,True,False,True,False,False,False,False,True,0,0,0,202.2,0.0,137.2,0.0,702.3,0.0,1227.0,0.0,56.58,0.0,1.0,0.0,0.45999626019300655,56580.0,0.0,320,493225.2899999999,3201.2963999999997,1.0,39736.134,702.3,1
0.6,0.0,0.0,0.0,0.0,40.9,68.0,746.6,900.1,False,True,False,False,False,True,False,True,False,0,0,0,40.9,0.0,68.0,0.0,746.6,0.0,900.1,0.0,0.0,0.0,0.6,0.0,0.0,0.0,0.0,346,557411.56,0.0,0.36,0.0,447.96,1
0.2,0.0,0.0,0.0,0.0,53.2,118.0,716.3,801.7,True,False,False,False,True,False,False,False,True,1,1,0,0.0,53.2,0.0,118.0,0.0,716.3,0.0,801.7,0.0,0.0,0.0,0.2,0.0,0.0,0.0,347,513085.68999999994,0.0,0.04000000000000001,0.0,143.26,1
0.4,1500.0,41.0,15.0,20.51,79.2,235.2,929.0,1331.4,False,True,True,False,False,False,False,False,True,0,0,1,79.2,0.0,235.2,0.0,929.0,0.0,1331.4,0.0,20.51,0.0,0.4,0.0,0.5002317016658131,0.013673324217783856,15.0,328,863041.0,420.66010000000006,0.16000000000000003,19053.79,371.6,0
70.0,4000.0,35.7,42.9,21.141,68.0,101.7,910.4,1108.4,True,False,False,False,True,False,False,False,True,1,1,0,0.0,68.0,0.0,101.7,0.0,910.4,0.0,1108.4,0.0,21.141,0.0,70.0,0.5921682866026161,0.005285248678687829,42.9,335,828828.1599999999,446.9418809999999,4900.0,19246.766399999997,63728.0,0
30.0,2833.3,0.0,0.0,0.0,96.0,72.8,990.6,1062.2,False,True,True,False,False,False,False,False,True,0,1,1,96.0,0.0,72.8,0.0,990.6,0.0,1062.2,0.0,0.0,0.0,30.0,0.0,0.0,0.0,0.0,354,981288.3600000001,0.0,900.0,0.0,29718.0,0
0.2,0.0,0.0,0.0,0.0,81.9,29.9,1015.7,1089.9,True,False,False,True,False,False,False,False,True,1,0,0,0.0,81.9,0.0,29.9,0.0,1015.7,0.0,1089.9,0.0,0.0,0.0,0.2,0.0,0.0,0.0,335,1031646.4900000001,0.0,0.04000000000000001,0.0,203.14000000000001,0
0.2,0.0,0.0,0.0,0.0,131.0,2.4,962.2,1105.0,True,False,True,False,False,False,False,False,True,1,0,0,0.0,131.0,0.0,2.4,0.0,962.2,0.0,1105.0,0.0,0.0,0.0,0.2,0.0,0.0,0.0,339,925828.8400000001,0.0,0.04000000000000001,0.0,192.44000000000003,0
0.1,0.0,0.0,0.0,0.0,63.9,342.6,927.9,1089.9,True,False,False,True,False,False,False,True,False,1,0,0,0.0,63.9,0.0,342.6,0.0,927.9,0.0,1089.9,0.0,0.0,0.0,0.1,0.0,0.0,0.0,363,860998.4099999999,0.0,0.010000000000000002,0.0,92.79,0
0.5,0.0,0.0,0.0,0.0,20.5,133.9,929.1,1089.9,False,True,False,True,False,False,False,False,True,0,0,0,20.5,0.0,133.9,0.0,929.1,0.0,1089.9,0.0,0.0,0.0,0.5,0.0,0.0,0.0,0.0,352,863226.81,0.0,0.25,0.0,464.55,0
0.2,0.0,0.0,0.0,0.0,123.8,139.7,785.9,1227.0,False,True,False,True,False,False,False,False,True,0,0,0,123.8,0.0,139.7,0.0,785.9,0.0,1227.0,0.0,0.0,0.0,0.2,0.0,0.0,0.0,0.0,327,617638.8099999999,0.0,0.04000000000000001,0.0,157.18,1
0.2,0.0,0.0,0.0,0.0,11.6,327.2,944.2,1331.4,True,False,True,False,False,False,False,False,True,4,0,1,0.0,11.6,0.0,327.2,0.0,944.2,0.0,1331.4,0.0,0.0,0.0,0.2,0.0,0.0,0.0,335,891513.6400000001,0.0,0.04000000000000001,0.0,188.84000000000003,0
64.7,3477.6,49.5,0.0,22.77,95.1,16.3,714.2,875.4,True,False,False,False,False,False,True,True,False,2,0,0,0.0,95.1,0.0,16.3,0.0,714.2,0.0,875.4,0.0,22.77,0.0,64.7,0.4599907072584392,0.006547617164821381,0.0,2,510081.6400000001,518.4729,4186.09,16262.334,46208.740000000005,1
7.6,3968.3,66.1,0.0,30.406,167.6,41.8,931.0,1062.2,False,True,True,False,False,False,False,False,True,0,0,0,167.6,0.0,41.8,0.0,931.0,0.0,1062.2,0.0,30.406,0.0,7.6,0.0,0.4599930409524818,0.007662221187354486,0.0,360,866761.0,924.5248359999999,57.76,28307.985999999997,7075.599999999999,0
13.0,0.0,0.0,0.0,0.0,144.8,43.8,857.2,1062.2,True,False,True,False,False,False,False,False,True,1,0,0,0.0,144.8,0.0,43.8,0.0,857.2,0.0,1062.2,0.0,0.0,0.0,13.0,0.0,0.0,0.0,365,734791.8400000001,0.0,169.0,0.0,11143.6,0
12.9,0.0,0.0,0.0,0.0,91.6,71.4,1021.0,1062.2,False,True,True,False,False,False,False,False,True,0,1,1,91.6,0.0,71.4,0.0,1021.0,0.0,1062.2,0.0,0.0,0.0,12.9,0.0,0.0,0.0,0.0,351,1042441.0,0.0,166.41,0.0,13170.9,0
8.1,2222.2,0.0,0.0,0.0,50.1,15.1,714.2,875.4,True,False,False,False,False,False,True,True,False,2,0,0,0.0,50.1,0.0,15.1,0.0,714.2,0.0,875.4,0.0,0.0,0.0,8.1,0.0,0.0,0.0,5,510081.6400000001,0.0,65.61,0.0,5785.02,1
17.0,0.0,88.2,0.0,40.572,70.0,55.2,788.2,806.1,False,True,False,False,True,False,False,False,True,0,1,0,70.0,0.0,55.2,0.0,788.2,0.0,806.1,0.0,40.572,0.0,17.0,0.0,0.45999478463962995,40572.0,0.0,354,621259.2400000001,1646.0871840000002,289.0,31978.850400000003,13399.400000000001,1
0.1,0.0,0.0,0.0,0.0,92.2,26.2,1015.7,1089.9,False,True,False,True,False,False,False,False,True,0,0,0,92.2,0.0,26.2,0.0,1015.7,0.0,1089.9,0.0,0.0,0.0,0.1,0.0,0.0,0.0,0.0,336,1031646.4900000001,0.0,0.010000000000000002,0.0,101.57000000000001,0
0.0,0.0,0.0,0.0,0.0,132.2,3.0,1036.8,1105.0,True,False,True,False,False,False,False,False,True,1,0,0,0.0,132.2,0.0,3.0,0.0,1036.8,0.0,1105.0,0.0,0.0,0.0,0.0,0.0,0.0,0.0,336,1074954.24,0.0,0.0,0.0,0.0,0
0.2,0.0,0.0,0.0,0.0,163.1,60.3,642.0,939.0,True,False,False,False,False,False,True,True,False,2,0,0,0.0,163.1,0.0,60.3,0.0,642.0,0.0,939.0,0.0,0.0,0.0,0.2,0.0,0.0,0.0,10,412164.0,0.0,0.04000000000000001,0.0,128.4,1
23.0,4347.8,0.0,0.0,0.0,14.7,246.4,1209.5,1320.5,False,True,False,True,False,False,False,False,True,0,0,0,14.7,0.0,246.4,0.0,1209.5,0.0,1320.5,0.0,0.0,0.0,23.0,0.0,0.0,0.0,0.0,343,1462890.25,0.0,529.0,0.0,27818.5,0
0.1,500.0,0.0,0.0,0.0,23.4,22.8,848.2,1227.0,True,False,False,True,False,False,False,False,True,1,0,1,0.0,23.4,0.0,22.8,0.0,848.2,0.0,1227.0,0.0,0.0,0.0,0.1,0.0,0.0,0.0,346,719443.2400000001,0.0,0.010000000000000002,0.0,84.82000000000001,0
6.8,4977.9,44.2,0.0,20.332,49.7,6.5,1307.7,1331.2,False,True,False,False,False,False,True,True,False,0,0,0,49.7,0.0,6.5,0.0,1307.7,0.0,1331.2,0.0,20.332,0.0,6.8,0.0,0.4599895929956336,0.0040844524629959494,0.0,356,1710079.29,413.39022400000005,46.239999999999995,26588.156400000003,8892.36,0
30.7,1666.7,117.1,201.7,76.053,34.0,153.0,947.9,1108.4,False,True,False,False,True,False,False,False,True,0,1,0,34.0,0.0,153.0,0.0,947.9,0.0,1108.4,0.0,76.053,0.0,30.7,0.0,0.6494649917592505,0.04563086000428391,201.7,342,898514.4099999999,5784.058808999999,942.49,72090.6387,29100.53,0
10.0,1666.7,0.0,0.0,0.0,35.5,55.4,907.4,1108.4,True,False,False,False,True,False,False,False,True,1,0,0,0.0,35.5,0.0,55.4,0.0,907.4,0.0,1108.4,0.0,0.0,0.0,10.0,0.0,0.0,0.0,338,823374.76,0.0,100.0,0.0,9074.0,0
16.0,4687.5,62.5,93.8,39.068,0.0,405.3,836.5,875.4,True,False,False,False,False,False,True,True,False,1,0,0,0.0,0.0,0.0,405.3,0.0,836.5,0.0,875.4,0.0,39.068,0.0,16.0,0.62507799875202,0.008334504888638957,93.8,338,699732.25,1526.3086239999998,256.0,32680.381999999998,13384.0,0
30.0,3125.0,0.0,33.3,3.663,111.3,280.0,1258.0,1331.2,False,True,False,False,False,False,True,False,True,0,0,0,111.3,0.0,280.0,0.0,1258.0,0.0,1331.2,0.0,3.663,0.0,30.0,0.0,3662.9999999999995,0.0011721596249089198,33.3,364,1582564.0,13.417568999999999,900.0,4608.054,37740.0,0
7.7,3000.0,52.3,65.4,31.252,28.4,146.4,1144.9,1288.7,True,False,True,False,False,False,False,False,True,1,0,0,0.0,28.4,0.0,146.4,0.0,1144.9,0.0,1288.7,0.0,31.252,0.0,7.7,0.5975411560008413,0.010417329860890044,65.4,342,1310796.0100000002,976.6875039999999,59.290000000000006,35780.4148,8815.730000000001,0
40.0,2500.0,25.0,75.0,19.75,66.7,280.0,1263.0,1331.2,False,True,False,False,False,False,True,True,False,0,0,0,66.7,0.0,280.0,0.0,1263.0,0.0,1331.2,0.0,19.75,0.0,40.0,0.0,0.7899684012639494,0.007899996840001264,75.0,362,1595169.0,390.0625,1600.0,24944.25,50520.0,0
0.1,0.0,0.0,0.0,0.0,32.3,112.5,946.0,1089.9,True,False,False,True,False,False,False,False,True,2,0,0,0.0,32.3,0.0,112.5,0.0,946.0,0.0,1089.9,0.0,0.0,0.0,0.1,0.0,0.0,0.0,348,894916.0,0.0,0.010000000000000002,0.0,94.60000000000001,0
0.4,0.0,0.0,0.0,0.0,20.5,114.4,931.0,1089.9,True,False,False,True,False,False,False,False,True,1,0,0,0.0,20.5,0.0,114.4,0.0,931.0,0.0,1089.9,0.0,0.0,0.0,0.4,0.0,0.0,0.0,351,866761.0,0.0,0.16000000000000003,0.0,372.40000000000003,0
15.0,0.0,23.3,36.7,14.755,208.4,6.8,706.4,1062.2,False,True,True,False,False,False,False,False,True,0,0,0,208.4,0.0,6.8,0.0,706.4,0.0,1062.2,0.0,14.755,0.0,15.0,0.0,0.6332346251233852,14755.0,36.7,14,499000.95999999996,217.71002500000003,225.0,10422.932,10596.0,1
0.1,0.0,0.0,0.0,0.0,104.2,12.8,1056.8,1105.0,True,False,True,False,False,False,False,False,True,3,0,0,0.0,104.2,0.0,12.8,0.0,1056.8,0.0,1105.0,0.0,0.0,0.0,0.1,0.0,0.0,0.0,331,1116826.24,0.0,0.010000000000000002,0.0,105.68,0
4.3,3571.4,0.0,0.0,0.0,8.4,219.4,991.4,1288.7,False,True,True,False,False,False,False,False,True,0,0,0,8.4,0.0,219.4,0.0,991.4,0.0,1288.7,0.0,0.0,0.0,4.3,0.0,0.0,0.0,0.0,310,982873.96,0.0,18.49,0.0,4263.0199999999995,0
0.5,0.0,0.0,0.0,0.0,16.9,12.0,897.8,1164.1,False,True,False,False,True,False,False,False,True,0,0,0,16.9,0.0,12.0,0.0,897.8,0.0,1164.1,0.0,0.0,0.0,0.5,0.0,0.0,0.0,0.0,357,806044.84,0.0,0.25,0.0,448.9,0
5.0,2400.0,40.0,0.0,18.4,70.0,45.9,788.2,806.1,True,False,False,False,True,False,False,True,False,4,1,1,0.0,70.0,0.0,45.9,0.0,788.2,0.0,806.1,0.0,18.4,0.0,5.0,0.45998850028749283,0.007666663472223552,0.0,352,621259.2400000001,338.55999999999995,25.0,14502.88,3941.0,1
7.0,0.0,0.0,0.0,0.0,162.6,45.0,870.8,1062.2,True,False,True,False,False,False,False,False,True,1,0,0,0.0,162.6,0.0,45.0,0.0,870.8,0.0,1062.2,0.0,0.0,0.0,7.0,0.0,0.0,0.0,363,758292.6399999999,0.0,49.0,0.0,6095.599999999999,0
47.2,2500.0,63.6,148.3,45.569,66.6,294.1,1245.5,1331.2,False,True,False,False,False,False,True,True,False,0,0,0,66.6,0.0,294.1,0.0,1245.5,0.0,1331.2,0.0,45.569,0.0,47.2,0.0,0.7164824452445717,0.018227592708962917,148.3,2,1551270.25,2076.533761,2227.84,56756.1895,58787.600000000006,0
9.8,0.0,30.7,51.1,19.743,17.8,179.0,1325.5,1331.2,False,True,False,False,False,False,True,False,True,0,0,0,17.8,0.0,179.0,0.0,1325.5,0.0,1331.2,0.0,19.743,0.0,9.8,0.0,0.643073515520667,19742.999999999996,51.1,342,1756950.25,389.78604899999993,96.04000000000002,26169.3465,12989.900000000001,0
13.0,1666.7,0.0,230.8,25.388,124.4,179.6,1108.3,1288.7,False,True,True,False,False,False,False,False,True,0,0,0,124.4,0.0,179.6,0.0,1108.3,0.0,1288.7,0.0,25.388,0.0,13.0,0.0,25388.0,0.015232486210784059,230.8,331,1228328.89,644.5505440000001,169.0,28137.5204,14407.9,0
0.1,0.0,0.0,0.0,0.0,45.2,15.4,1010.8,1331.4,True,False,True,False,False,False,False,False,True,3,0,1,0.0,45.2,0.0,15.4,0.0,1010.8,0.0,1331.4,0.0,0.0,0.0,0.1,0.0,0.0,0.0,347,1021716.6399999999,0.0,0.010000000000000002,0.0,101.08,0
10.0,4000.0,0.0,0.0,0.0,154.0,53.8,978.6,1062.2,True,False,True,False,False,False,False,False,True,1,1,0,0.0,154.0,0.0,53.8,0.0,978.6,0.0,1062.2,0.0,0.0,0.0,10.0,0.0,0.0,0.0,356,957657.9600000001,0.0,100.0,0.0,9786.0,0
0.4,1000.0,0.0,0.0,0.0,35.8,225.4,957.0,1331.4,False,True,True,False,False,False,False,False,True,0,0,0,35.8,0.0,225.4,0.0,957.0,0.0,1331.4,0.0,0.0,0.0,0.4,0.0,0.0,0.0,0.0,341,915849.0,0.0,0.16000000000000003,0.0,382.8,0
0.1,0.0,0.0,0.0,0.0,36.6,21.4,1006.0,1331.4,True,False,True,False,False,False,False,False,True,3,0,1,0.0,36.6,0.0,21.4,0.0,1006.0,0.0,1331.4,0.0,0.0,0.0,0.1,0.0,0.0,0.0,345,1012036.0,0.0,0.010000000000000002,0.0,100.60000000000001,0
15.0,3333.3,0.0,0.0,0.0,131.4,34.1,737.4,844.8,False,True,False,True,False,False,False,False,True,0,0,0,131.4,0.0,34.1,0.0,737.4,0.0,844.8,0.0,0.0,0.0,15.0,0.0,0.0,0.0,0.0,357,543758.76,0.0,225.0,0.0,11061.0,1
0.3,0.0,0.0,0.0,0.0,84.4,63.5,973.3,1089.9,True,False,False,True,False,False,False,False,True,1,0,0,0.0,84.4,0.0,63.5,0.0,973.3,0.0,1089.9,0.0,0.0,0.0,0.3,0.0,0.0,0.0,339,947312.8899999999,0.0,0.09,0.0,291.98999999999995,0
0.2,0.0,0.0,0.0,0.0,21.2,342.4,931.2,1331.4,True,False,True,False,False,False,False,False,True,1,0,0,0.0,21.2,0.0,342.4,0.0,931.2,0.0,1331.4,0.0,0.0,0.0,0.2,0.0,0.0,0.0,331,867133.4400000001,0.0,0.04000000000000001,0.0,186.24,0
0.0,200.0,0.0,0.0,0.0,33.3,107.2,719.1,1142.3,True,False,False,False,False,False,True,True,False,1,0,1,0.0,33.3,0.0,107.2,0.0,719.1,0.0,1142.3,0.0,0.0,0.0,0.0,0.0,0.0,0.0,332,517104.81000000006,0.0,0.0,0.0,0.0,1
0.5,2400.0,0.0,0.0,0.0,44.6,32.7,675.5,1142.3,False,True,False,False,False,False,True,False,True,0,0,0,44.6,0.0,32.7,0.0,675.5,0.0,1142.3,0.0,0.0,0.0,0.5,0.0,0.0,0.0,0.0,322,456300.25,0.0,0.25,0.0,337.75,1
30.3,2475.2,0.0,66.0,7.26,140.0,32.2,727.92,844.8,True,False,False,True,False,False,False,False,True,1,0,1,0.0,140.0,0.0,32.2,0.0,727.92,0.0,844.8,0.0,7.26,0.0,30.3,7260.0,0.002933095130456072,66.0,358,529867.5264,52.7076,918.09,5284.699199999999,22055.976,1
0.1,400.0,0.0,0.0,0.0,31.7,107.9,778.4,1142.3,True,False,False,False,False,False,True,False,True,1,1,0,0.0,31.7,0.0,107.9,0.0,778.4,0.0,1142.3,0.0,0.0,0.0,0.1,0.0,0.0,0.0,340,605906.5599999999,0.0,0.010000000000000002,0.0,77.84,1
0.1,0.0,0.0,0.0,0.0,132.2,3.0,1036.8,1105.0,True,False,True,False,False,False,False,False,True,4,0,0,0.0,132.2,0.0,3.0,0.0,1036.8,0.0,1105.0,0.0,0.0,0.0,0.1,0.0,0.0,0.0,336,1074954.24,0.0,0.010000000000000002,0.0,103.68,0
0.1,0.0,0.0,0.0,0.0,69.4,130.0,928.8,1105.0,False,True,True,False,False,False,False,False,True,0,0,0,69.4,0.0,130.0,0.0,928.8,0.0,1105.0,0.0,0.0,0.0,0.1,0.0,0.0,0.0,0.0,347,862669.44,0.0,0.010000000000000002,0.0,92.88,0
10.0,2750.0,0.0,0.0,0.0,138.0,119.9,958.9,1108.4,True,False,False,False,True,False,False,False,True,1,0,0,0.0,138.0,0.0,119.9,0.0,958.9,0.0,1108.4,0.0,0.0,0.0,10.0,0.0,0.0,0.0,327,919489.21,0.0,100.0,0.0,9589.0,0
0.1,300.0,0.0,0.0,0.0,55.6,15.4,1024.6,1331.4,True,False,True,False,False,False,False,True,False,4,0,1,0.0,55.6,0.0,15.4,0.0,1024.6,0.0,1331.4,0.0,0.0,0.0,0.1,0.0,0.0,0.0,348,1049805.16,0.0,0.010000000000000002,0.0,102.46,0
0.1,0.0,0.0,0.0,0.0,32.8,216.1,804.5,939.0,True,False,False,False,False,False,True,True,False,2,0,0,0.0,32.8,0.0,216.1,0.0,804.5,0.0,939.0,0.0,0.0,0.0,0.1,0.0,0.0,0.0,351,647220.25,0.0,0.010000000000000002,0.0,80.45,0
7.5,1066.7,0.0,0.0,0.0,50.5,0.0,590.3,806.1,True,False,False,False,True,False,False,False,True,1,0,1,0.0,50.5,0.0,0.0,0.0,590.3,0.0,806.1,0.0,0.0,0.0,7.5,0.0,0.0,0.0,10,348454.08999999997,0.0,56.25,0.0,4427.25,1
0.1,700.0,0.0,0.0,0.0,104.4,21.0,914.6,1331.4,True,False,True,False,False,False,False,False,True,3,0,1,0.0,104.4,0.0,21.0,0.0,914.6,0.0,1331.4,0.0,0.0,0.0,0.1,0.0,0.0,0.0,323,836493.16,0.0,0.010000000000000002,0.0,91.46000000000001,0
0.2,0.0,0.0,0.0,0.0,104.2,304.0,894.0,1105.0,False,True,True,False,False,False,False,False,True,0,1,1,104.2,0.0,304.0,0.0,894.0,0.0,1105.0,0.0,0.0,0.0,0.2,0.0,0.0,0.0,0.0,364,799236.0,0.0,0.04000000000000001,0.0,178.8,0
9.5,0.0,0.0,0.0,0.0,28.4,148.2,1137.1,1288.7,True,False,True,False,False,False,False,False,True,1,0,0,0.0,28.4,0.0,148.2,0.0,1137.1,0.0,1288.7,0.0,0.0,0.0,9.5,0.0,0.0,0.0,343,1292996.4099999997,0.0,90.25,0.0,10802.449999999999,0
12.0,1666.7,0.0,0.0,0.0,228.6,8.6,825.0,1062.2,False,True,True,False,False,False,False,False,True,0,0,0,228.6,0.0,8.6,0.0,825.0,0.0,1062.2,0.0,0.0,0.0,12.0,0.0,0.0,0.0,0.0,2,680625.0,0.0,144.0,0.0,9900.0,0
0.2,0.0,0.0,0.0,0.0,16.6,377.0,896.2,1105.0,True,False,True,False,False,False,False,False,True,1,0,0,0.0,16.6,0.0,377.0,0.0,896.2,0.0,1105.0,0.0,0.0,0.0,0.2,0.0,0.0,0.0,356,803174.4400000001,0.0,0.04000000000000001,0.0,179.24,0
0.4,0.0,0.0,0.0,0.0,31.0,304.5,685.3,801.7,True,False,False,False,True,False,False,False,True,1,1,0,0.0,31.0,0.0,304.5,0.0,685.3,0.0,801.7,0.0,0.0,0.0,0.4,0.0,0.0,0.0,353,469636.0899999999,0.0,0.16000000000000003,0.0,274.12,1
8.0,3928.6,0.0,37.5,4.125,66.7,280.0,1263.0,1331.2,False,True,False,False,False,False,True,False,True,0,0,0,66.7,0.0,280.0,0.0,1263.0,0.0,1331.2,0.0,4.125,0.0,8.0,0.0,4125.0,0.0010499920964231286,37.5,362,1595169.0,17.015625,64.0,5209.875,10104.0,0
0.0,0.0,0.0,0.0,0.0,33.4,363.2,896.2,1105.0,False,True,True,False,False,False,False,False,True,0,0,0,33.4,0.0,363.2,0.0,896.2,0.0,1105.0,0.0,0.0,0.0,0.0,0.0,0.0,0.0,0.0,355,803174.4400000001,0.0,0.0,0.0,0.0,0
41.9,4166.7,0.0,0.0,0.0,89.4,180.0,1106.1,1288.7,False,True,True,False,False,False,False,False,True,0,0,0,89.4,0.0,180.0,0.0,1106.1,0.0,1288.7,0.0,0.0,0.0,41.9,0.0,0.0,0.0,0.0,335,1223457.2099999997,0.0,1755.61,0.0,46345.59,0
25.0,3500.0,0.0,0.0,0.0,62.2,15.4,1299.9,1331.2,False,True,False,False,False,False,True,True,False,0,0,0,62.2,0.0,15.4,0.0,1299.9,0.0,1331.2,0.0,0.0,0.0,25.0,0.0,0.0,0.0,0.0,359,1689740.0100000002,0.0,625.0,0.0,32497.500000000004,0
6.1,4000.0,0.0,32.8,3.608,38.4,189.4,1106.3,1288.7,False,True,True,False,False,False,False,False,True,0,0,0,38.4,0.0,189.4,0.0,1106.3,0.0,1288.7,0.0,3.608,0.0,6.1,0.0,3608.0,0.0009019997745000563,32.8,337,1223899.69,13.017664,37.209999999999994,3991.5304,6748.429999999999,0
0.1,150.0,0.0,0.0,0.0,31.7,107.9,778.4,1142.3,True,False,False,False,False,False,True,True,False,1,0,0,0.0,31.7,0.0,107.9,0.0,778.4,0.0,1142.3,0.0,0.0,0.0,0.1,0.0,0.0,0.0,340,605906.5599999999,0.0,0.010000000000000002,0.0,77.84,1
7.2,5555.6,55.6,111.1,37.797,13.0,307.6,1308.7,1331.2,True,False,False,False,False,False,True,True,False,1,0,1,0.0,13.0,0.0,307.6,0.0,1308.7,0.0,1331.2,0.0,37.797,0.0,7.2,0.6797899318357583,0.006803404348152431,111.1,338,1712695.6900000002,1428.6132089999999,51.84,49464.933899999996,9422.640000000001,0
0.2,0.0,0.0,0.0,0.0,92.1,109.9,841.2,1142.3,False,True,False,False,False,False,True,False,True,0,0,0,92.1,0.0,109.9,0.0,841.2,0.0,1142.3,0.0,0.0,0.0,0.2,0.0,0.0,0.0,0.0,362,707617.4400000001,0.0,0.04000000000000001,0.0,168.24,0
13.0,3846.2,92.3,153.8,59.376,60.2,237.8,1176.5,1320.5,True,False,False,True,False,False,False,False,True,1,0,0,0.0,60.2,0.0,237.8,0.0,1176.5,0.0,1320.5,0.0,59.376,0.0,13.0,0.6432866382812753,0.015437570735382784,153.8,333,1384152.25,3525.5093759999995,169.0,69855.864,15294.5,0
7.0,2500.0,57.1,50.0,31.766,81.5,82.0,824.0,875.4,False,True,False,False,False,False,True,True,False,0,0,0,81.5,0.0,82.0,0.0,824.0,0.0,875.4,0.0,31.766,0.0,7.0,0.0,0.5563124989054482,0.012706394917442031,50.0,354,678976.0,1009.0787559999999,49.0,26175.183999999997,5768.0,0
0.1,750.0,0.0,0.0,0.0,34.4,49.9,709.2,1142.3,False,True,False,False,False,False,True,True,False,0,0,0,34.4,0.0,49.9,0.0,709.2,0.0,1142.3,0.0,0.0,0.0,0.1,0.0,0.0,0.0,0.0,325,502964.6400000001,0.0,0.010000000000000002,0.0,70.92,1
1.0,0.0,65.0,0.0,29.9,23.4,22.8,848.2,1227.0,False,True,False,True,False,False,False,False,True,0,0,0,23.4,0.0,22.8,0.0,848.2,0.0,1227.0,0.0,29.9,0.0,1.0,0.0,0.4599929231857971,29899.999999999996,0.0,346,719443.2400000001,894.0099999999999,1.0,25361.18,848.2,0
0.1,0.0,0.0,0.0,0.0,31.1,99.7,939.2,1089.9,True,False,False,True,False,False,False,False,True,4,1,1,0.0,31.1,0.0,99.7,0.0,939.2,0.0,1089.9,0.0,0.0,0.0,0.1,0.0,0.0,0.0,349,882096.6400000001,0.0,0.010000000000000002,0.0,93.92000000000002,0
23.0,5434.8,65.2,0.0,29.992,115.5,54.3,824.0,875.4,True,False,False,False,False,False,True,False,True,1,0,0,0.0,115.5,0.0,54.3,0.0,824.0,0.0,875.4,0.0,29.992,0.0,23.0,0.4599929448934832,0.005518509325364442,0.0,356,678976.0,899.520064,529.0,24713.408,18952.0,0
0.2,750.0,0.0,0.0,0.0,70.1,168.4,757.9,1227.0,False,True,False,True,False,False,False,False,True,0,0,0,70.1,0.0,168.4,0.0,757.9,0.0,1227.0,0.0,0.0,0.0,0.2,0.0,0.0,0.0,0.0,334,574412.4099999999,0.0,0.04000000000000001,0.0,151.58,1
0.1,0.0,0.0,0.0,0.0,33.4,363.2,896.2,1105.0,True,False,True,False,False,False,False,False,True,1,1,0,0.0,33.4,0.0,363.2,0.0,896.2,0.0,1105.0,0.0,0.0,0.0,0.1,0.0,0.0,0.0,355,803174.4400000001,0.0,0.010000000000000002,0.0,89.62,0
8.0,0.0,0.0,0.0,0.0,70.7,294.1,1242.5,1331.2,False,True,False,False,False,False,True,False,True,0,0,0,70.7,0.0,294.1,0.0,1242.5,0.0,1331.2,0.0,0.0,0.0,8.0,0.0,0.0,0.0,0.0,4,1543806.25,0.0,64.0,0.0,9940.0,0
0.2,200.0,0.0,0.0,0.0,112.1,38.2,785.3,1227.0,False,True,False,True,False,False,False,False,True,0,0,0,112.1,0.0,38.2,0.0,785.3,0.0,1227.0,0.0,0.0,0.0,0.2,0.0,0.0,0.0,0.0,325,616696.09,0.0,0.04000000000000001,0.0,157.06,1
15.0,2000.0,0.0,0.0,0.0,17.8,130.2,1312.5,1331.2,False,True,False,False,False,False,True,True,False,0,0,0,17.8,0.0,130.2,0.0,1312.5,0.0,1331.2,0.0,0.0,0.0,15.0,0.0,0.0,0.0,0.0,346,1722656.25,0.0,225.0,0.0,19687.5,0
10.0,2500.0,0.0,0.0,0.0,165.6,53.8,962.4,1062.2,True,False,True,False,False,False,False,False,True,1,0,0,0.0,165.6,0.0,53.8,0.0,962.4,0.0,1062.2,0.0,0.0,0.0,10.0,0.0,0.0,0.0,357,926213.76,0.0,100.0,0.0,9624.0,0
0.2,500.0,0.0,0.0,0.0,70.1,168.4,757.9,1227.0,False,True,False,True,False,False,False,False,True,0,0,0,70.1,0.0,168.4,0.0,757.9,0.0,1227.0,0.0,0.0,0.0,0.2,0.0,0.0,0.0,0.0,334,574412.4099999999,0.0,0.04000000000000001,0.0,151.58,1
0.0,250.0,0.0,0.0,0.0,43.0,336.8,954.4,1331.4,False,True,True,False,False,False,False,False,True,0,0,0,43.0,0.0,336.8,0.0,954.4,0.0,1331.4,0.0,0.0,0.0,0.0,0.0,0.0,0.0,0.0,338,910879.36,0.0,0.0,0.0,0.0,0
10.0,3500.0,50.0,100.0,34.0,63.7,103.5,1263.0,1331.2,False,True,False,False,False,False,True,False,True,0,1,0,63.7,0.0,103.5,0.0,1263.0,0.0,1331.2,0.0,34.0,0.0,10.0,0.0,0.6799864002719946,0.009714282938776303,100.0,360,1595169.0,1156.0,100.0,42942.0,12630.0,0
0.1,420.0,5.5,0.0,2.53,96.1,3.1,933.3,1142.3,True,False,False,False,False,False,True,True,False,2,0,0,0.0,96.1,0.0,3.1,0.0,933.3,0.0,1142.3,0.0,2.53,0.0,0.1,0.4599163788402108,0.006023795181440044,0.0,355,871048.8899999999,6.400899999999999,0.010000000000000002,2361.249,93.33,0
0.0,0.0,0.0,0.0,0.0,63.4,139.4,925.2,1105.0,True,False,True,False,False,False,False,False,True,3,1,1,0.0,63.4,0.0,139.4,0.0,925.2,0.0,1105.0,0.0,0.0,0.0,0.0,0.0,0.0,0.0,348,855995.04,0.0,0.0,0.0,0.0,0
0.1,0.0,0.0,0.0,0.0,16.6,377.0,896.2,1105.0,False,True,True,False,False,False,False,False,True,0,0,0,16.6,0.0,377.0,0.0,896.2,0.0,1105.0,0.0,0.0,0.0,0.1,0.0,0.0,0.0,0.0,356,803174.4400000001,0.0,0.010000000000000002,0.0,89.62,0
0.5,1400.0,0.0,0.0,0.0,45.2,15.4,1010.8,1331.4,True,False,True,False,False,False,False,False,True,3,0,1,0.0,45.2,0.0,15.4,0.0,1010.8,0.0,1331.4,0.0,0.0,0.0,0.5,0.0,0.0,0.0,347,1021716.6399999999,0.0,0.25,0.0,505.4,0
20.0,3928.6,50.0,75.0,31.25,28.4,146.4,1144.9,1288.7,False,True,True,False,False,False,False,False,True,0,1,0,28.4,0.0,146.4,0.0,1144.9,0.0,1288.7,0.0,31.25,0.0,20.0,0.0,0.624987500249995,0.007954485578963097,75.0,342,1310796.0100000002,976.5625,400.0,35778.125,22898.0,0
11.7,3299.1,60.0,0.0,27.6,109.8,52.5,755.5,875.4,True,False,False,False,False,False,True,True,False,1,0,0,0.0,109.8,0.0,52.5,0.0,755.5,0.0,875.4,0.0,27.6,0.0,11.7,0.459992333461109,0.008365915441812784,0.0,361,570780.25,761.7600000000001,136.89,20851.8,8839.35,1
0.2,1000.0,0.0,0.0,0.0,24.8,20.2,863.4,1227.0,False,True,False,True,False,False,False,False,True,0,0,0,24.8,0.0,20.2,0.0,863.4,0.0,1227.0,0.0,0.0,0.0,0.2,0.0,0.0,0.0,0.0,344,745459.5599999999,0.0,0.04000000000000001,0.0,172.68,0
0.3,1500.0,0.0,0.0,0.0,194.8,28.8,699.5,1227.0,False,True,False,True,False,False,False,False,True,0,0,0,194.8,0.0,28.8,0.0,699.5,0.0,1227.0,0.0,0.0,0.0,0.3,0.0,0.0,0.0,0.0,322,489300.25,0.0,0.09,0.0,209.85,1
11.0,4545.5,0.0,0.0,0.0,118.0,54.3,789.0,875.4,True,False,False,False,False,False,True,False,True,1,0,0,0.0,118.0,0.0,54.3,0.0,789.0,0.0,875.4,0.0,0.0,0.0,11.0,0.0,0.0,0.0,357,622521.0,0.0,121.0,0.0,8679.0,1
30.0,4000.0,50.0,83.3,32.163,43.4,43.5,1132.1,1288.7,True,False,True,False,False,False,False,False,True,1,1,1,0.0,43.4,0.0,43.5,0.0,1132.1,0.0,1288.7,0.0,32.163,0.0,30.0,0.6432471350572988,0.008040747989813002,83.3,355,1281650.4099999997,1034.458569,900.0,36411.732299999996,33963.0,0
21.4,4449.6,46.8,0.0,21.528,228.6,8.6,825.0,1062.2,True,False,True,False,False,False,False,False,True,1,1,0,0.0,228.6,0.0,8.6,0.0,825.0,0.0,1062.2,0.0,21.528,0.0,21.4,0.45999017115018914,0.004838186614934687,0.0,2,680625.0,463.45478399999996,457.9599999999999,17760.6,17655.0,0
0.0,0.0,0.0,0.0,0.0,36.4,138.8,901.4,1105.0,True,False,True,False,False,False,False,False,True,3,0,0,0.0,36.4,0.0,138.8,0.0,901.4,0.0,1105.0,0.0,0.0,0.0,0.0,0.0,0.0,0.0,350,812521.96,0.0,0.0,0.0,0.0,0
7.4,3225.8,81.6,163.3,55.499,28.2,210.0,1144.3,1288.7,False,True,True,False,False,False,False,False,True,0,1,0,28.2,0.0,210.0,0.0,1144.3,0.0,1288.7,0.0,55.499,0.0,7.4,0.0,0.6801264690383697,0.017204719075975237,163.3,340,1309422.49,3080.1390010000005,54.760000000000005,63507.5057,8467.82,0
25.0,3500.0,40.0,140.0,33.8,66.6,294.1,1245.5,1331.2,False,True,False,False,False,False,True,True,False,0,0,0,66.6,0.0,294.1,0.0,1245.5,0.0,1331.2,0.0,33.8,0.0,25.0,0.0,0.8449788755281118,0.00965714009795997,140.0,2,1551270.25,1142.4399999999998,625.0,42097.899999999994,31137.5,0
8.0,3125.0,37.5,0.0,17.25,0.0,198.9,785.2,806.1,True,False,False,False,True,False,False,False,True,4,1,1,0.0,0.0,0.0,198.9,0.0,785.2,0.0,806.1,0.0,17.25,0.0,8.0,0.45998773366043577,0.005519998233600565,0.0,340,616539.04,297.5625,64.0,13544.7,6281.6,1
0.2,450.0,0.0,0.0,0.0,137.7,190.3,754.0,1227.0,False,True,False,True,False,False,False,False,True,0,0,1,137.7,0.0,190.3,0.0,754.0,0.0,1227.0,0.0,0.0,0.0,0.2,0.0,0.0,0.0,0.0,315,568516.0,0.0,0.04000000000000001,0.0,150.8,1
20.5,1711.5,48.9,0.0,22.494,34.0,153.0,936.4,1108.4,True,False,False,False,True,False,False,False,True,1,1,0,0.0,34.0,0.0,153.0,0.0,936.4,0.0,1108.4,0.0,22.494,0.0,20.5,0.4599905932394021,0.013142849463716352,0.0,343,876844.96,505.980036,420.25,21063.3816,19196.2,0
0.0,0.0,0.0,0.0,0.0,10.0,325.8,944.4,1331.4,True,False,True,False,False,False,False,False,True,2,0,1,0.0,10.0,0.0,325.8,0.0,944.4,0.0,1331.4,0.0,0.0,0.0,0.0,0.0,0.0,0.0,336,891891.36,0.0,0.0,0.0,0.0,0
75.0,0.0,26.7,0.0,12.282,168.0,30.6,772.7,806.1,False,True,False,False,True,False,False,False,True,0,1,0,168.0,0.0,30.6,0.0,772.7,0.0,806.1,0.0,12.282,0.0,75.0,0.0,0.4599827721808172,12282.0,0.0,356,597065.29,150.847524,5625.0,9490.3014,57952.5,1
0.1,0.0,0.0,0.0,0.0,14.4,228.2,959.6,1105.0,True,False,True,False,False,False,False,False,True,4,0,0,0.0,14.4,0.0,228.2,0.0,959.6,0.0,1105.0,0.0,0.0,0.0,0.1,0.0,0.0,0.0,315,920832.16,0.0,0.010000000000000002,0.0,95.96000000000001,0
0.4,1750.0,0.0,0.0,0.0,123.8,137.2,746.9,1227.0,False,True,False,True,False,False,False,True,False,0,0,0,123.8,0.0,137.2,0.0,746.9,0.0,1227.0,0.0,0.0,0.0,0.4,0.0,0.0,0.0,0.0,328,557859.61,0.0,0.16000000000000003,0.0,298.76,1
40.3,1861.0,0.0,0.0,0.0,47.9,0.0,615.0,806.1,False,True,False,False,True,False,False,False,True,0,1,0,47.9,0.0,0.0,0.0,615.0,0.0,806.1,0.0,0.0,0.0,40.3,0.0,0.0,0.0,0.0,7,378225.0,0.0,1624.0899999999997,0.0,24784.5,1
0.3,0.0,0.0,0.0,0.0,45.5,67.1,946.1,1089.9,False,True,False,True,False,False,False,False,True,0,0,0,45.5,0.0,67.1,0.0,946.1,0.0,1089.9,0.0,0.0,0.0,0.3,0.0,0.0,0.0,0.0,345,895105.2100000001,0.0,0.09,0.0,283.83,0
0.4,0.0,0.0,0.0,0.0,215.4,81.2,873.4,1089.9,False,True,False,True,False,False,False,False,True,0,0,0,215.4,0.0,81.2,0.0,873.4,0.0,1089.9,0.0,0.0,0.0,0.4,0.0,0.0,0.0,0.0,6,762827.5599999999,0.0,0.16000000000000003,0.0,349.36,0
0.0,0.0,0.0,0.0,0.0,131.2,4.2,1040.6,1105.0,False,True,True,False,False,False,False,False,True,0,0,0,131.2,0.0,4.2,0.0,1040.6,0.0,1105.0,0.0,0.0,0.0,0.0,0.0,0.0,0.0,0.0,335,1082848.3599999999,0.0,0.0,0.0,0.0,0
0.4,1600.0,18.0,0.0,8.28,187.6,30.5,727.8,1227.0,False,True,False,True,False,False,False,False,True,0,0,0,187.6,0.0,30.5,0.0,727.8,0.0,1227.0,0.0,8.28,0.0,0.4,0.0,0.4599744458641186,0.005174996765627021,0.0,323,529692.84,68.55839999999999,0.16000000000000003,6026.183999999999,291.12,1
28.4,0.0,105.6,0.0,48.576,124.5,101.9,911.9,1108.4,False,True,False,False,True,False,False,False,True,0,0,0,124.5,0.0,101.9,0.0,911.9,0.0,1108.4,0.0,48.576,0.0,28.4,0.0,0.45999564398064413,48576.0,0.0,331,831561.61,2359.6277760000003,806.56,44296.4544,25897.96,0
0.4,2000.0,0.0,0.0,0.0,135.7,195.4,755.3,1227.0,False,True,False,True,False,False,False,False,True,0,0,0,135.7,0.0,195.4,0.0,755.3,0.0,1227.0,0.0,0.0,0.0,0.4,0.0,0.0,0.0,0.0,314,570478.09,0.0,0.16000000000000003,0.0,302.12,1
15.0,4000.0,0.0,0.0,0.0,28.4,146.4,1144.9,1288.7,True,False,True,False,False,False,False,False,True,1,0,0,0.0,28.4,0.0,146.4,0.0,1144.9,0.0,1288.7,0.0,0.0,0.0,15.0,0.0,0.0,0.0,342,1310796.0100000002,0.0,225.0,0.0,17173.5,0
0.5,0.0,0.0,0.0,0.0,91.5,27.9,1011.0,1089.9,False,True,False,True,False,False,False,False,True,0,0,0,91.5,0.0,27.9,0.0,1011.0,0.0,1089.9,0.0,0.0,0.0,0.5,0.0,0.0,0.0,0.0,337,1022121.0,0.0,0.25,0.0,505.5,0
0.1,0.0,0.0,0.0,0.0,141.1,344.2,927.9,1089.9,False,True,False,True,False,False,False,False,True,0,0,0,141.1,0.0,344.2,0.0,927.9,0.0,1089.9,0.0,0.0,0.0,0.1,0.0,0.0,0.0,0.0,364,860998.4099999999,0.0,0.010000000000000002,0.0,92.79,0
0.1,0.0,0.0,0.0,0.0,4.4,147.6,738.0,1105.0,True,False,True,False,False,False,False,False,True,4,1,1,0.0,4.4,0.0,147.6,0.0,738.0,0.0,1105.0,0.0,0.0,0.0,0.1,0.0,0.0,0.0,308,544644.0,0.0,0.010000000000000002,0.0,73.8,1
0.1,250.0,0.0,0.0,0.0,91.2,110.6,954.8,1331.4,True,False,True,False,False,False,False,False,True,1,0,0,0.0,91.2,0.0,110.6,0.0,954.8,0.0,1331.4,0.0,0.0,0.0,0.1,0.0,0.0,0.0,5,911643.0399999999,0.0,0.010000000000000002,0.0,95.48,0
0.2,600.0,0.0,0.0,0.0,13.5,32.1,924.1,1142.3,True,False,False,False,False,False,True,True,False,2,0,0,0.0,13.5,0.0,32.1,0.0,924.1,0.0,1142.3,0.0,0.0,0.0,0.2,0.0,0.0,0.0,351,853960.81,0.0,0.04000000000000001,0.0,184.82000000000002,0
15.9,4722.9,44.1,75.6,28.602,0.0,400.9,836.5,875.4,True,False,False,False,False,False,True,True,False,2,0,0,0.0,0.0,0.0,400.9,0.0,836.5,0.0,875.4,0.0,28.602,0.0,15.9,0.6485567220697943,0.006056023617687519,75.6,337,699732.25,818.0744040000001,252.81,23925.573,13300.35,0
14.8,0.0,0.0,0.0,0.0,14.7,268.1,1213.5,1320.5,False,True,False,True,False,False,False,False,True,0,0,0,14.7,0.0,268.1,0.0,1213.5,0.0,1320.5,0.0,0.0,0.0,14.8,0.0,0.0,0.0,0.0,341,1472582.25,0.0,219.04000000000002,0.0,17959.8,0
26.0,3000.0,38.5,96.2,28.292,357.8,0.0,826.4,1331.2,False,True,False,False,False,False,True,True,False,0,0,0,357.8,0.0,0.0,0.0,826.4,0.0,1331.2,0.0,28.292,0.0,26.0,0.0,0.7348380561543857,0.009430663523112158,96.2,33,682936.96,800.4372640000001,676.0,23380.5088,21486.399999999998,0
0.2,0.0,0.0,0.0,0.0,37.3,325.6,804.5,939.0,True,False,False,False,False,False,True,True,False,1,0,0,0.0,37.3,0.0,325.6,0.0,804.5,0.0,939.0,0.0,0.0,0.0,0.2,0.0,0.0,0.0,354,647220.25,0.0,0.04000000000000001,0.0,160.9,0
1.0,0.0,0.0,0.0,0.0,70.1,169.2,769.6,1227.0,False,True,False,True,False,False,False,False,True,0,0,0,70.1,0.0,169.2,0.0,769.6,0.0,1227.0,0.0,0.0,0.0,1.0,0.0,0.0,0.0,0.0,333,592284.16,0.0,1.0,0.0,769.6,1
20.0,3571.4,60.0,120.0,40.8,66.6,294.1,1245.5,1331.2,False,True,False,False,False,False,True,True,False,0,0,0,66.6,0.0,294.1,0.0,1245.5,0.0,1331.2,0.0,40.8,0.0,20.0,0.0,0.6799886668555524,0.011424088193960855,120.0,2,1551270.25,1664.6399999999999,400.0,50816.399999999994,24910.0,0
10.0,500.0,30.0,50.0,19.3,115.5,54.3,824.0,875.4,False,True,False,False,False,False,True,True,False,0,0,0,115.5,0.0,54.3,0.0,824.0,0.0,875.4,0.0,19.3,0.0,10.0,0.0,0.6433118896036799,0.0385999228001544,50.0,356,678976.0,372.49,100.0,15903.2,8240.0,0
0.3,1250.0,0.0,0.0,0.0,187.6,30.5,727.8,1227.0,False,True,False,True,False,False,False,False,True,0,0,0,187.6,0.0,30.5,0.0,727.8,0.0,1227.0,0.0,0.0,0.0,0.3,0.0,0.0,0.0,0.0,323,529692.84,0.0,0.09,0.0,218.33999999999997,1
6.2,4166.7,80.6,129.0,51.266,35.5,55.4,907.4,1108.4,True,False,False,False,True,False,False,False,True,2,0,1,0.0,35.5,0.0,55.4,0.0,907.4,0.0,1108.4,0.0,51.266,0.0,6.2,0.6360466991724668,0.012303738617193794,129.0,338,823374.76,2628.2027559999997,38.440000000000005,46518.7684,5625.88,0
18.6,3500.0,0.0,0.0,0.0,28.4,137.6,1136.7,1288.7,True,False,True,False,False,False,False,False,True,1,0,0,0.0,28.4,0.0,137.6,0.0,1136.7,0.0,1288.7,0.0,0.0,0.0,18.6,0.0,0.0,0.0,344,1292086.8900000001,0.0,345.96000000000004,0.0,21142.620000000003,0
30.0,1333.3,33.3,66.7,22.655,0.0,242.3,1112.1,1331.2,False,True,False,False,False,False,True,True,False,0,0,0,0.0,0.0,242.3,0.0,1112.1,0.0,1331.2,0.0,22.655,0.0,30.0,0.0,0.6803099006035856,0.01699166204780466,66.7,320,1236766.4099999997,513.2490250000001,900.0,25194.6255,33363.0,0
0.5,0.0,0.0,0.0,0.0,123.8,137.2,746.9,1227.0,False,True,False,True,False,False,False,False,True,0,0,0,123.8,0.0,137.2,0.0,746.9,0.0,1227.0,0.0,0.0,0.0,0.5,0.0,0.0,0.0,0.0,328,557859.61,0.0,0.25,0.0,373.45,1
12.5,2400.0,0.0,104.0,11.44,107.4,7.2,700.6,1062.2,False,True,True,False,False,False,False,False,True,0,1,1,107.4,0.0,7.2,0.0,700.6,0.0,1062.2,0.0,11.44,0.0,12.5,0.0,11440.0,0.004766664680556382,104.0,19,490840.36000000004,130.87359999999998,156.25,8014.864,8757.5,1
0.5,1000.0,20.0,0.0,9.2,24.8,20.2,863.4,1227.0,False,True,False,True,False,False,False,False,True,0,0,0,24.8,0.0,20.2,0.0,863.4,0.0,1227.0,0.0,9.2,0.0,0.5,0.0,0.45997700114994244,0.0091999908000092,0.0,344,745459.5599999999,84.63999999999999,0.25,7943.279999999999,431.7,0
0.1,0.0,5.0,0.0,2.3,97.5,169.3,759.6,1227.0,True,False,False,True,False,False,False,False,True,3,0,1,0.0,97.5,0.0,169.3,0.0,759.6,0.0,1227.0,0.0,2.3,0.0,0.1,0.4599080183963207,2300.0,0.0,331,576992.16,5.289999999999999,0.010000000000000002,1747.08,75.96000000000001,1
0.1,0.0,0.0,0.0,0.0,32.8,199.9,807.0,939.0,True,False,False,False,False,False,True,True,False,1,0,0,0.0,32.8,0.0,199.9,0.0,807.0,0.0,939.0,0.0,0.0,0.0,0.1,0.0,0.0,0.0,349,651249.0,0.0,0.010000000000000002,0.0,80.7,0
0.0,0.0,0.0,0.0,0.0,131.0,2.4,962.2,1105.0,False,True,True,False,False,False,False,False,True,0,0,0,131.0,0.0,2.4,0.0,962.2,0.0,1105.0,0.0,0.0,0.0,0.0,0.0,0.0,0.0,0.0,339,925828.8400000001,0.0,0.0,0.0,0.0,0
0.2,0.0,0.0,0.0,0.0,17.6,129.8,1023.4,1105.0,False,True,True,False,False,False,False,False,True,0,0,0,17.6,0.0,129.8,0.0,1023.4,0.0,1105.0,0.0,0.0,0.0,0.2,0.0,0.0,0.0,0.0,322,1047347.5599999999,0.0,0.04000000000000001,0.0,204.68,0
15.0,4166.7,66.7,0.0,30.682,22.5,119.1,925.4,1108.4,True,False,False,False,True,False,False,False,True,1,1,0,0.0,22.5,0.0,119.1,0.0,925.4,0.0,1108.4,0.0,30.682,0.0,15.0,0.45999310355167083,0.007363619323776772,0.0,349,856365.1599999999,941.3851239999999,225.0,28393.122799999997,13881.0,0
6.5,3076.9,0.0,138.5,15.235,167.6,41.8,931.0,1062.2,False,True,True,False,False,False,False,False,True,0,0,0,167.6,0.0,41.8,0.0,931.0,0.0,1062.2,0.0,15.235,0.0,6.5,0.0,15235.0,0.004951410526370526,138.5,360,866761.0,232.105225,42.25,14183.785,6051.5,0
9.0,5555.6,0.0,55.6,6.116,111.0,82.0,824.0,875.4,False,True,False,False,False,False,True,False,True,0,0,0,111.0,0.0,82.0,0.0,824.0,0.0,875.4,0.0,6.116,0.0,9.0,0.0,6115.999999999999,0.0011008709948752617,55.6,355,678976.0,37.405455999999994,81.0,5039.584,7416.0,0
0.2,0.0,0.0,0.0,0.0,45.5,97.6,946.0,1089.9,True,False,False,True,False,False,False,False,True,1,0,0,0.0,45.5,0.0,97.6,0.0,946.0,0.0,1089.9,0.0,0.0,0.0,0.2,0.0,0.0,0.0,347,894916.0,0.0,0.04000000000000001,0.0,189.20000000000002,0
0.1,0.0,0.0,0.0,0.0,56.7,359.3,806.5,939.0,True,False,False,False,False,False,True,False,True,1,1,0,0.0,56.7,0.0,359.3,0.0,806.5,0.0,939.0,0.0,0.0,0.0,0.1,0.0,0.0,0.0,360,650442.25,0.0,0.010000000000000002,0.0,80.65,0
0.4,0.0,0.0,0.0,0.0,45.2,150.6,870.1,1164.1,False,True,False,False,True,False,False,False,True,0,0,0,45.2,0.0,150.6,0.0,870.1,0.0,1164.1,0.0,0.0,0.0,0.4,0.0,0.0,0.0,0.0,4,757074.01,0.0,0.16000000000000003,0.0,348.04,0
0.1,300.0,0.0,0.0,0.0,6.0,41.3,920.6,1142.3,True,False,False,False,False,False,True,True,False,2,0,0,0.0,6.0,0.0,41.3,0.0,920.6,0.0,1142.3,0.0,0.0,0.0,0.1,0.0,0.0,0.0,348,847504.36,0.0,0.010000000000000002,0.0,92.06,0
0.1,0.0,0.0,0.0,0.0,79.6,46.0,861.2,939.0,True,False,False,False,False,False,True,True,False,2,0,0,0.0,79.6,0.0,46.0,0.0,861.2,0.0,939.0,0.0,0.0,0.0,0.1,0.0,0.0,0.0,339,741665.4400000001,0.0,0.010000000000000002,0.0,86.12,0
14.0,1785.7,0.0,0.0,0.0,45.4,1.2,660.4,844.8,False,True,False,True,False,False,False,False,True,0,0,0,45.4,0.0,1.2,0.0,660.4,0.0,844.8,0.0,0.0,0.0,14.0,0.0,0.0,0.0,0.0,6,436128.16,0.0,196.0,0.0,9245.6,1
30.0,3928.6,66.7,166.7,49.019,17.8,120.8,1307.7,1331.2,True,False,False,False,False,False,True,True,False,1,0,0,0.0,17.8,0.0,120.8,0.0,1307.7,0.0,1331.2,0.0,49.019,0.0,30.0,0.7349065231405825,0.012477469715046144,166.7,347,1710079.29,2402.862361,900.0,64102.1463,39231.0,0
0.2,0.0,0.0,0.0,0.0,25.0,406.5,685.3,801.7,True,False,False,False,True,False,False,False,True,1,1,0,0.0,25.0,0.0,406.5,0.0,685.3,0.0,801.7,0.0,0.0,0.0,0.2,0.0,0.0,0.0,356,469636.0899999999,0.0,0.04000000000000001,0.0,137.06,1
0.1,4166.7,0.0,0.0,0.0,32.8,199.9,807.0,939.0,True,False,False,False,False,False,True,True,False,4,0,0,0.0,32.8,0.0,199.9,0.0,807.0,0.0,939.0,0.0,0.0,0.0,0.1,0.0,0.0,0.0,349,651249.0,0.0,0.010000000000000002,0.0,80.7,0
10.0,0.0,0.0,80.0,8.8,200.0,6.8,706.0,1062.2,False,True,True,False,False,False,False,False,True,0,1,1,200.0,0.0,6.8,0.0,706.0,0.0,1062.2,0.0,8.8,0.0,10.0,0.0,8800.0,8800.0,80.0,13,498436.0,77.44000000000001,100.0,6212.8,7060.0,1
0.2,0.0,0.0,0.0,0.0,63.9,342.6,927.9,1089.9,True,False,False,True,False,False,False,False,True,1,0,0,0.0,63.9,0.0,342.6,0.0,927.9,0.0,1089.9,0.0,0.0,0.0,0.2,0.0,0.0,0.0,363,860998.4099999999,0.0,0.04000000000000001,0.0,185.58,0
0.3,600.0,15.0,0.0,6.9,6.0,41.3,908.6,1142.3,True,False,False,False,False,False,True,True,False,3,0,0,0.0,6.0,0.0,41.3,0.0,908.6,0.0,1142.3,0.0,6.9,0.0,0.3,0.4599693353776415,0.01149998083336528,0.0,345,825553.9600000001,47.61000000000001,0.09,6269.34,272.58,0
17.0,0.0,64.7,0.0,29.762,13.0,254.4,1021.4,1062.2,False,True,True,False,False,False,False,False,True,0,1,0,13.0,0.0,254.4,0.0,1021.4,0.0,1062.2,0.0,29.762,0.0,17.0,0.0,0.4599928903726372,29762.0,0.0,320,1043257.96,885.776644,289.0,30398.9068,17363.8,0
0.2,0.0,0.0,0.0,0.0,77.6,67.4,960.4,1089.9,True,False,False,True,False,False,False,False,True,1,0,0,0.0,77.6,0.0,67.4,0.0,960.4,0.0,1089.9,0.0,0.0,0.0,0.2,0.0,0.0,0.0,341,922368.1599999999,0.0,0.04000000000000001,0.0,192.08,0
0.1,100.0,2.0,0.0,0.92,137.7,190.3,754.0,1227.0,True,False,False,True,False,False,False,False,True,2,0,1,0.0,137.7,0.0,190.3,0.0,754.0,0.0,1227.0,0.0,0.92,0.0,0.1,0.4597701149425288,0.009199908000919991,0.0,315,568516.0,0.8464,0.010000000000000002,693.6800000000001,75.4,1
15.0,3000.0,0.0,0.0,0.0,124.5,101.9,911.9,1108.4,True,False,False,False,True,False,False,False,True,1,0,0,0.0,124.5,0.0,101.9,0.0,911.9,0.0,1108.4,0.0,0.0,0.0,15.0,0.0,0.0,0.0,331,831561.61,0.0,225.0,0.0,13678.5,0
25.0,4166.7,0.0,0.0,0.0,82.5,237.0,881.9,1108.4,False,True,False,False,True,False,False,False,True,0,0,0,82.5,0.0,237.0,0.0,881.9,0.0,1108.4,0.0,0.0,0.0,25.0,0.0,0.0,0.0,0.0,363,777747.61,0.0,625.0,0.0,22047.5,0
0.2,0.0,0.0,0.0,0.0,56.7,155.7,836.3,939.0,False,True,False,False,False,False,True,True,False,0,0,0,56.7,0.0,155.7,0.0,836.3,0.0,939.0,0.0,0.0,0.0,0.2,0.0,0.0,0.0,0.0,346,699397.69,0.0,0.04000000000000001,0.0,167.26,0
11.0,3333.3,90.9,227.3,66.817,14.7,245.5,1212.7,1320.5,False,True,False,True,False,False,False,False,True,0,0,0,14.7,0.0,245.5,0.0,1212.7,0.0,1320.5,0.0,66.817,0.0,11.0,0.0,0.7350524196653501,0.020045294439356057,227.3,339,1470641.29,4464.511488999999,121.0,81028.97589999999,13339.7,0
11.5,5217.4,69.6,130.4,46.36,62.6,208.4,1176.5,1320.5,False,True,False,True,False,False,False,False,True,0,0,0,62.6,0.0,208.4,0.0,1176.5,0.0,1320.5,0.0,46.36,0.0,11.5,0.0,0.6660823838737949,0.008885650154166798,130.4,335,1384152.25,2149.2496,132.25,54542.54,13529.75,0
0.3,0.0,0.0,0.0,0.0,57.5,0.0,750.5,801.7,True,False,False,False,True,False,False,False,True,1,0,0,0.0,57.5,0.0,0.0,0.0,750.5,0.0,801.7,0.0,0.0,0.0,0.3,0.0,0.0,0.0,338,563250.25,0.0,0.09,0.0,225.15,1
0.6,2000.0,0.0,0.0,0.0,109.6,195.4,762.3,1227.0,False,True,False,True,False,False,False,False,True,0,0,0,109.6,0.0,195.4,0.0,762.3,0.0,1227.0,0.0,0.0,0.0,0.6,0.0,0.0,0.0,0.0,313,581101.2899999999,0.0,0.36,0.0,457.37999999999994,1
45.0,0.0,66.7,0.0,30.682,167.6,41.8,931.0,1062.2,False,True,True,False,False,False,False,False,True,0,1,0,167.6,0.0,41.8,0.0,931.0,0.0,1062.2,0.0,30.682,0.0,45.0,0.0,0.45999310355167083,30681.999999999996,0.0,360,866761.0,941.3851239999999,2025.0,28564.942,41895.0,0
0.1,0.0,0.0,0.0,0.0,36.4,309.6,894.4,1105.0,False,True,True,False,False,False,False,False,True,0,0,0,36.4,0.0,309.6,0.0,894.4,0.0,1105.0,0.0,0.0,0.0,0.1,0.0,0.0,0.0,0.0,362,799951.36,0.0,0.010000000000000002,0.0,89.44,0
9.6,1666.7,104.4,0.0,48.024,117.0,244.8,1148.1,1288.7,False,True,True,False,False,False,False,False,True,0,0,0,117.0,0.0,244.8,0.0,1148.1,0.0,1288.7,0.0,48.024,0.0,9.6,0.0,0.4599955939119357,0.028813806435587428,0.0,329,1318133.6099999999,2306.304576,92.16,55136.3544,11021.759999999998,0
0.4,0.0,0.0,0.0,0.0,129.0,8.0,634.6,801.7,True,False,False,False,True,False,False,False,True,1,0,0,0.0,129.0,0.0,8.0,0.0,634.6,0.0,801.7,0.0,0.0,0.0,0.4,0.0,0.0,0.0,5,402717.16000000003,0.0,0.16000000000000003,0.0,253.84000000000003,1
0.2,0.0,0.0,0.0,0.0,4.2,172.8,908.0,1105.0,True,False,True,False,False,False,False,False,True,2,0,0,0.0,4.2,0.0,172.8,0.0,908.0,0.0,1105.0,0.0,0.0,0.0,0.2,0.0,0.0,0.0,313,824464.0,0.0,0.04000000000000001,0.0,181.60000000000002,0
6.6,2272.7,30.3,30.3,17.271,127.0,7.6,728.6,1062.2,True,False,True,False,False,False,False,False,True,1,0,0,0.0,127.0,0.0,7.6,0.0,728.6,0.0,1062.2,0.0,17.271,0.0,6.6,0.5699811887396455,0.007599327848229926,30.3,9,530857.9600000001,298.287441,43.559999999999995,12583.6506,4808.76,1
10.0,4000.0,72.0,150.0,49.62,49.7,6.5,1307.7,1331.2,True,False,False,False,False,False,True,True,False,1,0,0,0.0,49.7,0.0,6.5,0.0,1307.7,0.0,1331.2,0.0,49.62,0.0,10.0,0.6891570950403466,0.012404996898750773,150.0,356,1710079.29,2462.1443999999997,100.0,64888.074,13077.0,0
10.0,3500.0,0.0,0.0,0.0,47.5,63.1,836.5,875.4,False,True,False,False,False,False,True,False,True,0,0,0,47.5,0.0,63.1,0.0,836.5,0.0,875.4,0.0,0.0,0.0,10.0,0.0,0.0,0.0,0.0,350,699732.25,0.0,100.0,0.0,8365.0,0
0.2,0.0,0.0,0.0,0.0,69.4,97.8,928.6,1105.0,True,False,True,False,False,False,False,False,True,2,0,0,0.0,69.4,0.0,97.8,0.0,928.6,0.0,1105.0,0.0,0.0,0.0,0.2,0.0,0.0,0.0,346,862297.9600000001,0.0,0.04000000000000001,0.0,185.72000000000003,0
0.2,0.0,0.0,0.0,0.0,37.3,325.6,804.5,939.0,True,False,False,False,False,False,True,True,False,3,0,0,0.0,37.3,0.0,325.6,0.0,804.5,0.0,939.0,0.0,0.0,0.0,0.2,0.0,0.0,0.0,354,647220.25,0.0,0.04000000000000001,0.0,160.9,0
20.6,0.0,0.0,48.5,5.335,124.4,7.4,791.2,1062.2,False,True,True,False,False,False,False,False,True,0,0,0,124.4,0.0,7.4,0.0,791.2,0.0,1062.2,0.0,5.335,0.0,20.6,0.0,5335.0,5335.0,48.5,8,625997.4400000001,28.462225,424.36000000000007,4221.052000000001,16298.720000000001,1
8.0,4000.0,50.0,100.0,34.0,66.6,294.1,1245.5,1331.2,False,True,False,False,False,False,True,True,False,0,0,0,66.6,0.0,294.1,0.0,1245.5,0.0,1331.2,0.0,34.0,0.0,8.0,0.0,0.6799864002719946,0.00849999787500053,100.0,2,1551270.25,1156.0,64.0,42347.0,9964.0,0
0.5,2400.0,0.0,0.0,0.0,137.7,187.5,746.8,1227.0,False,True,False,True,False,False,False,False,True,0,0,1,137.7,0.0,187.5,0.0,746.8,0.0,1227.0,0.0,0.0,0.0,0.5,0.0,0.0,0.0,0.0,316,557710.2399999999,0.0,0.25,0.0,373.4,1
6.0,0.0,116.7,200.0,75.682,18.1,150.0,1176.3,1320.5,True,False,False,True,False,False,False,False,True,2,0,0,0.0,18.1,0.0,150.0,0.0,1176.3,0.0,1320.5,0.0,75.682,0.0,6.0,0.6485120093229706,75682.0,200.0,338,1383681.69,5727.7651240000005,36.0,89024.7366,7057.799999999999,0
0.2,450.0,0.0,0.0,0.0,6.0,41.3,920.6,1142.3,True,False,False,False,False,False,True,True,False,1,0,0,0.0,6.0,0.0,41.3,0.0,920.6,0.0,1142.3,0.0,0.0,0.0,0.2,0.0,0.0,0.0,348,847504.36,0.0,0.04000000000000001,0.0,184.12,0
0.2,3000.0,0.0,0.0,0.0,39.2,359.3,806.5,939.0,True,False,False,False,False,False,True,False,True,4,0,0,0.0,39.2,0.0,359.3,0.0,806.5,0.0,939.0,0.0,0.0,0.0,0.2,0.0,0.0,0.0,359,650442.25,0.0,0.04000000000000001,0.0,161.3,0
0.1,0.0,0.0,0.0,0.0,132.2,3.0,1036.8,1105.0,True,False,True,False,False,False,False,False,True,1,0,0,0.0,132.2,0.0,3.0,0.0,1036.8,0.0,1105.0,0.0,0.0,0.0,0.1,0.0,0.0,0.0,336,1074954.24,0.0,0.010000000000000002,0.0,103.68,0
0.4,0.0,0.0,0.0,0.0,66.8,43.7,861.2,939.0,True,False,False,False,False,False,True,True,False,3,0,0,0.0,66.8,0.0,43.7,0.0,861.2,0.0,939.0,0.0,0.0,0.0,0.4,0.0,0.0,0.0,340,741665.4400000001,0.0,0.16000000000000003,0.0,344.48,0
0.5,0.0,0.0,0.0,0.0,90.0,34.4,928.6,1105.0,True,False,True,False,False,False,False,False,True,4,1,1,0.0,90.0,0.0,34.4,0.0,928.6,0.0,1105.0,0.0,0.0,0.0,0.5,0.0,0.0,0.0,345,862297.9600000001,0.0,0.25,0.0,464.3,0
0.3,0.0,0.0,0.0,0.0,17.6,129.8,1031.2,1105.0,True,False,True,False,False,False,False,False,True,3,0,0,0.0,17.6,0.0,129.8,0.0,1031.2,0.0,1105.0,0.0,0.0,0.0,0.3,0.0,0.0,0.0,321,1063373.4400000002,0.0,0.09,0.0,309.36,0
6.0,4166.7,33.3,0.0,15.318,17.8,305.6,1323.0,1331.2,False,True,False,False,False,False,True,True,False,0,0,0,17.8,0.0,305.6,0.0,1323.0,0.0,1331.2,0.0,15.318,0.0,6.0,0.0,0.45998618660100304,0.003676289707372811,0.0,340,1750329.0,234.641124,36.0,20265.714,7938.0,0
0.2,0.0,0.0,0.0,0.0,44.4,1.4,1014.8,1331.4,True,False,True,False,False,False,False,True,False,1,0,0,0.0,44.4,0.0,1.4,0.0,1014.8,0.0,1331.4,0.0,0.0,0.0,0.2,0.0,0.0,0.0,355,1029819.0399999999,0.0,0.04000000000000001,0.0,202.96,0
0.1,250.0,0.0,0.0,0.0,24.7,55.8,910.6,1142.3,True,False,False,False,False,False,True,True,False,1,0,0,0.0,24.7,0.0,55.8,0.0,910.6,0.0,1142.3,0.0,0.0,0.0,0.1,0.0,0.0,0.0,343,829192.36,0.0,0.010000000000000002,0.0,91.06,0
0.5,1600.0,0.0,0.0,0.0,10.0,41.3,921.2,1142.3,False,True,False,False,False,False,True,True,False,0,0,0,10.0,0.0,41.3,0.0,921.2,0.0,1142.3,0.0,0.0,0.0,0.5,0.0,0.0,0.0,0.0,350,848609.4400000001,0.0,0.25,0.0,460.6,0
5.1,3000.0,98.0,235.3,70.963,8.4,219.4,991.4,1288.7,True,False,True,False,False,False,False,False,True,4,0,0,0.0,8.4,0.0,219.4,0.0,991.4,0.0,1288.7,0.0,70.963,0.0,5.1,0.7241048560728971,0.02365432544855818,235.3,310,982873.96,5035.747368999999,26.009999999999998,70352.71819999999,5056.139999999999,0
7.0,1666.7,57.1,0.0,26.266,13.0,430.7,1308.7,1331.2,False,True,False,False,False,False,True,True,False,0,0,0,13.0,0.0,430.7,0.0,1308.7,0.0,1331.2,0.0,26.266,0.0,7.0,0.0,0.45999194409905253,0.015759275358927606,0.0,337,1712695.6900000002,689.902756,49.0,34374.3142,9160.9,0
0.2,0.0,0.0,0.0,0.0,31.1,99.7,939.2,1089.9,False,True,False,True,False,False,False,False,True,0,0,0,31.1,0.0,99.7,0.0,939.2,0.0,1089.9,0.0,0.0,0.0,0.2,0.0,0.0,0.0,0.0,349,882096.6400000001,0.0,0.04000000000000001,0.0,187.84000000000003,0
8.7,0.0,0.0,0.0,0.0,226.2,5.4,825.0,1062.2,False,True,True,False,False,False,False,False,True,0,0,0,226.2,0.0,5.4,0.0,825.0,0.0,1062.2,0.0,0.0,0.0,8.7,0.0,0.0,0.0,0.0,4,680625.0,0.0,75.68999999999998,0.0,7177.499999999999,0
17.5,4566.2,150.0,0.0,69.0,14.5,230.3,1209.5,1320.5,False,True,False,True,False,False,False,False,True,0,0,0,14.5,0.0,230.3,0.0,1209.5,0.0,1320.5,0.0,69.0,0.0,17.5,0.0,0.4599969333537776,0.015111029934950301,0.0,345,1462890.25,4761.0,306.25,83455.5,21166.25,0
7.0,1428.6,0.0,0.0,0.0,130.4,11.2,703.2,1062.2,False,True,True,False,False,False,False,True,False,0,0,0,130.4,0.0,11.2,0.0,703.2,0.0,1062.2,0.0,0.0,0.0,7.0,0.0,0.0,0.0,0.0,11,494490.24000000005,0.0,49.0,0.0,4922.400000000001,1
0.2,0.0,0.0,0.0,0.0,77.6,67.4,960.4,1089.9,False,True,False,True,False,False,False,False,True,0,0,0,77.6,0.0,67.4,0.0,960.4,0.0,1089.9,0.0,0.0,0.0,0.2,0.0,0.0,0.0,0.0,341,922368.1599999999,0.0,0.04000000000000001,0.0,192.08,0
15.5,3088.8,58.0,0.0,26.68,80.1,15.1,714.2,875.4,True,False,False,False,False,False,True,True,False,2,0,0,0.0,80.1,0.0,15.1,0.0,714.2,0.0,875.4,0.0,26.68,0.0,15.5,0.4599920691022569,0.008637655841214762,0.0,3,510081.6400000001,711.8224,240.25,19054.856,11070.1,1
0.1,0.0,0.0,0.0,0.0,29.4,131.2,1028.8,1105.0,False,True,True,False,False,False,False,False,True,0,0,0,29.4,0.0,131.2,0.0,1028.8,0.0,1105.0,0.0,0.0,0.0,0.1,0.0,0.0,0.0,0.0,325,1058429.44,0.0,0.010000000000000002,0.0,102.88,0
0.2,0.0,0.0,0.0,0.0,45.5,97.6,946.0,1089.9,True,False,False,True,False,False,False,False,True,1,0,0,0.0,45.5,0.0,97.6,0.0,946.0,0.0,1089.9,0.0,0.0,0.0,0.2,0.0,0.0,0.0,347,894916.0,0.0,0.04000000000000001,0.0,189.20000000000002,0
0.1,0.0,0.0,0.0,0.0,53.2,335.2,928.0,1331.4,False,True,True,False,False,False,False,False,True,0,0,0,53.2,0.0,335.2,0.0,928.0,0.0,1331.4,0.0,0.0,0.0,0.1,0.0,0.0,0.0,0.0,329,861184.0,0.0,0.010000000000000002,0.0,92.80000000000001,0
0.1,0.0,3.0,0.0,1.38,94.6,316.3,716.4,1164.1,True,False,False,False,True,False,False,False,True,1,0,1,0.0,94.6,0.0,316.3,0.0,716.4,0.0,1164.1,0.0,1.38,0.0,0.1,0.4598467177607464,1379.9999999999998,0.0,315,513228.95999999996,1.9043999999999996,0.010000000000000002,988.632,71.64,1
0.5,0.0,0.0,0.0,0.0,20.4,164.9,929.1,1089.9,False,True,False,True,False,False,False,False,True,0,0,0,20.4,0.0,164.9,0.0,929.1,0.0,1089.9,0.0,0.0,0.0,0.5,0.0,0.0,0.0,0.0,353,863226.81,0.0,0.25,0.0,464.55,0
10.0,0.0,20.0,40.0,13.6,119.0,6.6,706.2,1062.2,False,True,True,False,False,False,False,False,True,0,0,0,119.0,0.0,6.6,0.0,706.2,0.0,1062.2,0.0,13.6,0.0,10.0,0.0,0.679966001699915,13600.0,40.0,16,498718.44000000006,184.95999999999998,100.0,9604.32,7062.0,1
0.1,600.0,0.0,0.0,0.0,95.4,107.6,954.8,1331.4,False,True,True,False,False,False,False,False,True,0,0,0,95.4,0.0,107.6,0.0,954.8,0.0,1331.4,0.0,0.0,0.0,0.1,0.0,0.0,0.0,0.0,6,911643.0399999999,0.0,0.010000000000000002,0.0,95.48,0
0.3,750.0,0.0,0.0,0.0,31.1,164.3,842.0,1142.3,False,True,False,False,False,False,True,False,True,0,0,0,31.1,0.0,164.3,0.0,842.0,0.0,1142.3,0.0,0.0,0.0,0.3,0.0,0.0,0.0,0.0,3,708964.0,0.0,0.09,0.0,252.6,0
12.0,4166.7,0.0,41.7,4.587,66.0,86.4,824.0,875.4,True,False,False,False,False,False,True,True,False,1,0,0,0.0,66.0,0.0,86.4,0.0,824.0,0.0,875.4,0.0,4.587,0.0,12.0,4587.0,0.0011008709288235464,41.7,352,678976.0,21.040568999999998,144.0,3779.6879999999996,9888.0,0
45.0,3225.8,0.0,66.7,7.337,44.7,6.0,1307.7,1331.2,True,False,False,False,False,False,True,False,True,1,1,1,0.0,44.7,0.0,6.0,0.0,1307.7,0.0,1331.2,0.0,7.337,0.0,45.0,7337.0,0.002274473843860796,66.7,354,1710079.29,53.831568999999995,2025.0,9594.5949,58846.5,0
10.0,3000.0,0.0,0.0,0.0,95.1,16.3,714.2,875.4,False,True,False,False,False,False,True,True,False,0,0,0,95.1,0.0,16.3,0.0,714.2,0.0,875.4,0.0,0.0,0.0,10.0,0.0,0.0,0.0,0.0,2,510081.6400000001,0.0,100.0,0.0,7142.0,1
0.1,0.0,0.0,0.0,0.0,20.5,114.4,931.0,1089.9,True,False,False,True,False,False,False,False,True,1,0,0,0.0,20.5,0.0,114.4,0.0,931.0,0.0,1089.9,0.0,0.0,0.0,0.1,0.0,0.0,0.0,351,866761.0,0.0,0.010000000000000002,0.0,93.10000000000001,0
20.0,4166.7,50.0,200.0,45.0,163.2,261.5,1089.3,1288.7,True,False,True,False,False,False,False,True,False,1,0,0,0.0,163.2,0.0,261.5,0.0,1089.3,0.0,1288.7,0.0,45.0,0.0,20.0,0.8999820003599929,0.010799911008733287,200.0,364,1186574.49,2025.0,400.0,49018.5,21786.0,0
0.1,0.0,0.0,0.0,0.0,20.4,318.6,929.1,1089.9,True,False,False,True,False,False,False,False,True,1,0,0,0.0,20.4,0.0,318.6,0.0,929.1,0.0,1089.9,0.0,0.0,0.0,0.1,0.0,0.0,0.0,355,863226.81,0.0,0.010000000000000002,0.0,92.91000000000001,0
0.1,0.0,0.0,0.0,0.0,124.2,2.4,962.2,1105.0,False,True,True,False,False,False,False,True,False,0,0,0,124.2,0.0,2.4,0.0,962.2,0.0,1105.0,0.0,0.0,0.0,0.1,0.0,0.0,0.0,0.0,340,925828.8400000001,0.0,0.010000000000000002,0.0,96.22000000000001,0
0.3,0.0,0.0,0.0,0.0,79.0,55.4,836.3,939.0,True,False,False,False,False,False,True,True,False,1,0,0,0.0,79.0,0.0,55.4,0.0,836.3,0.0,939.0,0.0,0.0,0.0,0.3,0.0,0.0,0.0,344,699397.69,0.0,0.09,0.0,250.89,0
16.0,2500.0,25.0,0.0,11.5,3.0,174.5,862.0,948.0,False,True,False,False,False,True,False,True,False,0,0,0,3.0,0.0,174.5,0.0,862.0,0.0,948.0,0.0,11.5,0.0,16.0,0.0,0.45998160073597055,0.004599998160000736,0.0,330,743044.0,132.25,256.0,9913.0,13792.0,0
4.0,3125.0,0.0,0.0,0.0,3.4,297.5,803.2,844.8,False,True,False,True,False,False,False,False,True,0,0,0,3.4,0.0,297.5,0.0,803.2,0.0,844.8,0.0,0.0,0.0,4.0,0.0,0.0,0.0,0.0,338,645130.2400000001,0.0,16.0,0.0,3212.8,1
20.5,0.0,0.0,0.0,0.0,13.0,244.4,1013.0,1062.2,True,False,True,False,False,False,False,False,True,1,1,1,0.0,13.0,0.0,244.4,0.0,1013.0,0.0,1062.2,0.0,0.0,0.0,20.5,0.0,0.0,0.0,325,1026169.0,0.0,420.25,0.0,20766.5,0
2.0,4166.7,100.0,250.0,73.5,60.2,237.8,1176.5,1320.5,True,False,False,True,False,False,False,False,True,1,0,1,0.0,60.2,0.0,237.8,0.0,1176.5,0.0,1320.5,0.0,73.5,0.0,2.0,0.7349926500734992,0.017639854647597705,250.0,333,1384152.25,5402.25,4.0,86472.75,2353.0,0
12.8,3000.0,78.1,0.0,35.926,45.4,25.9,1130.7,1288.7,True,False,True,False,False,False,False,False,True,1,0,0,0.0,45.4,0.0,25.9,0.0,1130.7,0.0,1288.7,0.0,35.926,0.0,12.8,0.4599941101906506,0.011975329341556887,0.0,359,1278482.49,1290.677476,163.84000000000003,40621.5282,14472.960000000001,0
8.2,3041.4,0.0,0.0,0.0,4.2,208.2,1210.4,1320.5,False,True,False,True,False,False,False,False,True,0,0,0,4.2,0.0,208.2,0.0,1210.4,0.0,1320.5,0.0,0.0,0.0,8.2,0.0,0.0,0.0,0.0,349,1465068.1600000001,0.0,67.24,0.0,9925.28,0
10.0,3000.0,0.0,0.0,0.0,167.6,41.8,931.0,1062.2,True,False,True,False,False,False,False,False,True,1,1,1,0.0,167.6,0.0,41.8,0.0,931.0,0.0,1062.2,0.0,0.0,0.0,10.0,0.0,0.0,0.0,360,866761.0,0.0,100.0,0.0,9310.0,0
0.1,0.0,0.0,0.0,0.0,132.2,3.0,1036.8,1105.0,True,False,True,False,False,False,False,False,True,3,0,0,0.0,132.2,0.0,3.0,0.0,1036.8,0.0,1105.0,0.0,0.0,0.0,0.1,0.0,0.0,0.0,336,1074954.24,0.0,0.010000000000000002,0.0,103.68,0
0.1,0.0,0.0,0.0,0.0,20.4,318.6,929.1,1089.9,False,True,False,True,False,False,False,False,True,0,0,0,20.4,0.0,318.6,0.0,929.1,0.0,1089.9,0.0,0.0,0.0,0.1,0.0,0.0,0.0,0.0,355,863226.81,0.0,0.010000000000000002,0.0,92.91000000000001,0
10.0,400.0,30.0,0.0,13.8,168.0,30.6,757.7,806.1,True,False,False,False,True,False,False,False,True,1,0,0,0.0,168.0,0.0,30.6,0.0,757.7,0.0,806.1,0.0,13.8,0.0,10.0,0.45998466717776076,0.034499913750215626,0.0,357,574109.29,190.44000000000003,100.0,10456.260000000002,7577.0,1
17.3,0.0,58.0,115.9,39.429,91.6,71.4,1021.0,1062.2,True,False,True,False,False,False,False,False,True,1,0,0,0.0,91.6,0.0,71.4,0.0,1021.0,0.0,1062.2,0.0,39.429,0.0,17.3,0.6797986241616525,39429.0,115.9,351,1042441.0,1554.6460410000002,299.29,40257.009000000005,17663.3,0
25.0,3225.8,40.0,0.0,18.4,124.5,101.9,911.9,1108.4,False,True,False,False,True,False,False,False,True,0,0,0,124.5,0.0,101.9,0.0,911.9,0.0,1108.4,0.0,18.4,0.0,25.0,0.0,0.45998850028749283,0.0057040096397762904,0.0,331,831561.61,338.55999999999995,625.0,16778.96,22797.5,0
0.2,0.0,0.0,0.0,0.0,172.2,151.3,754.0,939.0,True,False,False,False,False,False,True,True,False,3,0,0,0.0,172.2,0.0,151.3,0.0,754.0,0.0,939.0,0.0,0.0,0.0,0.2,0.0,0.0,0.0,3,568516.0,0.0,0.04000000000000001,0.0,150.8,1
30.0,2333.3,40.0,0.0,18.4,47.0,42.5,862.0,948.0,True,False,False,False,False,True,False,False,True,2,1,1,0.0,47.0,0.0,42.5,0.0,862.0,0.0,948.0,0.0,18.4,0.0,30.0,0.45998850028749283,0.00788582356069791,0.0,353,743044.0,338.55999999999995,900.0,15860.8,25860.0,0
0.2,0.0,0.0,0.0,0.0,31.1,99.7,939.2,1089.9,True,False,False,True,False,False,False,False,True,1,0,0,0.0,31.1,0.0,99.7,0.0,939.2,0.0,1089.9,0.0,0.0,0.0,0.2,0.0,0.0,0.0,349,882096.6400000001,0.0,0.04000000000000001,0.0,187.84000000000003,0
10.0,0.0,0.0,0.0,0.0,200.0,6.8,706.0,1062.2,False,True,True,False,False,False,False,False,True,0,0,0,200.0,0.0,6.8,0.0,706.0,0.0,1062.2,0.0,0.0,0.0,10.0,0.0,0.0,0.0,0.0,13,498436.0,0.0,100.0,0.0,7060.0,1
5.0,4000.0,0.0,0.0,0.0,96.0,73.4,990.6,1062.2,False,True,True,False,False,False,False,False,True,0,0,0,96.0,0.0,73.4,0.0,990.6,0.0,1062.2,0.0,0.0,0.0,5.0,0.0,0.0,0.0,0.0,353,981288.3600000001,0.0,25.0,0.0,4953.0,0
0.3,500.0,0.0,0.0,0.0,24.8,52.3,863.2,1227.0,False,True,False,True,False,False,False,False,True,0,0,0,24.8,0.0,52.3,0.0,863.2,0.0,1227.0,0.0,0.0,0.0,0.3,0.0,0.0,0.0,0.0,343,745114.2400000001,0.0,0.09,0.0,258.96,0
9.5,3157.9,0.0,0.0,0.0,144.8,43.8,857.2,1062.2,False,True,True,False,False,False,False,False,True,0,0,0,144.8,0.0,43.8,0.0,857.2,0.0,1062.2,0.0,0.0,0.0,9.5,0.0,0.0,0.0,0.0,365,734791.8400000001,0.0,90.25,0.0,8143.400000000001,0
0.2,0.0,0.0,0.0,0.0,29.6,218.1,957.4,1089.9,True,False,False,True,False,False,False,False,True,4,1,1,0.0,29.6,0.0,218.1,0.0,957.4,0.0,1089.9,0.0,0.0,0.0,0.2,0.0,0.0,0.0,315,916614.76,0.0,0.04000000000000001,0.0,191.48000000000002,0
7.4,0.0,0.0,54.3,5.973,168.2,5.4,817.8,1062.2,False,True,True,False,False,False,False,False,True,0,0,0,168.2,0.0,5.4,0.0,817.8,0.0,1062.2,0.0,5.973,0.0,7.4,0.0,5973.0,5973.0,54.3,6,668796.84,35.676729,54.760000000000005,4884.7194,6051.72,0
0.7,0.0,0.0,0.0,0.0,11.5,21.3,933.3,1142.3,False,True,False,False,False,False,True,False,True,0,0,0,11.5,0.0,21.3,0.0,933.3,0.0,1142.3,0.0,0.0,0.0,0.7,0.0,0.0,0.0,0.0,352,871048.8899999999,0.0,0.48999999999999994,0.0,653.31,0
18.5,0.0,48.8,70.5,30.203,2.2,275.4,1018.0,1062.2,True,False,True,False,False,False,False,False,True,2,1,1,0.0,2.2,0.0,275.4,0.0,1018.0,0.0,1062.2,0.0,30.203,0.0,18.5,0.6189012520235242,30203.0,70.5,339,1036324.0,912.2212089999999,342.25,30746.654,18833.0,0
0.1,0.0,0.0,0.0,0.0,4.4,147.6,738.0,1105.0,False,True,True,False,False,False,False,False,True,0,0,0,4.4,0.0,147.6,0.0,738.0,0.0,1105.0,0.0,0.0,0.0,0.1,0.0,0.0,0.0,0.0,308,544644.0,0.0,0.010000000000000002,0.0,73.8,1
0.1,0.0,0.0,0.0,0.0,130.4,248.4,872.6,1105.0,True,False,True,False,False,False,False,False,True,1,0,0,0.0,130.4,0.0,248.4,0.0,872.6,0.0,1105.0,0.0,0.0,0.0,0.1,0.0,0.0,0.0,2,761430.76,0.0,0.010000000000000002,0.0,87.26,0
0.1,0.0,0.0,0.0,0.0,83.2,67.3,946.1,1089.9,True,False,False,True,False,False,False,False,True,1,0,0,0.0,83.2,0.0,67.3,0.0,946.1,0.0,1089.9,0.0,0.0,0.0,0.1,0.0,0.0,0.0,344,895105.2100000001,0.0,0.010000000000000002,0.0,94.61000000000001,0
11.0,4166.7,0.0,0.0,0.0,66.7,280.0,1263.0,1331.2,True,False,False,False,False,False,True,True,False,1,1,1,0.0,66.7,0.0,280.0,0.0,1263.0,0.0,1331.2,0.0,0.0,0.0,11.0,0.0,0.0,0.0,362,1595169.0,0.0,121.0,0.0,13893.0,0
9.5,2631.6,126.0,0.0,57.96,35.7,7.6,645.0,844.8,False,True,False,True,False,False,False,False,True,0,0,0,35.7,0.0,7.6,0.0,645.0,0.0,844.8,0.0,57.96,0.0,9.5,0.0,0.4599963492353235,0.022024615433722666,0.0,9,416025.0,3359.3616,90.25,37384.2,6127.5,1
8.0,1500.0,0.0,0.0,0.0,109.8,52.5,755.5,875.4,True,False,False,False,False,False,True,True,False,1,0,0,0.0,109.8,0.0,52.5,0.0,755.5,0.0,875.4,0.0,0.0,0.0,8.0,0.0,0.0,0.0,361,570780.25,0.0,64.0,0.0,6044.0,1
0.1,312.0,0.0,0.0,0.0,31.7,117.3,725.9,1142.3,True,False,False,False,False,False,True,True,False,2,0,0,0.0,31.7,0.0,117.3,0.0,725.9,0.0,1142.3,0.0,0.0,0.0,0.1,0.0,0.0,0.0,337,526930.8099999999,0.0,0.010000000000000002,0.0,72.59,1
1.0,2500.0,0.0,0.0,0.0,58.4,192.0,785.8,1180.0,True,False,False,False,False,True,False,True,False,1,0,0,0.0,58.4,0.0,192.0,0.0,785.8,0.0,1180.0,0.0,0.0,0.0,1.0,0.0,0.0,0.0,337,617481.6399999999,0.0,1.0,0.0,785.8,1
0.1,0.0,0.0,0.0,0.0,79.6,27.7,883.5,939.0,True,False,False,False,False,False,True,False,True,2,0,0,0.0,79.6,0.0,27.7,0.0,883.5,0.0,939.0,0.0,0.0,0.0,0.1,0.0,0.0,0.0,335,780572.25,0.0,0.010000000000000002,0.0,88.35000000000001,0
0.1,0.0,0.0,0.0,0.0,144.6,13.8,928.4,1105.0,True,False,True,False,False,False,False,False,True,3,0,0,0.0,144.6,0.0,13.8,0.0,928.4,0.0,1105.0,0.0,0.0,0.0,0.1,0.0,0.0,0.0,343,861926.5599999999,0.0,0.010000000000000002,0.0,92.84,0
0.1,0.0,0.0,0.0,0.0,81.9,42.8,825.4,1227.0,True,False,False,True,False,False,False,False,True,1,0,1,0.0,81.9,0.0,42.8,0.0,825.4,0.0,1227.0,0.0,0.0,0.0,0.1,0.0,0.0,0.0,359,681285.1599999999,0.0,0.010000000000000002,0.0,82.54,0
8.4,4166.7,59.5,119.0,40.46,28.4,148.2,1137.1,1288.7,False,True,True,False,False,False,False,False,True,0,1,0,28.4,0.0,148.2,0.0,1137.1,0.0,1288.7,0.0,40.46,0.0,8.4,0.0,0.6799885716206451,0.009710319986963308,119.0,343,1292996.4099999997,1637.0116,70.56,46007.066,9551.64,0
3.9,6410.3,0.0,0.0,0.0,88.9,1.6,665.5,844.8,False,True,False,True,False,False,False,False,True,0,0,0,88.9,0.0,1.6,0.0,665.5,0.0,844.8,0.0,0.0,0.0,3.9,0.0,0.0,0.0,0.0,2,442890.25,0.0,15.209999999999999,0.0,2595.45,1
50.0,3400.0,0.0,0.0,0.0,47.5,97.2,836.5,875.4,False,True,False,False,False,False,True,False,True,0,0,0,47.5,0.0,97.2,0.0,836.5,0.0,875.4,0.0,0.0,0.0,50.0,0.0,0.0,0.0,0.0,349,699732.25,0.0,2500.0,0.0,41825.0,0
2.0,1500.0,0.0,0.0,0.0,43.1,15.1,713.4,875.4,False,True,False,False,False,False,True,True,False,0,0,0,43.1,0.0,15.1,0.0,713.4,0.0,875.4,0.0,0.0,0.0,2.0,0.0,0.0,0.0,0.0,7,508939.55999999994,0.0,4.0,0.0,1426.8,1
15.0,2600.0,0.0,0.0,0.0,80.1,15.1,714.2,875.4,False,True,False,False,False,False,True,True,False,0,0,0,80.1,0.0,15.1,0.0,714.2,0.0,875.4,0.0,0.0,0.0,15.0,0.0,0.0,0.0,0.0,3,510081.6400000001,0.0,225.0,0.0,10713.0,1
1.5,0.0,0.0,0.0,0.0,226.2,5.4,825.0,1062.2,False,True,True,False,False,False,False,True,False,0,0,0,226.2,0.0,5.4,0.0,825.0,0.0,1062.2,0.0,0.0,0.0,1.5,0.0,0.0,0.0,0.0,4,680625.0,0.0,2.25,0.0,1237.5,0
3.8,0.0,26.7,40.0,16.682,165.6,53.8,962.4,1062.2,True,False,True,False,False,False,False,False,True,2,0,0,0.0,165.6,0.0,53.8,0.0,962.4,0.0,1062.2,0.0,16.682,0.0,3.8,0.6247706078424028,16682.0,40.0,357,926213.76,278.28912399999996,14.44,16054.756799999997,3657.12,0
10.0,3928.6,0.0,0.0,0.0,32.5,97.8,910.4,1108.4,False,True,False,False,True,False,False,False,True,0,0,0,32.5,0.0,97.8,0.0,910.4,0.0,1108.4,0.0,0.0,0.0,10.0,0.0,0.0,0.0,0.0,336,828828.1599999999,0.0,100.0,0.0,9104.0,0
0.5,0.0,0.0,0.0,0.0,84.4,63.5,973.3,1089.9,True,False,False,True,False,False,False,False,True,1,0,0,0.0,84.4,0.0,63.5,0.0,973.3,0.0,1089.9,0.0,0.0,0.0,0.5,0.0,0.0,0.0,339,947312.8899999999,0.0,0.25,0.0,486.65,0
0.0,0.0,0.0,2.0,0.22,44.4,1.4,1014.8,1331.4,True,False,True,False,False,False,False,False,True,2,0,0,0.0,44.4,0.0,1.4,0.0,1014.8,0.0,1331.4,0.0,0.22,0.0,0.0,220.0,220.0,2.0,355,1029819.0399999999,0.0484,0.0,223.256,0.0,0
0.7,0.0,0.0,0.0,0.0,42.4,8.7,911.7,1164.1,False,True,False,False,True,False,False,False,True,0,0,0,42.4,0.0,8.7,0.0,911.7,0.0,1164.1,0.0,0.0,0.0,0.7,0.0,0.0,0.0,0.0,348,831196.8900000001,0.0,0.48999999999999994,0.0,638.1899999999999,0
0.1,0.0,0.0,0.0,0.0,35.8,225.4,957.0,1331.4,False,True,True,False,False,False,False,False,True,0,0,0,35.8,0.0,225.4,0.0,957.0,0.0,1331.4,0.0,0.0,0.0,0.1,0.0,0.0,0.0,0.0,341,915849.0,0.0,0.010000000000000002,0.0,95.7,0
0.1,300.0,0.0,0.0,0.0,6.0,41.3,908.6,1142.3,True,False,False,False,False,False,True,True,False,1,0,0,0.0,6.0,0.0,41.3,0.0,908.6,0.0,1142.3,0.0,0.0,0.0,0.1,0.0,0.0,0.0,347,825553.9600000001,0.0,0.010000000000000002,0.0,90.86000000000001,0
31.1,2891.1,19.3,0.0,8.878,64.0,41.0,862.0,948.0,True,False,False,False,False,True,False,True,False,1,1,0,0.0,64.0,0.0,41.0,0.0,862.0,0.0,948.0,0.0,8.878,0.0,31.1,0.4599761670379773,0.0030708024382406565,0.0,355,743044.0,78.818884,967.21,7652.836,26808.2,0
14.9,3364.7,0.0,0.0,0.0,45.6,15.1,713.4,875.4,True,False,False,False,False,False,True,True,False,2,0,0,0.0,45.6,0.0,15.1,0.0,713.4,0.0,875.4,0.0,0.0,0.0,14.9,0.0,0.0,0.0,6,508939.55999999994,0.0,222.01000000000002,0.0,10629.66,1
5.0,2400.0,70.0,150.0,48.7,80.1,15.1,714.2,875.4,False,True,False,False,False,False,True,False,True,0,0,0,80.1,0.0,15.1,0.0,714.2,0.0,875.4,0.0,48.7,0.0,5.0,0.0,0.695704347080756,0.020291658211809078,150.0,3,510081.6400000001,2371.69,25.0,34781.54,3571.0,1
0.1,0.0,0.0,0.0,0.0,63.9,342.6,927.9,1089.9,False,True,False,True,False,False,False,False,True,0,0,0,63.9,0.0,342.6,0.0,927.9,0.0,1089.9,0.0,0.0,0.0,0.1,0.0,0.0,0.0,0.0,363,860998.4099999999,0.0,0.010000000000000002,0.0,92.79,0
0.1,0.0,0.0,0.0,0.0,79.2,218.6,932.6,1331.4,False,True,True,False,False,False,False,False,True,0,0,0,79.2,0.0,218.6,0.0,932.6,0.0,1331.4,0.0,0.0,0.0,0.1,0.0,0.0,0.0,0.0,327,869742.76,0.0,0.010000000000000002,0.0,93.26,0
40.0,4000.0,0.0,120.0,13.2,130.4,11.2,703.2,1062.2,True,False,True,False,False,False,False,False,True,1,1,1,0.0,130.4,0.0,11.2,0.0,703.2,0.0,1062.2,0.0,13.2,0.0,40.0,13199.999999999998,0.003299999175000206,120.0,11,494490.24000000005,174.23999999999998,1600.0,9282.24,28128.0,1
0.4,0.0,0.0,0.0,0.0,20.4,318.6,929.1,1089.9,False,True,False,True,False,False,False,False,True,0,0,0,20.4,0.0,318.6,0.0,929.1,0.0,1089.9,0.0,0.0,0.0,0.4,0.0,0.0,0.0,0.0,355,863226.81,0.0,0.16000000000000003,0.0,371.64000000000004,0
0.1,0.0,0.0,0.0,0.0,14.6,224.8,974.0,1105.0,True,False,True,False,False,False,False,False,True,4,1,0,0.0,14.6,0.0,224.8,0.0,974.0,0.0,1105.0,0.0,0.0,0.0,0.1,0.0,0.0,0.0,317,948676.0,0.0,0.010000000000000002,0.0,97.4,0
0.2,0.0,0.0,0.0,0.0,69.4,97.8,928.6,1105.0,True,False,True,False,False,False,False,False,True,1,0,0,0.0,69.4,0.0,97.8,0.0,928.6,0.0,1105.0,0.0,0.0,0.0,0.2,0.0,0.0,0.0,346,862297.9600000001,0.0,0.04000000000000001,0.0,185.72000000000003,0
6.6,1666.7,0.0,45.7,5.027,99.0,190.2,1105.7,1288.7,True,False,True,False,False,False,False,False,True,2,0,0,0.0,99.0,0.0,190.2,0.0,1105.7,0.0,1288.7,0.0,5.027,0.0,6.6,5027.0,0.0030161378675599283,45.7,333,1222572.49,25.270729000000003,43.559999999999995,5558.3539,7297.62,0
2.0,4166.7,50.0,0.0,23.0,13.2,122.0,1132.3,1288.7,False,True,True,False,False,False,False,False,True,0,0,0,13.2,0.0,122.0,0.0,1132.3,0.0,1288.7,0.0,23.0,0.0,2.0,0.0,0.45999080018399635,0.005519954515574792,0.0,349,1282103.2899999998,529.0,4.0,26042.899999999998,2264.6,0
25.0,3571.4,60.0,120.0,40.8,49.5,6.0,1307.7,1331.2,False,True,False,False,False,False,True,True,False,0,0,0,49.5,0.0,6.0,0.0,1307.7,0.0,1331.2,0.0,40.8,0.0,25.0,0.0,0.6799886668555524,0.011424088193960855,120.0,352,1710079.29,1664.6399999999999,625.0,53354.159999999996,32692.5,0
0.1,0.0,0.0,0.0,0.0,69.4,97.8,928.6,1105.0,False,True,True,False,False,False,False,False,True,0,0,0,69.4,0.0,97.8,0.0,928.6,0.0,1105.0,0.0,0.0,0.0,0.1,0.0,0.0,0.0,0.0,346,862297.9600000001,0.0,0.010000000000000002,0.0,92.86000000000001,0
6.7,1492.5,0.0,0.0,0.0,13.2,122.0,1132.3,1288.7,False,True,True,False,False,False,False,False,True,0,0,0,13.2,0.0,122.0,0.0,1132.3,0.0,1288.7,0.0,0.0,0.0,6.7,0.0,0.0,0.0,0.0,348,1282103.2899999998,0.0,44.89,0.0,7586.41,0
11.0,4545.5,0.0,0.0,0.0,49.5,6.0,1307.7,1331.2,False,True,False,False,False,False,True,False,True,0,0,0,49.5,0.0,6.0,0.0,1307.7,0.0,1331.2,0.0,0.0,0.0,11.0,0.0,0.0,0.0,0.0,352,1710079.29,0.0,121.0,0.0,14384.7,0
0.2,3000.0,0.0,0.0,0.0,45.7,357.1,804.5,939.0,True,False,False,False,False,False,True,False,True,4,0,0,0.0,45.7,0.0,357.1,0.0,804.5,0.0,939.0,0.0,0.0,0.0,0.2,0.0,0.0,0.0,355,647220.25,0.0,0.04000000000000001,0.0,160.9,0
5.0,5000.0,120.0,106.0,66.86,88.9,1.6,665.5,844.8,False,True,False,True,False,False,False,False,True,0,0,0,88.9,0.0,1.6,0.0,665.5,0.0,844.8,0.0,66.86,0.0,5.0,0.0,0.5571620236498029,0.013371997325600534,106.0,2,442890.25,4470.2596,25.0,44495.33,3327.5,1
0.4,0.0,0.0,0.0,0.0,20.4,318.6,929.1,1089.9,False,True,False,True,False,False,False,False,True,0,0,0,20.4,0.0,318.6,0.0,929.1,0.0,1089.9,0.0,0.0,0.0,0.4,0.0,0.0,0.0,0.0,355,863226.81,0.0,0.16000000000000003,0.0,371.64000000000004,0
0.1,0.0,0.0,0.0,0.0,9.4,366.2,896.2,1105.0,False,True,True,False,False,False,False,False,True,0,0,0,9.4,0.0,366.2,0.0,896.2,0.0,1105.0,0.0,0.0,0.0,0.1,0.0,0.0,0.0,0.0,357,803174.4400000001,0.0,0.010000000000000002,0.0,89.62,0
0.1,0.0,0.0,0.0,0.0,84.4,57.7,973.3,1089.9,True,False,False,True,False,False,False,False,True,1,0,0,0.0,84.4,0.0,57.7,0.0,973.3,0.0,1089.9,0.0,0.0,0.0,0.1,0.0,0.0,0.0,338,947312.8899999999,0.0,0.010000000000000002,0.0,97.33,0
0.1,320.0,0.0,0.0,0.0,100.4,138.4,841.2,1142.3,True,False,False,False,False,False,True,True,False,2,0,1,0.0,100.4,0.0,138.4,0.0,841.2,0.0,1142.3,0.0,0.0,0.0,0.1,0.0,0.0,0.0,363,707617.4400000001,0.0,0.010000000000000002,0.0,84.12,0
42.1,0.0,0.0,0.0,0.0,87.4,70.6,804.9,844.8,False,True,False,True,False,False,False,False,True,0,0,0,87.4,0.0,70.6,0.0,804.9,0.0,844.8,0.0,0.0,0.0,42.1,0.0,0.0,0.0,0.0,353,647864.01,0.0,1772.41,0.0,33886.29,0
55.0,1090.9,36.4,90.9,26.743,171.7,30.6,718.2,806.1,True,False,False,False,True,False,False,False,True,2,1,1,0.0,171.7,0.0,30.6,0.0,718.2,0.0,806.1,0.0,26.743,0.0,55.0,0.7346776187467378,0.02451459848327208,90.9,362,515811.24000000005,715.188049,3025.0,19206.8226,39501.0,1
30.0,1666.7,50.0,0.0,23.0,65.2,225.5,1263.0,1331.2,False,True,False,False,False,False,True,True,False,0,0,0,65.2,0.0,225.5,0.0,1263.0,0.0,1331.2,0.0,23.0,0.0,30.0,0.0,0.45999080018399635,0.013799715725856048,0.0,361,1595169.0,529.0,900.0,29049.0,37890.0,0
45.0,4000.0,66.7,0.0,30.682,73.0,115.3,910.4,1108.4,True,False,False,False,True,False,False,False,True,1,0,0,0.0,73.0,0.0,115.3,0.0,910.4,0.0,1108.4,0.0,30.682,0.0,45.0,0.45999310355167083,0.007670498082375478,0.0,333,828828.1599999999,941.3851239999999,2025.0,27932.892799999998,40968.0,0
13.3,3375.8,0.0,112.5,12.375,226.2,5.4,825.0,1062.2,True,False,True,False,False,False,False,False,True,3,1,0,0.0,226.2,0.0,5.4,0.0,825.0,0.0,1062.2,0.0,12.375,0.0,13.3,12375.0,0.0036657966509281792,112.5,4,680625.0,153.140625,176.89000000000001,10209.375,10972.5,0
50.0,4166.7,60.0,0.0,27.6,47.5,65.0,881.9,1108.4,False,True,False,False,True,False,False,False,True,0,0,0,47.5,0.0,65.0,0.0,881.9,0.0,1108.4,0.0,27.6,0.0,50.0,0.0,0.459992333461109,0.00662394541868975,0.0,361,777747.61,761.7600000000001,2500.0,24340.440000000002,44095.0,0
0.1,0.0,0.0,0.0,0.0,79.0,55.4,836.3,939.0,True,False,False,False,False,False,True,True,False,2,0,0,0.0,79.0,0.0,55.4,0.0,836.3,0.0,939.0,0.0,0.0,0.0,0.1,0.0,0.0,0.0,344,699397.69,0.0,0.010000000000000002,0.0,83.63,0
0.2,450.0,0.0,0.0,0.0,36.4,35.9,725.5,1142.3,False,True,False,False,False,False,True,True,False,0,0,0,36.4,0.0,35.9,0.0,725.5,0.0,1142.3,0.0,0.0,0.0,0.2,0.0,0.0,0.0,0.0,324,526350.25,0.0,0.04000000000000001,0.0,145.1,1
100.0,4000.0,25.0,0.0,11.5,3.0,136.5,866.5,948.0,False,True,False,False,False,True,False,True,False,0,0,0,3.0,0.0,136.5,0.0,866.5,0.0,948.0,0.0,11.5,0.0,100.0,0.0,0.45998160073597055,0.0028749992812501794,0.0,334,750822.25,132.25,10000.0,9964.75,86650.0,0
7.4,5405.4,0.0,0.0,0.0,167.6,41.8,931.0,1062.2,False,True,True,False,False,False,False,True,False,0,0,0,167.6,0.0,41.8,0.0,931.0,0.0,1062.2,0.0,0.0,0.0,7.4,0.0,0.0,0.0,0.0,360,866761.0,0.0,54.760000000000005,0.0,6889.400000000001,0
0.1,0.0,0.0,0.0,0.0,36.6,21.4,1006.0,1331.4,False,True,True,False,False,False,False,False,True,0,0,1,36.6,0.0,21.4,0.0,1006.0,0.0,1331.4,0.0,0.0,0.0,0.1,0.0,0.0,0.0,0.0,345,1012036.0,0.0,0.010000000000000002,0.0,100.60000000000001,0
0.0,0.0,0.0,0.0,0.0,131.0,2.4,962.2,1105.0,False,True,True,False,False,False,False,False,True,0,0,0,131.0,0.0,2.4,0.0,962.2,0.0,1105.0,0.0,0.0,0.0,0.0,0.0,0.0,0.0,0.0,339,925828.8400000001,0.0,0.0,0.0,0.0,0
0.2,1000.0,13.0,8.0,6.86,46.8,195.6,795.8,1180.0,False,True,False,False,False,True,False,False,True,0,0,0,46.8,0.0,195.6,0.0,795.8,0.0,1180.0,0.0,6.86,0.0,0.2,0.0,0.5276517190985309,0.00685999314000686,8.0,331,633297.6399999999,47.0596,0.04000000000000001,5459.188,159.16,1
12.0,0.0,0.0,75.0,8.25,198.2,43.4,934.2,1062.2,False,True,True,False,False,False,False,False,True,0,0,0,198.2,0.0,43.4,0.0,934.2,0.0,1062.2,0.0,8.25,0.0,12.0,0.0,8250.0,8250.0,75.0,358,872729.6400000001,68.0625,144.0,7707.150000000001,11210.400000000001,0
5.1,2941.2,39.2,0.0,18.032,200.0,6.8,706.0,1062.2,False,True,True,False,False,False,False,False,True,0,0,0,200.0,0.0,6.8,0.0,706.0,0.0,1062.2,0.0,18.032,0.0,5.1,0.0,0.45998826560546924,0.0061308288688872335,0.0,13,498436.0,325.153024,26.009999999999998,12730.592,3600.6,1
0.1,3571.4,0.0,0.0,0.0,79.6,25.2,885.3,939.0,True,False,False,False,False,False,True,False,True,4,0,0,0.0,79.6,0.0,25.2,0.0,885.3,0.0,939.0,0.0,0.0,0.0,0.1,0.0,0.0,0.0,334,783756.09,0.0,0.010000000000000002,0.0,88.53,0
0.1,0.0,0.0,0.0,0.0,130.4,248.4,872.6,1105.0,False,True,True,False,False,False,False,False,True,0,0,0,130.4,0.0,248.4,0.0,872.6,0.0,1105.0,0.0,0.0,0.0,0.1,0.0,0.0,0.0,0.0,2,761430.76,0.0,0.010000000000000002,0.0,87.26,0
0.2,0.0,0.0,0.0,0.0,91.5,27.9,1011.0,1089.9,True,False,False,True,False,False,False,False,True,1,0,0,0.0,91.5,0.0,27.9,0.0,1011.0,0.0,1089.9,0.0,0.0,0.0,0.2,0.0,0.0,0.0,337,1022121.0,0.0,0.04000000000000001,0.0,202.20000000000002,0
20.0,3750.0,25.0,0.0,11.5,171.7,30.6,718.2,806.1,False,True,False,False,True,False,False,False,True,0,1,0,171.7,0.0,30.6,0.0,718.2,0.0,806.1,0.0,11.5,0.0,20.0,0.0,0.45998160073597055,0.0030666658488891067,0.0,361,515811.24000000005,132.25,400.0,8259.300000000001,14364.0,1
0.4,0.0,37.8,0.0,17.388,119.9,45.4,697.7,1180.0,True,False,False,False,False,True,False,False,True,4,0,0,0.0,119.9,0.0,45.4,0.0,697.7,0.0,1180.0,0.0,17.388,0.0,0.4,0.45998783100976176,17388.0,0.0,363,486785.29000000004,302.34254400000003,0.16000000000000003,12131.607600000001,279.08000000000004,1
0.3,0.0,0.0,0.0,0.0,132.2,3.0,1036.8,1105.0,True,False,True,False,False,False,False,False,True,1,0,0,0.0,132.2,0.0,3.0,0.0,1036.8,0.0,1105.0,0.0,0.0,0.0,0.3,0.0,0.0,0.0,336,1074954.24,0.0,0.09,0.0,311.03999999999996,0
5.1,4687.5,58.6,165.0,45.106,226.2,5.4,825.0,1062.2,True,False,True,False,False,False,False,False,True,1,0,1,0.0,226.2,0.0,5.4,0.0,825.0,0.0,1062.2,0.0,45.106,0.0,5.1,0.7697138274090887,0.009622611280509593,165.0,4,680625.0,2034.5512360000002,26.009999999999998,37212.450000000004,4207.5,0
47.0,1276.6,31.9,42.6,19.36,86.9,1.2,665.5,844.8,False,True,False,True,False,False,False,False,True,0,0,0,86.9,0.0,1.2,0.0,665.5,0.0,844.8,0.0,19.36,0.0,47.0,0.0,0.6068775273502398,0.015165270902968117,42.6,3,442890.25,374.8096,2209.0,12884.08,31278.5,1
20.0,0.0,0.0,0.0,0.0,200.0,6.8,706.0,1062.2,False,True,True,False,False,False,False,False,True,0,0,0,200.0,0.0,6.8,0.0,706.0,0.0,1062.2,0.0,0.0,0.0,20.0,0.0,0.0,0.0,0.0,13,498436.0,0.0,400.0,0.0,14120.0,1
0.1,0.0,0.0,0.0,0.0,88.7,299.5,685.3,801.7,True,False,False,False,True,False,False,False,True,2,0,0,0.0,88.7,0.0,299.5,0.0,685.3,0.0,801.7,0.0,0.0,0.0,0.1,0.0,0.0,0.0,364,469636.0899999999,0.0,0.010000000000000002,0.0,68.53,1
0.3,950.0,0.0,0.0,0.0,135.0,162.6,906.4,1331.4,True,False,True,False,False,False,False,False,True,2,0,1,0.0,135.0,0.0,162.6,0.0,906.4,0.0,1331.4,0.0,0.0,0.0,0.3,0.0,0.0,0.0,317,821560.96,0.0,0.09,0.0,271.91999999999996,0
30.0,1500.0,0.0,26.7,2.937,0.0,395.9,836.5,875.4,True,False,False,False,False,False,True,True,False,1,0,0,0.0,0.0,0.0,395.9,0.0,836.5,0.0,875.4,0.0,2.937,0.0,30.0,2936.9999999999995,0.001957998694667537,26.7,336,699732.25,8.625969,900.0,2456.8005,25095.0,0
0.2,0.0,0.0,0.0,0.0,59.0,1.7,738.5,801.7,False,True,False,False,True,False,False,False,True,0,0,0,59.0,0.0,1.7,0.0,738.5,0.0,801.7,0.0,0.0,0.0,0.2,0.0,0.0,0.0,0.0,340,545382.25,0.0,0.04000000000000001,0.0,147.70000000000002,1
0.1,0.0,0.0,0.0,0.0,79.2,235.2,929.0,1331.4,False,True,True,False,False,False,False,False,True,0,0,0,79.2,0.0,235.2,0.0,929.0,0.0,1331.4,0.0,0.0,0.0,0.1,0.0,0.0,0.0,0.0,328,863041.0,0.0,0.010000000000000002,0.0,92.9,0
9.0,2777.8,55.6,55.6,31.692,81.5,82.0,824.0,875.4,True,False,False,False,False,False,True,True,False,1,1,0,0.0,81.5,0.0,82.0,0.0,824.0,0.0,875.4,0.0,31.692,0.0,9.0,0.5699897483858204,0.01140902462055417,55.6,354,678976.0,1004.382864,81.0,26114.208,7416.0,0
0.1,0.0,0.0,0.0,0.0,32.8,216.1,804.5,939.0,True,False,False,False,False,False,True,True,False,1,0,0,0.0,32.8,0.0,216.1,0.0,804.5,0.0,939.0,0.0,0.0,0.0,0.1,0.0,0.0,0.0,351,647220.25,0.0,0.010000000000000002,0.0,80.45,0
15.0,2083.3,66.7,100.0,41.682,25.6,52.5,1307.7,1331.2,True,False,False,False,False,False,True,True,False,1,0,0,0.0,25.6,0.0,52.5,0.0,1307.7,0.0,1331.2,0.0,41.682,0.0,15.0,0.6249081722912699,0.020007670519046453,100.0,350,1710079.29,1737.3891240000003,225.0,54507.551400000004,19615.5,0
12.3,6092.6,48.7,81.2,31.334,24.4,238.0,836.5,875.4,True,False,False,False,False,False,True,True,False,2,0,0,0.0,24.4,0.0,238.0,0.0,836.5,0.0,875.4,0.0,31.334,0.0,12.3,0.6433954128251986,0.005142959468378119,81.2,328,699732.25,981.8195559999999,151.29000000000002,26210.891,10288.95,0
0.2,0.0,0.0,0.0,0.0,24.7,97.4,911.0,939.0,True,False,False,False,False,False,True,True,False,2,0,0,0.0,24.7,0.0,97.4,0.0,911.0,0.0,939.0,0.0,0.0,0.0,0.2,0.0,0.0,0.0,325,829921.0,0.0,0.04000000000000001,0.0,182.20000000000002,0
24.0,0.0,0.0,0.0,0.0,86.9,1.2,664.7,844.8,False,True,False,True,False,False,False,False,True,0,0,0,86.9,0.0,1.2,0.0,664.7,0.0,844.8,0.0,0.0,0.0,24.0,0.0,0.0,0.0,0.0,4,441826.0900000001,0.0,576.0,0.0,15952.800000000001,1
0.2,0.0,0.0,0.0,0.0,20.5,133.9,929.1,1089.9,False,True,False,True,False,False,False,False,True,0,0,0,20.5,0.0,133.9,0.0,929.1,0.0,1089.9,0.0,0.0,0.0,0.2,0.0,0.0,0.0,0.0,352,863226.81,0.0,0.04000000000000001,0.0,185.82000000000002,0
0.2,500.0,0.0,0.0,0.0,44.6,2.2,1023.4,1331.4,True,False,True,False,False,False,False,False,True,2,0,1,0.0,44.6,0.0,2.2,0.0,1023.4,0.0,1331.4,0.0,0.0,0.0,0.2,0.0,0.0,0.0,354,1047347.5599999999,0.0,0.04000000000000001,0.0,204.68,0
0.1,0.0,0.0,0.0,0.0,31.0,230.5,685.3,801.7,True,False,False,False,True,False,False,False,True,2,0,0,0.0,31.0,0.0,230.5,0.0,685.3,0.0,801.7,0.0,0.0,0.0,0.1,0.0,0.0,0.0,352,469636.0899999999,0.0,0.010000000000000002,0.0,68.53,1
45.3,552.1,0.0,55.2,6.072,86.9,1.2,664.7,844.8,False,True,False,True,False,False,False,False,True,0,0,0,86.9,0.0,1.2,0.0,664.7,0.0,844.8,0.0,6.072,0.0,45.3,0.0,6072.0,0.010997987687035525,55.2,4,441826.0900000001,36.869184000000004,2052.0899999999997,4036.0584000000003,30110.91,1
23.8,3578.9,63.2,84.2,38.334,198.2,43.4,934.2,1062.2,True,False,True,False,False,False,False,False,True,2,1,1,0.0,198.2,0.0,43.4,0.0,934.2,0.0,1062.2,0.0,38.334,0.0,23.8,0.6065410357431054,0.010711109360108034,84.2,358,872729.6400000001,1469.4955560000003,566.44,35811.622800000005,22233.960000000003,0
1.0,4000.0,0.0,0.0,0.0,187.6,30.5,727.8,1227.0,False,True,False,True,False,False,False,False,True,0,0,0,187.6,0.0,30.5,0.0,727.8,0.0,1227.0,0.0,0.0,0.0,1.0,0.0,0.0,0.0,0.0,323,529692.84,0.0,1.0,0.0,727.8,1
9.3,7027.0,0.0,0.0,0.0,31.0,245.4,1018.2,1062.2,True,False,True,False,False,False,False,False,True,3,0,0,0.0,31.0,0.0,245.4,0.0,1018.2,0.0,1062.2,0.0,0.0,0.0,9.3,0.0,0.0,0.0,344,1036731.2400000001,0.0,86.49000000000001,0.0,9469.260000000002,0
0.1,0.0,0.0,0.0,0.0,15.2,342.0,944.2,1331.4,False,True,True,False,False,False,False,False,True,0,0,0,15.2,0.0,342.0,0.0,944.2,0.0,1331.4,0.0,0.0,0.0,0.1,0.0,0.0,0.0,0.0,333,891513.6400000001,0.0,0.010000000000000002,0.0,94.42000000000002,0
7.4,3392.1,54.3,67.8,32.436,86.9,1.2,665.5,844.8,False,True,False,True,False,False,False,False,True,0,0,0,86.9,0.0,1.2,0.0,665.5,0.0,844.8,0.0,32.436,0.0,7.4,0.0,0.5973370656157345,0.009562215276019198,67.8,3,442890.25,1052.094096,54.760000000000005,21586.158,4924.7,1
7.0,0.0,0.0,0.0,0.0,146.4,44.0,868.8,1062.2,False,True,True,False,False,False,False,False,True,0,0,0,146.4,0.0,44.0,0.0,868.8,0.0,1062.2,0.0,0.0,0.0,7.0,0.0,0.0,0.0,0.0,364,754813.44,0.0,49.0,0.0,6081.599999999999,0
0.1,0.0,0.0,0.0,0.0,31.1,99.7,939.2,1089.9,True,False,False,True,False,False,False,False,True,1,0,0,0.0,31.1,0.0,99.7,0.0,939.2,0.0,1089.9,0.0,0.0,0.0,0.1,0.0,0.0,0.0,349,882096.6400000001,0.0,0.010000000000000002,0.0,93.92000000000002,0
0.2,0.0,0.0,0.0,0.0,92.2,26.2,1015.7,1089.9,True,False,False,True,False,False,False,False,True,1,0,0,0.0,92.2,0.0,26.2,0.0,1015.7,0.0,1089.9,0.0,0.0,0.0,0.2,0.0,0.0,0.0,336,1031646.4900000001,0.0,0.04000000000000001,0.0,203.14000000000001,0
0.2,0.0,0.0,0.0,0.0,40.9,84.2,746.6,900.1,True,False,False,False,False,True,False,True,False,3,0,0,0.0,40.9,0.0,84.2,0.0,746.6,0.0,900.1,0.0,0.0,0.0,0.2,0.0,0.0,0.0,347,557411.56,0.0,0.04000000000000001,0.0,149.32000000000002,1
0.1,0.0,0.0,0.0,0.0,49.0,45.0,1053.8,1105.0,False,True,True,False,False,False,False,False,True,0,0,0,49.0,0.0,45.0,0.0,1053.8,0.0,1105.0,0.0,0.0,0.0,0.1,0.0,0.0,0.0,0.0,329,1110494.44,0.0,0.010000000000000002,0.0,105.38,0
7.9,2544.5,0.0,0.0,0.0,43.1,15.1,713.4,875.4,False,True,False,False,False,False,True,True,False,0,0,0,43.1,0.0,15.1,0.0,713.4,0.0,875.4,0.0,0.0,0.0,7.9,0.0,0.0,0.0,0.0,7,508939.55999999994,0.0,62.410000000000004,0.0,5635.86,1
6.0,2750.0,66.7,0.0,30.682,13.2,122.0,1132.3,1288.7,False,True,True,False,False,False,False,False,True,0,1,0,13.2,0.0,122.0,0.0,1132.3,0.0,1288.7,0.0,30.682,0.0,6.0,0.0,0.45999310355167083,0.011157086851968416,0.0,349,1282103.2899999998,941.3851239999999,36.0,34741.228599999995,6793.799999999999,0
0.2,0.0,0.0,0.0,0.0,74.8,63.5,973.3,1089.9,False,True,False,True,False,False,False,False,True,0,0,0,74.8,0.0,63.5,0.0,973.3,0.0,1089.9,0.0,0.0,0.0,0.2,0.0,0.0,0.0,0.0,340,947312.8899999999,0.0,0.04000000000000001,0.0,194.66,0
24.0,2000.0,0.0,0.0,0.0,110.6,67.6,725.5,875.4,False,True,False,False,False,False,True,True,False,0,0,0,110.6,0.0,67.6,0.0,725.5,0.0,875.4,0.0,0.0,0.0,24.0,0.0,0.0,0.0,0.0,363,526350.25,0.0,576.0,0.0,17412.0,1
0.1,0.0,0.0,0.0,0.0,17.9,341.4,926.6,1089.9,True,False,False,True,False,False,False,False,True,1,0,0,0.0,17.9,0.0,341.4,0.0,926.6,0.0,1089.9,0.0,0.0,0.0,0.1,0.0,0.0,0.0,358,858587.56,0.0,0.010000000000000002,0.0,92.66000000000001,0
6.3,3968.3,47.6,63.5,28.881,47.5,63.1,836.5,875.4,False,True,False,False,False,False,True,False,True,0,0,0,47.5,0.0,63.1,0.0,836.5,0.0,875.4,0.0,28.881,0.0,6.3,0.0,0.6067309510304405,0.007277925742024105,63.5,350,699732.25,834.112161,39.69,24158.9565,5269.95,0
0.3,0.0,0.0,0.0,0.0,13.0,323.7,929.1,1089.9,False,True,False,True,False,False,False,False,True,0,0,0,13.0,0.0,323.7,0.0,929.1,0.0,1089.9,0.0,0.0,0.0,0.3,0.0,0.0,0.0,0.0,356,863226.81,0.0,0.09,0.0,278.73,0
0.2,0.0,0.0,0.0,0.0,90.6,105.0,967.8,1331.4,True,False,True,False,False,False,False,False,True,1,0,0,0.0,90.6,0.0,105.0,0.0,967.8,0.0,1331.4,0.0,0.0,0.0,0.2,0.0,0.0,0.0,2,936636.84,0.0,0.04000000000000001,0.0,193.56,0
14.5,2083.3,69.0,137.9,46.909,65.2,225.5,1263.0,1331.2,True,False,False,False,False,False,True,True,False,1,0,0,0.0,65.2,0.0,225.5,0.0,1263.0,0.0,1331.2,0.0,46.909,0.0,14.5,0.6798307270909116,0.022516669458709993,137.9,361,1595169.0,2200.454281,210.25,59246.066999999995,18313.5,0
18.0,5555.6,0.0,0.0,0.0,17.8,88.8,1307.7,1331.2,False,True,False,False,False,False,True,True,False,0,0,0,17.8,0.0,88.8,0.0,1307.7,0.0,1331.2,0.0,0.0,0.0,18.0,0.0,0.0,0.0,0.0,349,1710079.29,0.0,324.0,0.0,23538.600000000002,0
0.0,0.0,0.0,0.0,0.0,29.6,105.2,981.4,1331.4,True,False,True,False,False,False,False,False,True,1,0,0,0.0,29.6,0.0,105.2,0.0,981.4,0.0,1331.4,0.0,0.0,0.0,0.0,0.0,0.0,0.0,365,963145.96,0.0,0.0,0.0,0.0,0
13.3,5647.6,0.0,0.0,0.0,14.5,230.3,1209.5,1320.5,False,True,False,True,False,False,False,False,True,0,0,0,14.5,0.0,230.3,0.0,1209.5,0.0,1320.5,0.0,0.0,0.0,13.3,0.0,0.0,0.0,0.0,345,1462890.25,0.0,176.89000000000001,0.0,16086.35,0
0.2,0.0,0.0,0.0,0.0,134.2,260.7,791.3,939.0,True,False,False,False,False,False,True,False,True,2,0,0,0.0,134.2,0.0,260.7,0.0,791.3,0.0,939.0,0.0,0.0,0.0,0.2,0.0,0.0,0.0,364,626155.69,0.0,0.04000000000000001,0.0,158.26,1
0.2,500.0,0.0,0.0,0.0,206.5,154.2,796.3,1180.0,False,True,False,False,False,True,False,True,False,0,0,0,206.5,0.0,154.2,0.0,796.3,0.0,1180.0,0.0,0.0,0.0,0.2,0.0,0.0,0.0,0.0,319,634093.69,0.0,0.04000000000000001,0.0,159.26,1
0.2,0.0,0.0,0.0,0.0,2.3,53.9,768.1,801.7,True,False,False,False,True,False,False,False,True,3,0,0,0.0,2.3,0.0,53.9,0.0,768.1,0.0,801.7,0.0,0.0,0.0,0.2,0.0,0.0,0.0,319,589977.61,0.0,0.04000000000000001,0.0,153.62,1
0.5,0.0,0.0,0.0,0.0,124.2,2.4,962.2,1105.0,True,False,True,False,False,False,False,False,True,1,0,0,0.0,124.2,0.0,2.4,0.0,962.2,0.0,1105.0,0.0,0.0,0.0,0.5,0.0,0.0,0.0,340,925828.8400000001,0.0,0.25,0.0,481.1,0
50.0,5000.0,40.0,0.0,18.4,14.7,245.5,1213.5,1320.5,False,True,False,True,False,False,False,False,True,0,0,0,14.7,0.0,245.5,0.0,1213.5,0.0,1320.5,0.0,18.4,0.0,50.0,0.0,0.45998850028749283,0.0036799992640001466,0.0,342,1472582.25,338.55999999999995,2500.0,22328.399999999998,60675.0,0
20.0,0.0,50.0,0.0,23.0,171.7,30.6,718.2,806.1,False,True,False,False,True,False,False,False,True,0,1,0,171.7,0.0,30.6,0.0,718.2,0.0,806.1,0.0,23.0,0.0,20.0,0.0,0.45999080018399635,23000.0,0.0,360,515811.24000000005,529.0,400.0,16518.600000000002,14364.0,1
0.2,0.0,0.0,0.0,0.0,79.6,34.5,883.5,939.0,True,False,False,False,False,False,True,True,False,2,0,0,0.0,79.6,0.0,34.5,0.0,883.5,0.0,939.0,0.0,0.0,0.0,0.2,0.0,0.0,0.0,336,780572.25,0.0,0.04000000000000001,0.0,176.70000000000002,0
0.1,150.0,0.0,0.0,0.0,31.7,107.9,778.4,1142.3,True,False,False,False,False,False,True,False,True,1,0,0,0.0,31.7,0.0,107.9,0.0,778.4,0.0,1142.3,0.0,0.0,0.0,0.1,0.0,0.0,0.0,340,605906.5599999999,0.0,0.010000000000000002,0.0,77.84,1
7.0,4166.7,71.4,0.0,32.844,176.6,239.7,1078.7,1288.7,True,False,True,False,False,False,False,False,True,1,0,0,0.0,176.6,0.0,239.7,0.0,1078.7,0.0,1288.7,0.0,32.844,0.0,7.0,0.45999355751320004,0.007882495048240803,0.0,3,1163593.6900000002,1078.7283360000001,49.0,35428.8228,7550.900000000001,0
0.2,500.0,0.0,0.0,0.0,24.8,20.2,863.4,1227.0,False,True,False,True,False,False,False,False,True,0,0,1,24.8,0.0,20.2,0.0,863.4,0.0,1227.0,0.0,0.0,0.0,0.2,0.0,0.0,0.0,0.0,344,745459.5599999999,0.0,0.04000000000000001,0.0,172.68,0
20.0,0.0,75.0,0.0,34.5,145.9,0.0,616.5,806.1,True,False,False,False,True,False,False,False,True,1,1,1,0.0,145.9,0.0,0.0,0.0,616.5,0.0,806.1,0.0,34.5,0.0,20.0,0.45999386674844334,34500.0,0.0,5,380072.25,1190.25,400.0,21269.25,12330.0,1
0.2,360.0,0.0,0.0,0.0,44.6,25.6,704.0,1142.3,True,False,False,False,False,False,True,True,False,1,0,0,0.0,44.6,0.0,25.6,0.0,704.0,0.0,1142.3,0.0,0.0,0.0,0.2,0.0,0.0,0.0,323,495616.0,0.0,0.04000000000000001,0.0,140.8,1
50.0,4000.0,50.0,0.0,23.0,12.5,340.9,836.5,875.4,True,False,False,False,False,False,True,True,False,4,1,0,0.0,12.5,0.0,340.9,0.0,836.5,0.0,875.4,0.0,23.0,0.0,50.0,0.45999080018399635,0.005749998562500359,0.0,346,699732.25,529.0,2500.0,19239.5,41825.0,0
0.4,0.0,0.0,0.0,0.0,32.8,245.1,804.5,939.0,True,False,False,False,False,False,True,True,False,1,0,0,0.0,32.8,0.0,245.1,0.0,804.5,0.0,939.0,0.0,0.0,0.0,0.4,0.0,0.0,0.0,352,647220.25,0.0,0.16000000000000003,0.0,321.8,0
0.1,0.0,0.0,0.0,0.0,124.2,2.4,962.2,1105.0,False,True,True,False,False,False,False,False,True,0,0,0,124.2,0.0,2.4,0.0,962.2,0.0,1105.0,0.0,0.0,0.0,0.1,0.0,0.0,0.0,0.0,340,925828.8400000001,0.0,0.010000000000000002,0.0,96.22000000000001,0
0.0,0.0,0.0,0.0,0.0,45.2,15.4,1010.8,1331.4,False,True,True,False,False,False,False,False,True,0,0,0,45.2,0.0,15.4,0.0,1010.8,0.0,1331.4,0.0,0.0,0.0,0.0,0.0,0.0,0.0,0.0,347,1021716.6399999999,0.0,0.0,0.0,0.0,0
30.0,2333.3,0.0,83.3,9.163,162.6,45.0,870.8,1062.2,False,True,True,False,False,False,False,False,True,0,0,0,162.6,0.0,45.0,0.0,870.8,0.0,1062.2,0.0,9.163,0.0,30.0,0.0,9163.0,0.003927054417754074,83.3,363,758292.6399999999,83.960569,900.0,7979.1404,26124.0,0
38.7,3571.4,0.0,10.3,1.133,17.8,88.8,1307.7,1331.2,False,True,False,False,False,False,True,False,True,0,0,0,17.8,0.0,88.8,0.0,1307.7,0.0,1331.2,0.0,1.133,0.0,38.7,0.0,1133.0,0.0003172424491117071,10.3,349,1710079.29,1.283689,1497.6900000000003,1481.6241,50607.990000000005,0
0.1,0.0,0.0,0.0,0.0,56.7,359.3,806.5,939.0,True,False,False,False,False,False,True,False,True,2,0,0,0.0,56.7,0.0,359.3,0.0,806.5,0.0,939.0,0.0,0.0,0.0,0.1,0.0,0.0,0.0,360,650442.25,0.0,0.010000000000000002,0.0,80.65,0
0.1,0.0,0.0,0.0,0.0,78.3,55.4,848.7,939.0,True,False,False,False,False,False,True,True,False,1,0,0,0.0,78.3,0.0,55.4,0.0,848.7,0.0,939.0,0.0,0.0,0.0,0.1,0.0,0.0,0.0,341,720291.6900000001,0.0,0.010000000000000002,0.0,84.87,0
0.3,0.0,0.0,0.0,0.0,32.5,22.8,858.9,1227.0,True,False,False,True,False,False,False,False,True,2,0,1,0.0,32.5,0.0,22.8,0.0,858.9,0.0,1227.0,0.0,0.0,0.0,0.3,0.0,0.0,0.0,347,737709.21,0.0,0.09,0.0,257.66999999999996,0
0.1,0.0,0.0,0.0,0.0,36.4,138.8,901.4,1105.0,True,False,True,False,False,False,False,False,True,1,0,0,0.0,36.4,0.0,138.8,0.0,901.4,0.0,1105.0,0.0,0.0,0.0,0.1,0.0,0.0,0.0,350,812521.96,0.0,0.010000000000000002,0.0,90.14,0
10.0,0.0,0.0,0.0,0.0,91.6,72.0,990.6,1062.2,True,False,True,False,False,False,False,False,True,1,1,0,0.0,91.6,0.0,72.0,0.0,990.6,0.0,1062.2,0.0,0.0,0.0,10.0,0.0,0.0,0.0,352,981288.3600000001,0.0,100.0,0.0,9906.0,0
15.4,0.0,0.0,64.9,7.139,165.6,53.8,962.4,1062.2,False,True,True,False,False,False,False,False,True,0,0,0,165.6,0.0,53.8,0.0,962.4,0.0,1062.2,0.0,7.139,0.0,15.4,0.0,7139.0,7139.0,64.9,357,926213.76,50.965321,237.16000000000003,6870.5736,14820.96,0
9.4,6000.0,10.6,0.0,4.876,112.7,68.7,804.92,844.8,False,True,False,True,False,False,False,False,True,0,0,0,112.7,0.0,68.7,0.0,804.92,0.0,844.8,0.0,4.876,0.0,9.4,0.0,0.4599566078671824,0.0008126665312222449,0.0,355,647896.2063999999,23.775376000000005,88.36000000000001,3924.78992,7566.248,0
0.2,0.0,0.0,0.0,0.0,31.1,99.7,939.2,1089.9,False,True,False,True,False,False,False,False,True,0,0,0,31.1,0.0,99.7,0.0,939.2,0.0,1089.9,0.0,0.0,0.0,0.2,0.0,0.0,0.0,0.0,349,882096.6400000001,0.0,0.04000000000000001,0.0,187.84000000000003,0
0.1,0.0,0.0,0.0,0.0,153.6,257.2,925.0,1331.4,True,False,True,False,False,False,False,False,True,1,0,1,0.0,153.6,0.0,257.2,0.0,925.0,0.0,1331.4,0.0,0.0,0.0,0.1,0.0,0.0,0.0,316,855625.0,0.0,0.010000000000000002,0.0,92.5,0
0.4,0.0,0.0,0.0,0.0,65.2,102.3,716.3,801.7,True,False,False,False,True,False,False,False,True,1,0,0,0.0,65.2,0.0,102.3,0.0,716.3,0.0,801.7,0.0,0.0,0.0,0.4,0.0,0.0,0.0,346,513085.68999999994,0.0,0.16000000000000003,0.0,286.52,1
0.1,0.0,0.0,0.0,0.0,76.4,38.6,906.0,1331.4,False,True,True,False,False,False,False,False,True,0,0,0,76.4,0.0,38.6,0.0,906.0,0.0,1331.4,0.0,0.0,0.0,0.1,0.0,0.0,0.0,0.0,324,820836.0,0.0,0.010000000000000002,0.0,90.60000000000001,0
0.1,200.0,0.0,0.0,0.0,30.6,106.8,728.2,1142.3,True,False,False,False,False,False,True,True,False,4,0,0,0.0,30.6,0.0,106.8,0.0,728.2,0.0,1142.3,0.0,0.0,0.0,0.1,0.0,0.0,0.0,333,530275.2400000001,0.0,0.010000000000000002,0.0,72.82000000000001,1
12.3,4166.7,97.6,105.7,56.523,28.2,210.0,1144.3,1288.7,True,False,True,False,False,False,False,False,True,2,0,0,0.0,28.2,0.0,210.0,0.0,1144.3,0.0,1288.7,0.0,56.523,0.0,12.3,0.579123164721673,0.01356540822103626,105.7,340,1309422.49,3194.8495290000005,151.29000000000002,64679.2689,14074.89,0
0.4,0.0,0.0,0.0,0.0,86.0,67.3,956.4,1089.9,True,False,False,True,False,False,False,False,True,1,0,0,0.0,86.0,0.0,67.3,0.0,956.4,0.0,1089.9,0.0,0.0,0.0,0.4,0.0,0.0,0.0,343,914700.96,0.0,0.16000000000000003,0.0,382.56,0
0.2,0.0,0.0,0.0,0.0,142.0,8.0,596.6,801.7,True,False,False,False,True,False,False,False,True,1,0,0,0.0,142.0,0.0,8.0,0.0,596.6,0.0,801.7,0.0,0.0,0.0,0.2,0.0,0.0,0.0,7,355931.56000000006,0.0,0.04000000000000001,0.0,119.32000000000001,1
14.0,3571.4,50.0,64.3,30.073,12.5,340.9,836.5,875.4,True,False,False,False,False,False,True,True,False,1,0,0,0.0,12.5,0.0,340.9,0.0,836.5,0.0,875.4,0.0,30.073,0.0,14.0,0.6014479710405792,0.008420505006298647,64.3,344,699732.25,904.3853290000001,196.0,25156.0645,11711.0,0
5.6,3571.4,44.6,26.8,23.464,138.0,85.9,955.4,1108.4,True,False,False,False,True,False,False,False,True,1,1,1,0.0,138.0,0.0,85.9,0.0,955.4,0.0,1108.4,0.0,23.464,0.0,5.6,0.526086859039035,0.006569970720173959,26.8,328,912789.1599999999,550.5592959999999,31.359999999999996,22417.505599999997,5350.24,0
0.1,0.0,0.0,0.0,0.0,79.0,55.4,836.3,939.0,True,False,False,False,False,False,True,True,False,1,0,0,0.0,79.0,0.0,55.4,0.0,836.3,0.0,939.0,0.0,0.0,0.0,0.1,0.0,0.0,0.0,344,699397.69,0.0,0.010000000000000002,0.0,83.63,0
20.0,0.0,0.0,0.0,0.0,170.4,5.4,824.4,1062.2,False,True,True,False,False,False,False,False,True,0,0,0,170.4,0.0,5.4,0.0,824.4,0.0,1062.2,0.0,0.0,0.0,20.0,0.0,0.0,0.0,0.0,5,679635.36,0.0,400.0,0.0,16488.0,0
12.5,0.0,0.0,0.0,0.0,162.6,45.0,870.8,1062.2,False,True,True,False,False,False,False,False,True,0,1,0,162.6,0.0,45.0,0.0,870.8,0.0,1062.2,0.0,0.0,0.0,12.5,0.0,0.0,0.0,0.0,363,758292.6399999999,0.0,156.25,0.0,10885.0,0
6.0,2500.0,0.0,16.7,1.837,43.1,15.1,713.4,875.4,False,True,False,False,False,False,True,True,False,0,0,0,43.1,0.0,15.1,0.0,713.4,0.0,875.4,0.0,1.837,0.0,6.0,0.0,1837.0,0.0007347997060801175,16.7,7,508939.55999999994,3.3745689999999997,36.0,1310.5158,4280.4,1
3.6,1666.7,0.0,0.0,0.0,99.0,190.2,1105.7,1288.7,True,False,True,False,False,False,False,False,True,1,0,0,0.0,99.0,0.0,190.2,0.0,1105.7,0.0,1288.7,0.0,0.0,0.0,3.6,0.0,0.0,0.0,333,1222572.49,0.0,12.96,0.0,3980.5200000000004,0
10.0,3225.8,50.0,0.0,23.0,28.2,210.0,1144.3,1288.7,True,False,True,False,False,False,False,False,True,1,1,0,0.0,28.2,0.0,210.0,0.0,1144.3,0.0,1288.7,0.0,23.0,0.0,10.0,0.45999080018399635,0.007130012049720363,0.0,340,1309422.49,529.0,100.0,26318.899999999998,11443.0,0
6.0,10000.0,50.0,116.7,35.837,148.5,237.0,880.9,1108.4,True,False,False,False,True,False,False,False,True,2,1,1,0.0,148.5,0.0,237.0,0.0,880.9,0.0,1108.4,0.0,35.837,0.0,6.0,0.7167256654866904,0.003583699641630036,116.7,364,775984.8099999999,1284.2905690000002,36.0,31568.8133,5285.4,0
0.8,0.0,0.0,0.0,0.0,42.5,118.0,710.3,801.7,True,False,False,False,True,False,False,False,True,1,0,0,0.0,42.5,0.0,118.0,0.0,710.3,0.0,801.7,0.0,0.0,0.0,0.8,0.0,0.0,0.0,349,504526.0899999999,0.0,0.6400000000000001,0.0,568.24,1
7.0,3571.4,71.4,142.9,48.563,167.6,41.8,931.0,1062.2,False,True,True,False,False,False,False,False,True,0,0,1,167.6,0.0,41.8,0.0,931.0,0.0,1062.2,0.0,48.563,0.0,7.0,0.0,0.6801445357908152,0.013597744974591203,142.9,360,866761.0,2358.364969,49.0,45212.153000000006,6517.0,0
0.1,0.0,0.0,0.0,0.0,30.8,90.0,933.9,1089.9,True,False,False,True,False,False,False,False,True,1,0,0,0.0,30.8,0.0,90.0,0.0,933.9,0.0,1089.9,0.0,0.0,0.0,0.1,0.0,0.0,0.0,350,872169.21,0.0,0.010000000000000002,0.0,93.39,0
0.3,0.0,0.0,0.0,0.0,45.5,97.6,946.0,1089.9,True,False,False,True,False,False,False,False,True,1,0,0,0.0,45.5,0.0,97.6,0.0,946.0,0.0,1089.9,0.0,0.0,0.0,0.3,0.0,0.0,0.0,347,894916.0,0.0,0.09,0.0,283.8,0
0.3,0.0,0.0,0.0,0.0,83.2,67.3,946.1,1089.9,False,True,False,True,False,False,False,False,True,0,0,0,83.2,0.0,67.3,0.0,946.1,0.0,1089.9,0.0,0.0,0.0,0.3,0.0,0.0,0.0,0.0,344,895105.2100000001,0.0,0.09,0.0,283.83,0
35.0,1666.7,57.1,142.9,41.985,49.5,6.0,1307.7,1331.2,True,False,False,False,False,False,True,True,False,1,0,0,0.0,49.5,0.0,6.0,0.0,1307.7,0.0,1331.2,0.0,41.985,0.0,35.0,0.7352760897357314,0.025190481076089833,142.9,352,1710079.29,1762.740225,1225.0,54903.7845,45769.5,0
0.3,0.0,0.0,0.0,0.0,26.7,96.8,874.9,900.1,True,False,False,False,False,True,False,True,False,1,0,0,0.0,26.7,0.0,96.8,0.0,874.9,0.0,900.1,0.0,0.0,0.0,0.3,0.0,0.0,0.0,318,765450.01,0.0,0.09,0.0,262.46999999999997,0
0.2,0.0,0.0,0.0,0.0,168.3,197.8,768.3,939.0,True,False,False,False,False,False,True,True,False,2,0,0,0.0,168.3,0.0,197.8,0.0,768.3,0.0,939.0,0.0,0.0,0.0,0.2,0.0,0.0,0.0,2,590284.8899999999,0.0,0.04000000000000001,0.0,153.66,1
0.3,0.0,0.0,12.0,1.32,123.8,76.3,785.9,1227.0,False,True,False,True,False,False,False,False,True,0,0,0,123.8,0.0,76.3,0.0,785.9,0.0,1227.0,0.0,1.32,0.0,0.3,0.0,1320.0,1320.0,12.0,326,617638.8099999999,1.7424000000000002,0.09,1037.388,235.76999999999998,1
11.0,4545.5,90.9,145.5,57.819,109.8,52.5,755.0,875.4,False,True,False,False,False,False,True,True,False,0,0,0,109.8,0.0,52.5,0.0,755.0,0.0,875.4,0.0,57.819,0.0,11.0,0.0,0.6360656098392756,0.012720050001088988,145.5,362,570025.0,3343.0367610000003,121.0,43653.345,8305.0,1
0.2,0.0,0.0,0.0,0.0,45.2,15.4,1010.8,1331.4,True,False,True,False,False,False,False,False,True,2,0,1,0.0,45.2,0.0,15.4,0.0,1010.8,0.0,1331.4,0.0,0.0,0.0,0.2,0.0,0.0,0.0,347,1021716.6399999999,0.0,0.04000000000000001,0.0,202.16,0
30.0,3333.3,50.0,33.3,26.663,162.6,45.0,870.8,1062.2,False,True,True,False,False,False,False,False,True,0,0,1,162.6,0.0,45.0,0.0,870.8,0.0,1062.2,0.0,26.663,0.0,30.0,0.0,0.5332493350132997,0.007998977590082623,33.3,363,758292.6399999999,710.915569,900.0,23218.1404,26124.0,0
19.0,5263.2,42.1,52.6,25.152,49.5,6.0,1307.7,1331.2,False,True,False,False,False,False,True,True,False,0,0,0,49.5,0.0,6.0,0.0,1307.7,0.0,1331.2,0.0,25.152,0.0,19.0,0.0,0.5974204888244935,0.004778840861293346,52.6,352,1710079.29,632.623104,361.0,32891.2704,24846.3,0
0.1,0.0,0.0,0.0,0.0,95.2,303.8,962.4,1331.4,True,False,True,False,False,False,False,False,True,2,0,0,0.0,95.2,0.0,303.8,0.0,962.4,0.0,1331.4,0.0,0.0,0.0,0.1,0.0,0.0,0.0,310,926213.76,0.0,0.010000000000000002,0.0,96.24000000000001,0
30.0,2083.3,40.7,33.3,22.385,17.8,305.6,1319.8,1331.2,False,True,False,False,False,False,True,True,False,0,0,0,17.8,0.0,305.6,0.0,1319.8,0.0,1331.2,0.0,22.385,0.0,30.0,0.0,0.5499864868185057,0.010744966761884142,33.3,339,1741872.0399999998,501.0882250000001,900.0,29543.723,39594.0,0
9.6,4687.5,0.0,0.0,0.0,151.8,71.0,990.6,1062.2,False,True,True,False,False,False,False,False,True,0,0,1,151.8,0.0,71.0,0.0,990.6,0.0,1062.2,0.0,0.0,0.0,9.6,0.0,0.0,0.0,0.0,355,981288.3600000001,0.0,92.16,0.0,9509.76,0
36.8,1020.4,0.0,0.0,0.0,3.4,298.3,803.7,844.8,False,True,False,True,False,False,False,False,True,0,1,0,3.4,0.0,298.3,0.0,803.7,0.0,844.8,0.0,0.0,0.0,36.8,0.0,0.0,0.0,0.0,339,645933.6900000001,0.0,1354.2399999999998,0.0,29576.16,1
9.5,1789.5,42.1,0.0,19.366,168.0,30.6,718.2,806.1,True,False,False,False,True,False,False,False,True,3,1,1,0.0,168.0,0.0,30.6,0.0,718.2,0.0,806.1,0.0,19.366,0.0,9.5,0.4599890738937317,0.010822011275769055,0.0,358,515811.24000000005,375.04195599999997,90.25,13908.6612,6822.900000000001,1
0.1,0.0,0.0,0.0,0.0,17.6,191.0,982.8,1105.0,True,False,True,False,False,False,False,False,True,3,0,0,0.0,17.6,0.0,191.0,0.0,982.8,0.0,1105.0,0.0,0.0,0.0,0.1,0.0,0.0,0.0,318,965895.84,0.0,0.010000000000000002,0.0,98.28,0
0.2,0.0,0.0,0.0,0.0,124.2,2.4,962.2,1105.0,True,False,True,False,False,False,False,False,True,1,0,0,0.0,124.2,0.0,2.4,0.0,962.2,0.0,1105.0,0.0,0.0,0.0,0.2,0.0,0.0,0.0,340,925828.8400000001,0.0,0.04000000000000001,0.0,192.44000000000003,0
0.9,0.0,0.0,0.0,0.0,45.5,67.1,946.1,1089.9,False,True,False,True,False,False,False,False,True,0,0,0,45.5,0.0,67.1,0.0,946.1,0.0,1089.9,0.0,0.0,0.0,0.9,0.0,0.0,0.0,0.0,345,895105.2100000001,0.0,0.81,0.0,851.49,0
0.1,0.0,0.0,0.0,0.0,69.4,97.8,928.6,1105.0,True,False,True,False,False,False,False,False,True,1,0,0,0.0,69.4,0.0,97.8,0.0,928.6,0.0,1105.0,0.0,0.0,0.0,0.1,0.0,0.0,0.0,346,862297.9600000001,0.0,0.010000000000000002,0.0,92.86000000000001,0
22.3,0.0,0.0,112.1,12.331,170.4,5.4,824.4,1062.2,False,True,True,False,False,False,False,False,True,0,0,0,170.4,0.0,5.4,0.0,824.4,0.0,1062.2,0.0,12.331,0.0,22.3,0.0,12331.0,12331.0,112.1,5,679635.36,152.053561,497.29,10165.676399999998,18384.12,0
0.1,700.0,2.5,0.0,1.15,15.2,338.6,944.2,1331.4,True,False,True,False,False,False,False,False,True,2,0,1,0.0,15.2,0.0,338.6,0.0,944.2,0.0,1331.4,0.0,1.15,0.0,0.1,0.45981607357057175,0.00164285479592172,0.0,334,891513.6400000001,1.3224999999999998,0.010000000000000002,1085.83,94.42000000000002,0
0.8,0.0,0.0,0.0,0.0,20.4,202.7,929.1,1089.9,False,True,False,True,False,False,False,False,True,0,0,0,20.4,0.0,202.7,0.0,929.1,0.0,1089.9,0.0,0.0,0.0,0.8,0.0,0.0,0.0,0.0,354,863226.81,0.0,0.6400000000000001,0.0,743.2800000000001,0
0.8,0.0,0.0,0.0,0.0,56.7,155.7,836.3,939.0,True,False,False,False,False,False,True,True,False,1,0,0,0.0,56.7,0.0,155.7,0.0,836.3,0.0,939.0,0.0,0.0,0.0,0.8,0.0,0.0,0.0,346,699397.69,0.0,0.6400000000000001,0.0,669.04,0
11.0,0.0,72.7,122.0,46.862,167.6,41.8,926.6,1062.2,True,False,True,False,False,False,False,False,True,1,1,1,0.0,167.6,0.0,41.8,0.0,926.6,0.0,1062.2,0.0,46.862,0.0,11.0,0.6445853564600211,46862.0,122.0,361,858587.56,2196.0470440000004,121.0,43422.3292,10192.6,0
20.0,2000.0,0.0,20.0,2.2,95.1,16.3,714.2,875.4,False,True,False,False,False,False,True,True,False,0,0,0,95.1,0.0,16.3,0.0,714.2,0.0,875.4,0.0,2.2,0.0,20.0,0.0,2200.0,0.001099999450000275,20.0,2,510081.6400000001,4.840000000000001,400.0,1571.2400000000002,14284.0,1
0.4,0.0,20.0,0.0,9.2,24.2,120.8,761.8,1227.0,False,True,False,True,False,False,False,False,True,0,0,0,24.2,0.0,120.8,0.0,761.8,0.0,1227.0,0.0,9.2,0.0,0.4,0.0,0.45997700114994244,9200.0,0.0,341,580339.2399999999,84.63999999999999,0.16000000000000003,7008.5599999999995,304.71999999999997,1
19.0,2894.7,0.0,0.0,0.0,45.6,15.1,713.4,875.4,False,True,False,False,False,False,True,True,False,0,0,0,45.6,0.0,15.1,0.0,713.4,0.0,875.4,0.0,0.0,0.0,19.0,0.0,0.0,0.0,0.0,6,508939.55999999994,0.0,361.0,0.0,13554.6,1
20.0,4166.7,75.0,0.0,34.5,34.0,153.0,936.4,1108.4,False,True,False,False,True,False,False,False,True,0,0,0,34.0,0.0,153.0,0.0,936.4,0.0,1108.4,0.0,34.5,0.0,20.0,0.0,0.45999386674844334,0.008279931773362188,0.0,343,876844.96,1190.25,400.0,32305.8,18728.0,0
0.1,0.0,0.0,12.0,1.32,54.8,23.4,982.4,1331.4,True,False,True,False,False,False,False,False,True,3,1,0,0.0,54.8,0.0,23.4,0.0,982.4,0.0,1331.4,0.0,1.32,0.0,0.1,1320.0,1320.0,12.0,359,965109.76,1.7424000000000002,0.010000000000000002,1296.768,98.24000000000001,0
0.2,1000.0,0.0,10.0,1.1,100.4,159.9,841.2,1142.3,True,False,False,False,False,False,True,True,False,2,0,0,0.0,100.4,0.0,159.9,0.0,841.2,0.0,1142.3,0.0,1.1,0.0,0.2,1100.0,0.0010999989000011002,10.0,364,707617.4400000001,1.2100000000000002,0.04000000000000001,925.3200000000002,168.24,0
11.8,3928.6,0.0,139.8,15.378,69.1,294.1,1244.0,1331.2,False,True,False,False,False,False,True,True,False,0,0,0,69.1,0.0,294.1,0.0,1244.0,0.0,1331.2,0.0,15.378,0.0,11.8,0.0,15378.0,0.003914370535465424,139.8,3,1547536.0,236.482884,139.24,19130.232,14679.2,0
0.2,0.0,0.0,0.0,0.0,17.6,191.0,982.8,1105.0,True,False,True,False,False,False,False,False,True,2,0,0,0.0,17.6,0.0,191.0,0.0,982.8,0.0,1105.0,0.0,0.0,0.0,0.2,0.0,0.0,0.0,318,965895.84,0.0,0.04000000000000001,0.0,196.56,0
0.3,0.0,0.0,0.0,0.0,25.0,406.5,685.3,801.7,False,True,False,False,True,False,False,False,True,0,0,0,25.0,0.0,406.5,0.0,685.3,0.0,801.7,0.0,0.0,0.0,0.3,0.0,0.0,0.0,0.0,356,469636.0899999999,0.0,0.09,0.0,205.58999999999997,1
10.0,2083.3,80.0,0.0,36.8,98.5,79.5,803.9,1108.4,True,False,False,False,True,False,False,False,True,1,1,0,0.0,98.5,0.0,79.5,0.0,803.9,0.0,1108.4,0.0,36.8,0.0,10.0,0.45999425007187406,0.017664274149534795,0.0,319,646255.21,1354.2399999999998,100.0,29583.519999999997,8039.0,0
6.9,2911.2,72.8,0.0,33.488,70.0,49.4,788.2,806.1,True,False,False,False,True,False,False,False,True,2,1,1,0.0,70.0,0.0,49.4,0.0,788.2,0.0,806.1,0.0,33.488,0.0,6.9,0.4599936814054752,0.011503156257503346,0.0,355,621259.2400000001,1121.446144,47.61000000000001,26395.2416,5438.580000000001,1
5.3,0.0,0.0,0.0,0.0,162.6,45.0,870.8,1062.2,True,False,True,False,False,False,False,False,True,1,0,0,0.0,162.6,0.0,45.0,0.0,870.8,0.0,1062.2,0.0,0.0,0.0,5.3,0.0,0.0,0.0,363,758292.6399999999,0.0,28.09,0.0,4615.24,0
0.2,0.0,0.0,0.0,0.0,20.4,318.6,929.1,1089.9,True,False,False,True,False,False,False,False,True,1,0,0,0.0,20.4,0.0,318.6,0.0,929.1,0.0,1089.9,0.0,0.0,0.0,0.2,0.0,0.0,0.0,355,863226.81,0.0,0.04000000000000001,0.0,185.82000000000002,0
0.2,0.0,0.0,0.0,0.0,36.4,138.8,901.4,1105.0,True,False,True,False,False,False,False,False,True,4,1,0,0.0,36.4,0.0,138.8,0.0,901.4,0.0,1105.0,0.0,0.0,0.0,0.2,0.0,0.0,0.0,350,812521.96,0.0,0.04000000000000001,0.0,180.28,0
0.1,0.0,0.0,0.0,0.0,46.4,138.4,908.6,1105.0,True,False,True,False,False,False,False,False,True,4,1,1,0.0,46.4,0.0,138.4,0.0,908.6,0.0,1105.0,0.0,0.0,0.0,0.1,0.0,0.0,0.0,349,825553.9600000001,0.0,0.010000000000000002,0.0,90.86000000000001,0
0.5,0.0,0.0,0.0,0.0,37.8,350.9,927.9,1089.9,False,True,False,True,False,False,False,False,True,0,0,0,37.8,0.0,350.9,0.0,927.9,0.0,1089.9,0.0,0.0,0.0,0.5,0.0,0.0,0.0,0.0,362,860998.4099999999,0.0,0.25,0.0,463.95,0
0.3,0.0,0.0,0.0,0.0,81.9,29.9,1015.7,1089.9,False,True,False,True,False,False,False,False,True,0,0,0,81.9,0.0,29.9,0.0,1015.7,0.0,1089.9,0.0,0.0,0.0,0.3,0.0,0.0,0.0,0.0,335,1031646.4900000001,0.0,0.09,0.0,304.71,0
0.1,0.0,0.0,0.0,0.0,79.0,55.4,836.3,939.0,True,False,False,False,False,False,True,True,False,1,0,0,0.0,79.0,0.0,55.4,0.0,836.3,0.0,939.0,0.0,0.0,0.0,0.1,0.0,0.0,0.0,344,699397.69,0.0,0.010000000000000002,0.0,83.63,0
0.3,0.0,0.0,0.0,0.0,96.1,3.1,933.3,1142.3,True,False,False,False,False,False,True,True,False,1,0,0,0.0,96.1,0.0,3.1,0.0,933.3,0.0,1142.3,0.0,0.0,0.0,0.3,0.0,0.0,0.0,355,871048.8899999999,0.0,0.09,0.0,279.98999999999995,0
0.0,0.0,0.0,0.0,0.0,95.2,283.6,960.2,1331.4,True,False,True,False,False,False,False,False,True,3,0,0,0.0,95.2,0.0,283.6,0.0,960.2,0.0,1331.4,0.0,0.0,0.0,0.0,0.0,0.0,0.0,313,921984.04,0.0,0.0,0.0,0.0,0
0.1,500.0,3.0,3.8,1.798,6.0,41.3,920.6,1142.3,True,False,False,False,False,False,True,True,False,3,0,0,0.0,6.0,0.0,41.3,0.0,920.6,0.0,1142.3,0.0,1.798,0.0,0.1,0.599133622125958,0.0035959928080143842,3.8,348,847504.36,3.2328040000000002,0.010000000000000002,1655.2388,92.06,0
0.1,0.0,3.0,0.0,1.38,28.5,8.7,898.7,1164.1,False,True,False,False,True,False,False,False,True,0,0,1,28.5,0.0,8.7,0.0,898.7,0.0,1164.1,0.0,1.38,0.0,0.1,0.0,0.4598467177607464,1379.9999999999998,0.0,345,807661.6900000001,1.9043999999999996,0.010000000000000002,1240.206,89.87,0
27.0,925.9,0.0,0.0,0.0,14.7,268.1,1213.5,1320.5,False,True,False,True,False,False,False,False,True,0,0,0,14.7,0.0,268.1,0.0,1213.5,0.0,1320.5,0.0,0.0,0.0,27.0,0.0,0.0,0.0,0.0,341,1472582.25,0.0,729.0,0.0,32764.5,0
0.1,0.0,0.0,0.0,0.0,46.4,138.4,908.6,1105.0,False,True,True,False,False,False,False,False,True,0,0,0,46.4,0.0,138.4,0.0,908.6,0.0,1105.0,0.0,0.0,0.0,0.1,0.0,0.0,0.0,0.0,349,825553.9600000001,0.0,0.010000000000000002,0.0,90.86000000000001,0
12.0,0.0,83.3,0.0,38.318,168.0,30.6,772.7,806.1,True,False,False,False,True,False,False,False,True,2,1,0,0.0,168.0,0.0,30.6,0.0,772.7,0.0,806.1,0.0,38.318,0.0,12.0,0.45999447785740866,38318.0,0.0,356,597065.29,1468.269124,144.0,29608.3186,9272.400000000001,1
6.1,0.0,49.6,168.0,41.296,96.0,73.4,990.6,1062.2,True,False,True,False,False,False,False,False,True,1,0,1,0.0,96.0,0.0,73.4,0.0,990.6,0.0,1062.2,0.0,41.296,0.0,6.1,0.8325638595996049,41296.0,168.0,353,981288.3600000001,1705.359616,37.209999999999994,40907.8176,6042.66,0
40.0,2083.3,100.0,0.0,46.0,100.6,261.5,1089.5,1288.7,False,True,True,False,False,False,False,True,False,0,0,0,100.6,0.0,261.5,0.0,1089.5,0.0,1288.7,0.0,46.0,0.0,40.0,0.0,0.45999540004599954,0.022080342686918497,0.0,363,1187010.25,2116.0,1600.0,50117.0,43580.0,0
0.1,0.0,0.0,0.0,0.0,45.2,15.4,1010.8,1331.4,True,False,True,False,False,False,False,False,True,1,0,0,0.0,45.2,0.0,15.4,0.0,1010.8,0.0,1331.4,0.0,0.0,0.0,0.1,0.0,0.0,0.0,347,1021716.6399999999,0.0,0.010000000000000002,0.0,101.08,0
0.3,300.0,0.0,15.0,1.65,37.0,122.6,1025.2,1331.4,True,False,True,False,False,False,False,False,True,2,0,1,0.0,37.0,0.0,122.6,0.0,1025.2,0.0,1331.4,0.0,1.65,0.0,0.3,1649.9999999999998,0.005499981666727777,15.0,343,1051035.04,2.7224999999999997,0.09,1691.58,307.56,0
0.1,400.0,0.0,0.0,0.0,61.4,33.0,981.0,1331.4,False,True,True,False,False,False,False,False,True,0,0,0,61.4,0.0,33.0,0.0,981.0,0.0,1331.4,0.0,0.0,0.0,0.1,0.0,0.0,0.0,0.0,361,962361.0,0.0,0.010000000000000002,0.0,98.10000000000001,0
0.1,0.0,0.0,0.0,0.0,140.4,279.6,944.4,1331.4,True,False,True,False,False,False,False,False,True,2,0,1,0.0,140.4,0.0,279.6,0.0,944.4,0.0,1331.4,0.0,0.0,0.0,0.1,0.0,0.0,0.0,315,891891.36,0.0,0.010000000000000002,0.0,94.44,0
0.2,0.0,0.0,0.0,0.0,110.7,299.5,685.3,801.7,True,False,False,False,True,False,False,False,True,2,0,0,0.0,110.7,0.0,299.5,0.0,685.3,0.0,801.7,0.0,0.0,0.0,0.2,0.0,0.0,0.0,365,469636.0899999999,0.0,0.04000000000000001,0.0,137.06,1
19.9,0.0,50.2,75.2,31.364,1.8,122.2,1015.4,1062.2,True,False,True,False,False,False,False,False,True,1,1,1,0.0,1.8,0.0,122.2,0.0,1015.4,0.0,1062.2,0.0,31.364,0.0,19.9,0.6247684309077508,31364.0,75.2,332,1031037.1599999999,983.700496,396.00999999999993,31847.0056,20206.46,0
0.2,0.0,0.0,0.0,0.0,86.6,299.8,894.2,1105.0,True,False,True,False,False,False,False,False,True,4,0,0,0.0,86.6,0.0,299.8,0.0,894.2,0.0,1105.0,0.0,0.0,0.0,0.2,0.0,0.0,0.0,363,799593.6400000001,0.0,0.04000000000000001,0.0,178.84000000000003,0
0.2,0.0,0.0,0.0,0.0,65.2,16.5,716.3,801.7,True,False,False,False,True,False,False,False,True,1,0,0,0.0,65.2,0.0,16.5,0.0,716.3,0.0,801.7,0.0,0.0,0.0,0.2,0.0,0.0,0.0,345,513085.68999999994,0.0,0.04000000000000001,0.0,143.26,1
22.6,2476.8,26.5,88.5,21.925,24.4,170.4,836.5,875.4,True,False,False,False,False,False,True,True,False,2,0,0,0.0,24.4,0.0,170.4,0.0,836.5,0.0,875.4,0.0,21.925,0.0,22.6,0.8273272706690313,0.008852144358791844,88.5,324,699732.25,480.70562500000005,510.76000000000005,18340.2625,18904.9,0
0.8,0.0,0.0,0.0,0.0,167.7,40.8,745.8,1227.0,False,True,False,True,False,False,False,False,True,0,0,0,167.7,0.0,40.8,0.0,745.8,0.0,1227.0,0.0,0.0,0.0,0.8,0.0,0.0,0.0,0.0,324,556217.6399999999,0.0,0.6400000000000001,0.0,596.64,1
1.2,3250.0,0.0,0.0,0.0,97.5,169.3,757.4,1227.0,False,True,False,True,False,False,False,False,True,0,0,0,97.5,0.0,169.3,0.0,757.4,0.0,1227.0,0.0,0.0,0.0,1.2,0.0,0.0,0.0,0.0,330,573654.76,0.0,1.44,0.0,908.88,1
6.0,0.0,33.3,0.0,15.318,144.8,43.8,857.2,1062.2,True,False,True,False,False,False,False,False,True,1,0,0,0.0,144.8,0.0,43.8,0.0,857.2,0.0,1062.2,0.0,15.318,0.0,6.0,0.45998618660100304,15318.0,0.0,365,734791.8400000001,234.641124,36.0,13130.589600000001,5143.200000000001,0
0.3,0.0,0.0,0.0,0.0,132.2,3.0,1036.8,1105.0,True,False,True,False,False,False,False,False,True,2,0,0,0.0,132.2,0.0,3.0,0.0,1036.8,0.0,1105.0,0.0,0.0,0.0,0.3,0.0,0.0,0.0,336,1074954.24,0.0,0.09,0.0,311.03999999999996,0
75.0,666.7,66.7,0.0,30.682,0.0,291.3,804.42,844.8,False,True,False,True,False,False,False,False,True,0,0,0,0.0,0.0,291.3,0.0,804.42,0.0,844.8,0.0,30.682,0.0,75.0,0.0,0.45999310355167083,0.04602062993755821,0.0,347,647091.5364,941.3851239999999,5625.0,24681.214439999996,60331.5,0
0.7,0.0,0.0,0.0,0.0,36.8,149.8,895.4,1105.0,True,False,True,False,False,False,False,False,True,1,0,0,0.0,36.8,0.0,149.8,0.0,895.4,0.0,1105.0,0.0,0.0,0.0,0.7,0.0,0.0,0.0,351,801741.1599999999,0.0,0.48999999999999994,0.0,626.78,0
0.3,0.0,0.0,0.0,0.0,45.5,97.6,946.0,1089.9,True,False,False,True,False,False,False,False,True,1,0,0,0.0,45.5,0.0,97.6,0.0,946.0,0.0,1089.9,0.0,0.0,0.0,0.3,0.0,0.0,0.0,347,894916.0,0.0,0.09,0.0,283.8,0
0.2,0.0,0.0,0.0,0.0,20.4,202.7,929.1,1089.9,True,False,False,True,False,False,False,False,True,1,0,0,0.0,20.4,0.0,202.7,0.0,929.1,0.0,1089.9,0.0,0.0,0.0,0.2,0.0,0.0,0.0,354,863226.81,0.0,0.04000000000000001,0.0,185.82000000000002,0
13.0,0.0,61.5,0.0,28.29,151.8,71.0,990.6,1062.2,True,False,True,False,False,False,False,False,True,1,0,0,0.0,151.8,0.0,71.0,0.0,990.6,0.0,1062.2,0.0,28.29,0.0,13.0,0.459992520446822,28290.0,0.0,355,981288.3600000001,800.3240999999999,169.0,28024.074,12877.800000000001,0
35.0,0.0,0.0,0.0,0.0,151.8,7.4,634.4,1062.2,False,True,True,False,False,False,False,False,True,0,0,0,151.8,0.0,7.4,0.0,634.4,0.0,1062.2,0.0,0.0,0.0,35.0,0.0,0.0,0.0,0.0,20,402463.36,0.0,1225.0,0.0,22204.0,1
15.0,0.0,66.7,53.3,36.545,62.8,214.7,1089.3,1288.7,False,True,True,False,False,False,False,False,True,0,1,0,62.8,0.0,214.7,0.0,1089.3,0.0,1288.7,0.0,36.545,0.0,15.0,0.0,0.5478928351898772,36545.0,53.3,361,1186574.49,1335.537025,225.0,39808.4685,16339.5,0
0.3,0.0,0.0,0.0,0.0,42.0,97.4,909.4,939.0,False,True,False,False,False,False,True,False,True,0,0,0,42.0,0.0,97.4,0.0,909.4,0.0,939.0,0.0,0.0,0.0,0.3,0.0,0.0,0.0,0.0,327,827008.36,0.0,0.09,0.0,272.82,0
0.0,0.0,0.0,0.0,0.0,104.0,12.4,1056.6,1105.0,True,False,True,False,False,False,False,False,True,3,0,0,0.0,104.0,0.0,12.4,0.0,1056.6,0.0,1105.0,0.0,0.0,0.0,0.0,0.0,0.0,0.0,332,1116403.5599999998,0.0,0.0,0.0,0.0,0
0.5,0.0,0.0,0.0,0.0,83.1,67.4,956.7,1089.9,False,True,False,True,False,False,False,False,True,0,0,0,83.1,0.0,67.4,0.0,956.7,0.0,1089.9,0.0,0.0,0.0,0.5,0.0,0.0,0.0,0.0,342,915274.8900000001,0.0,0.25,0.0,478.35,0
0.0,0.0,0.0,0.0,0.0,104.2,12.8,1056.8,1105.0,True,False,True,False,False,False,False,True,False,4,1,0,0.0,104.2,0.0,12.8,0.0,1056.8,0.0,1105.0,0.0,0.0,0.0,0.0,0.0,0.0,0.0,331,1116826.24,0.0,0.0,0.0,0.0,0
11.0,2500.0,90.9,0.0,41.814,28.4,148.2,1137.1,1288.7,False,True,True,False,False,False,False,False,True,0,1,0,28.4,0.0,148.2,0.0,1137.1,0.0,1288.7,0.0,41.814,0.0,11.0,0.0,0.45999493954961984,0.016725593309762674,0.0,343,1292996.4099999997,1748.410596,121.0,47546.6994,12508.099999999999,0
7.2,0.0,0.0,125.0,13.75,169.0,40.6,926.6,1062.2,False,True,True,False,False,False,False,False,True,0,0,0,169.0,0.0,40.6,0.0,926.6,0.0,1062.2,0.0,13.75,0.0,7.2,0.0,13750.0,13750.0,125.0,362,858587.56,189.0625,51.84,12740.75,6671.52,0
9.0,0.0,0.0,0.0,0.0,89.4,180.0,1106.1,1288.7,True,False,True,False,False,False,False,False,True,1,0,0,0.0,89.4,0.0,180.0,0.0,1106.1,0.0,1288.7,0.0,0.0,0.0,9.0,0.0,0.0,0.0,335,1223457.2099999997,0.0,81.0,0.0,9954.9,0
6.6,0.0,0.0,76.3,8.393,165.6,53.8,962.4,1062.2,True,False,True,False,False,False,False,False,True,3,0,1,0.0,165.6,0.0,53.8,0.0,962.4,0.0,1062.2,0.0,8.393,0.0,6.6,8393.0,8393.0,76.3,357,926213.76,70.44244900000001,43.559999999999995,8077.4232,6351.839999999999,0
12.0,2000.0,0.0,0.0,0.0,45.6,15.1,713.4,875.4,False,True,False,False,False,False,True,True,False,0,0,0,45.6,0.0,15.1,0.0,713.4,0.0,875.4,0.0,0.0,0.0,12.0,0.0,0.0,0.0,0.0,6,508939.55999999994,0.0,144.0,0.0,8560.8,1
35.0,4166.7,42.9,0.0,19.734,124.5,101.9,911.9,1108.4,True,False,False,False,True,False,False,False,True,1,1,0,0.0,124.5,0.0,101.9,0.0,911.9,0.0,1108.4,0.0,19.734,0.0,35.0,0.45998927763921593,0.004736120974363172,0.0,331,831561.61,389.4307560000001,1225.0,17995.4346,31916.5,0
55.0,0.0,90.9,181.8,61.812,29.6,181.4,1143.3,1288.7,True,False,True,False,False,False,False,True,False,1,1,0,0.0,29.6,0.0,181.4,0.0,1143.3,0.0,1288.7,0.0,61.812,0.0,55.0,0.6799925193342207,61811.99999999999,181.8,339,1307134.89,3820.7233439999995,3025.0,70669.6596,62881.5,0
45.0,0.0,0.0,0.0,0.0,112.7,68.7,804.9,844.8,True,False,False,True,False,False,False,False,True,1,0,0,0.0,112.7,0.0,68.7,0.0,804.9,0.0,844.8,0.0,0.0,0.0,45.0,0.0,0.0,0.0,355,647864.01,0.0,2025.0,0.0,36220.5,0
35.0,2857.1,28.6,0.0,13.156,12.1,273.12,798.72,844.8,True,False,False,True,False,False,False,False,True,1,0,0,0.0,12.1,0.0,273.12,0.0,798.72,0.0,844.8,0.0,13.156,0.0,35.0,0.4599839166462711,0.004604667458378266,0.0,326,637953.6384,173.08033600000002,1225.0,10507.96032,27955.2,1
0.1,0.0,0.0,0.0,0.0,14.4,228.2,959.6,1105.0,True,False,True,False,False,False,False,False,True,3,0,0,0.0,14.4,0.0,228.2,0.0,959.6,0.0,1105.0,0.0,0.0,0.0,0.1,0.0,0.0,0.0,315,920832.16,0.0,0.010000000000000002,0.0,95.96000000000001,0
15.0,0.0,0.0,0.0,0.0,138.5,147.9,1021.4,1108.4,True,False,False,False,True,False,False,False,True,3,0,0,0.0,138.5,0.0,147.9,0.0,1021.4,0.0,1108.4,0.0,0.0,0.0,15.0,0.0,0.0,0.0,325,1043257.96,0.0,225.0,0.0,15321.0,0
7.5,1666.7,53.3,0.0,24.518,99.0,190.2,1105.7,1288.7,True,False,True,False,False,False,False,False,True,1,0,0,0.0,99.0,0.0,190.2,0.0,1105.7,0.0,1288.7,0.0,24.518,0.0,7.5,0.4599913697679219,0.014710496963762547,0.0,333,1222572.49,601.132324,56.25,27109.552600000003,8292.75,0
0.4,0.0,0.0,0.0,0.0,31.1,99.7,939.2,1089.9,False,True,False,True,False,False,False,False,True,0,0,0,31.1,0.0,99.7,0.0,939.2,0.0,1089.9,0.0,0.0,0.0,0.4,0.0,0.0,0.0,0.0,349,882096.6400000001,0.0,0.16000000000000003,0.0,375.68000000000006,0
11.3,4432.6,0.0,26.6,2.926,162.6,45.0,870.8,1062.2,True,False,True,False,False,False,False,False,True,1,0,1,0.0,162.6,0.0,45.0,0.0,870.8,0.0,1062.2,0.0,2.926,0.0,11.3,2926.0,0.0006601090420725889,26.6,363,758292.6399999999,8.561476,127.69000000000001,2547.9608,9840.04,0
9.0,5000.0,0.0,0.0,0.0,146.4,44.0,868.8,1062.2,True,False,True,False,False,False,False,False,True,1,1,1,0.0,146.4,0.0,44.0,0.0,868.8,0.0,1062.2,0.0,0.0,0.0,9.0,0.0,0.0,0.0,364,754813.44,0.0,81.0,0.0,7819.2,0
0.1,0.0,0.0,0.0,0.0,24.3,237.9,589.9,1142.3,True,False,False,False,False,False,True,True,False,3,0,0,0.0,24.3,0.0,237.9,0.0,589.9,0.0,1142.3,0.0,0.0,0.0,0.1,0.0,0.0,0.0,313,347982.00999999995,0.0,0.010000000000000002,0.0,58.99,1
8.4,0.0,0.0,0.0,0.0,34.3,3.2,650.4,844.8,False,True,False,True,False,False,False,False,True,0,0,0,34.3,0.0,3.2,0.0,650.4,0.0,844.8,0.0,0.0,0.0,8.4,0.0,0.0,0.0,0.0,8,423020.16,0.0,70.56,0.0,5463.36,1
0.0,0.0,0.0,0.0,0.0,14.4,228.8,973.4,1105.0,True,False,True,False,False,False,False,True,False,4,0,0,0.0,14.4,0.0,228.8,0.0,973.4,0.0,1105.0,0.0,0.0,0.0,0.0,0.0,0.0,0.0,316,947507.5599999999,0.0,0.0,0.0,0.0,0
0.1,0.0,0.0,0.0,0.0,168.3,197.8,768.3,939.0,True,False,False,False,False,False,True,True,False,2,0,0,0.0,168.3,0.0,197.8,0.0,768.3,0.0,939.0,0.0,0.0,0.0,0.1,0.0,0.0,0.0,2,590284.8899999999,0.0,0.010000000000000002,0.0,76.83,1
10.0,3500.0,50.0,0.0,23.0,28.4,146.4,1144.9,1288.7,False,True,True,False,False,False,False,False,True,0,1,0,28.4,0.0,146.4,0.0,1144.9,0.0,1288.7,0.0,23.0,0.0,10.0,0.0,0.45999080018399635,0.006571426693878087,0.0,342,1310796.0100000002,529.0,100.0,26332.7,11449.0,0
15.0,3333.3,20.0,46.7,14.337,79.6,15.1,714.2,875.4,True,False,False,False,False,False,True,True,False,1,0,0,0.0,79.6,0.0,15.1,0.0,714.2,0.0,875.4,0.0,14.337,0.0,15.0,0.7168141592920353,0.0043011417210746935,46.7,4,510081.6400000001,205.549569,225.0,10239.4854,10713.0,1
0.2,0.0,0.0,0.0,0.0,31.6,370.4,894.2,1105.0,True,False,True,False,False,False,False,False,True,1,0,0,0.0,31.6,0.0,370.4,0.0,894.2,0.0,1105.0,0.0,0.0,0.0,0.2,0.0,0.0,0.0,360,799593.6400000001,0.0,0.04000000000000001,0.0,178.84000000000003,0
0.2,0.0,0.0,0.0,0.0,112.1,38.2,785.3,1227.0,False,True,False,True,False,False,False,False,True,0,0,0,112.1,0.0,38.2,0.0,785.3,0.0,1227.0,0.0,0.0,0.0,0.2,0.0,0.0,0.0,0.0,325,616696.09,0.0,0.04000000000000001,0.0,157.06,1
16.0,0.0,0.0,0.0,0.0,0.2,189.6,1020.8,1062.2,True,False,True,False,False,False,False,False,True,3,0,0,0.0,0.2,0.0,189.6,0.0,1020.8,0.0,1062.2,0.0,0.0,0.0,16.0,0.0,0.0,0.0,314,1042032.6399999999,0.0,256.0,0.0,16332.8,0
0.3,400.0,0.0,0.0,0.0,6.0,41.3,908.6,1142.3,True,False,False,False,False,False,True,False,True,2,0,0,0.0,6.0,0.0,41.3,0.0,908.6,0.0,1142.3,0.0,0.0,0.0,0.3,0.0,0.0,0.0,345,825553.9600000001,0.0,0.09,0.0,272.58,0
20.5,2439.0,39.0,87.8,27.598,122.3,53.3,789.0,875.4,True,False,False,False,False,False,True,False,True,2,0,1,0.0,122.3,0.0,53.3,0.0,789.0,0.0,875.4,0.0,27.598,0.0,20.5,0.7076228814645779,0.011315288513616845,87.8,358,622521.0,761.649604,420.25,21774.822,16174.5,1
6.6,3500.0,30.3,0.0,13.938,13.2,122.0,1132.3,1288.7,False,True,True,False,False,False,False,False,True,0,0,0,13.2,0.0,122.0,0.0,1132.3,0.0,1288.7,0.0,13.938,0.0,6.6,0.0,0.45998481898287186,0.003982284576490121,0.0,349,1282103.2899999998,194.26784400000003,43.559999999999995,15781.9974,7473.179999999999,0
11.0,3571.4,0.0,200.0,22.0,43.8,43.5,1132.1,1288.7,False,True,True,False,False,False,False,False,True,0,0,0,43.8,0.0,43.5,0.0,1132.1,0.0,1288.7,0.0,22.0,0.0,11.0,0.0,22000.0,0.006160047555567129,200.0,356,1281650.4099999997,484.0,121.0,24906.199999999997,12453.099999999999,0
0.1,0.0,0.0,0.0,0.0,39.2,85.0,1053.8,1105.0,True,False,True,False,False,False,False,False,True,4,1,1,0.0,39.2,0.0,85.0,0.0,1053.8,0.0,1105.0,0.0,0.0,0.0,0.1,0.0,0.0,0.0,328,1110494.44,0.0,0.010000000000000002,0.0,105.38,0
0.3,0.0,0.0,0.0,0.0,33.4,363.2,896.2,1105.0,True,False,True,False,False,False,False,False,True,2,1,0,0.0,33.4,0.0,363.2,0.0,896.2,0.0,1105.0,0.0,0.0,0.0,0.3,0.0,0.0,0.0,355,803174.4400000001,0.0,0.09,0.0,268.86,0
0.1,0.0,0.0,0.0,0.0,189.4,310.0,898.3,1089.9,False,True,False,True,False,False,False,False,True,0,0,0,189.4,0.0,310.0,0.0,898.3,0.0,1089.9,0.0,0.0,0.0,0.1,0.0,0.0,0.0,0.0,2,806942.8899999999,0.0,0.010000000000000002,0.0,89.83,0
20.0,0.0,0.0,0.0,0.0,124.4,189.0,1106.9,1288.7,True,False,True,False,False,False,False,False,True,2,0,0,0.0,124.4,0.0,189.0,0.0,1106.9,0.0,1288.7,0.0,0.0,0.0,20.0,0.0,0.0,0.0,332,1225227.61,0.0,400.0,0.0,22138.0,0
17.4,4885.1,114.9,201.1,74.975,14.7,230.6,1209.5,1320.5,False,True,False,True,False,False,False,False,True,0,0,0,14.7,0.0,230.6,0.0,1209.5,0.0,1320.5,0.0,74.975,0.0,17.4,0.0,0.6525182548454755,0.015347686772494568,201.1,344,1462890.25,5621.250624999999,302.75999999999993,90682.2625,21045.3,0
8.0,3928.6,50.0,50.0,28.5,69.1,294.1,1244.0,1331.2,True,False,False,False,False,False,True,True,False,1,0,0,0.0,69.1,0.0,294.1,0.0,1244.0,0.0,1331.2,0.0,28.5,0.0,8.0,0.5699886002279955,0.007254490848014344,50.0,3,1547536.0,812.25,64.0,35454.0,9952.0,0
0.1,3000.0,0.0,0.0,0.0,32.8,198.4,804.5,939.0,True,False,False,False,False,False,True,False,True,4,0,0,0.0,32.8,0.0,198.4,0.0,804.5,0.0,939.0,0.0,0.0,0.0,0.1,0.0,0.0,0.0,350,647220.25,0.0,0.010000000000000002,0.0,80.45,0
0.6,0.0,0.0,0.0,0.0,59.0,1.7,738.5,801.7,True,False,False,False,True,False,False,False,True,1,0,0,0.0,59.0,0.0,1.7,0.0,738.5,0.0,801.7,0.0,0.0,0.0,0.6,0.0,0.0,0.0,340,545382.25,0.0,0.36,0.0,443.09999999999997,1
0.0,0.0,0.0,0.0,0.0,14.4,197.2,955.0,1105.0,True,False,True,False,False,False,False,False,True,3,0,0,0.0,14.4,0.0,197.2,0.0,955.0,0.0,1105.0,0.0,0.0,0.0,0.0,0.0,0.0,0.0,314,912025.0,0.0,0.0,0.0,0.0,0
0.0,0.0,0.0,0.0,0.0,92.2,26.2,1015.7,1089.9,True,False,False,True,False,False,False,False,True,3,1,1,0.0,92.2,0.0,26.2,0.0,1015.7,0.0,1089.9,0.0,0.0,0.0,0.0,0.0,0.0,0.0,336,1031646.4900000001,0.0,0.0,0.0,0.0,0
38.0,4605.3,26.3,131.6,26.574,44.7,6.0,1307.7,1331.2,False,True,False,False,False,False,True,True,False,0,0,0,44.7,0.0,6.0,0.0,1307.7,0.0,1331.2,0.0,26.574,0.0,38.0,0.0,1.010379833466408,0.005770306870278403,131.6,354,1710079.29,706.1774760000001,1444.0,34750.819800000005,49692.6,0
0.1,0.0,0.0,0.0,0.0,39.2,85.0,1053.8,1105.0,True,False,True,False,False,False,False,False,True,4,1,0,0.0,39.2,0.0,85.0,0.0,1053.8,0.0,1105.0,0.0,0.0,0.0,0.1,0.0,0.0,0.0,328,1110494.44,0.0,0.010000000000000002,0.0,105.38,0
4.0,2500.0,0.0,0.0,0.0,228.6,8.6,825.0,1062.2,True,False,True,False,False,False,False,False,True,1,0,0,0.0,228.6,0.0,8.6,0.0,825.0,0.0,1062.2,0.0,0.0,0.0,4.0,0.0,0.0,0.0,2,680625.0,0.0,16.0,0.0,3300.0,0
23.0,4347.8,52.2,87.0,33.582,80.1,15.1,714.2,875.4,False,True,False,False,False,False,True,True,False,0,0,0,80.1,0.0,15.1,0.0,714.2,0.0,875.4,0.0,33.582,0.0,23.0,0.0,0.6433210091760694,0.007723904566929351,87.0,3,510081.6400000001,1127.750724,529.0,23984.264400000004,16426.600000000002,1
2.5,8000.0,0.0,120.0,13.2,79.6,15.1,714.2,875.4,True,False,False,False,False,False,True,True,False,1,0,0,0.0,79.6,0.0,15.1,0.0,714.2,0.0,875.4,0.0,13.2,0.0,2.5,13199.999999999998,0.0016499997937500256,120.0,4,510081.6400000001,174.23999999999998,6.25,9427.44,1785.5,1
12.3,2439.0,32.5,122.0,28.37,167.6,41.8,926.6,1062.2,True,False,True,False,False,False,False,False,True,2,0,1,0.0,167.6,0.0,41.8,0.0,926.6,0.0,1062.2,0.0,28.37,0.0,12.3,0.87289621857789,0.011631811549072755,122.0,361,858587.56,804.8569000000001,151.29000000000002,26287.642,11397.18,0
10.0,2500.0,0.0,0.0,0.0,61.6,1.2,660.42,844.8,False,True,False,True,False,False,False,False,True,0,0,0,61.6,0.0,1.2,0.0,660.42,0.0,844.8,0.0,0.0,0.0,10.0,0.0,0.0,0.0,0.0,5,436154.57639999996,0.0,100.0,0.0,6604.2,1
41.0,3225.8,36.6,73.2,24.888,44.7,6.0,1307.7,1331.2,False,True,False,False,False,False,True,True,False,0,0,0,44.7,0.0,6.0,0.0,1307.7,0.0,1331.2,0.0,24.888,0.0,41.0,0.0,0.6799814212726429,0.007715293038845235,73.2,355,1710079.29,619.4125440000001,1681.0,32546.037600000003,53615.700000000004,0
0.3,0.0,0.0,0.0,0.0,53.2,118.0,716.3,801.7,True,False,False,False,True,False,False,False,True,1,0,0,0.0,53.2,0.0,118.0,0.0,716.3,0.0,801.7,0.0,0.0,0.0,0.3,0.0,0.0,0.0,347,513085.68999999994,0.0,0.09,0.0,214.89,1
18.0,2777.8,55.6,138.9,40.855,91.6,71.4,1021.0,1062.2,False,True,True,False,False,False,False,False,True,0,0,0,91.6,0.0,71.4,0.0,1021.0,0.0,1062.2,0.0,40.855,0.0,18.0,0.0,0.7347889426449165,0.01470767704381991,138.9,351,1042441.0,1669.1310249999997,324.0,41712.954999999994,18378.0,0
0.0,0.0,0.0,0.0,0.0,37.3,325.6,804.5,939.0,True,False,False,False,False,False,True,True,False,4,0,0,0.0,37.3,0.0,325.6,0.0,804.5,0.0,939.0,0.0,0.0,0.0,0.0,0.0,0.0,0.0,354,647220.25,0.0,0.0,0.0,0.0,0
0.2,0.0,0.0,0.0,0.0,79.2,218.6,932.6,1331.4,False,True,True,False,False,False,False,False,True,0,0,0,79.2,0.0,218.6,0.0,932.6,0.0,1331.4,0.0,0.0,0.0,0.2,0.0,0.0,0.0,0.0,327,869742.76,0.0,0.04000000000000001,0.0,186.52,0
0.2,0.0,0.0,0.0,0.0,74.8,63.5,973.3,1089.9,True,False,False,True,False,False,False,True,False,1,0,0,0.0,74.8,0.0,63.5,0.0,973.3,0.0,1089.9,0.0,0.0,0.0,0.2,0.0,0.0,0.0,340,947312.8899999999,0.0,0.04000000000000001,0.0,194.66,0
0.3,0.0,0.0,0.0,0.0,168.3,197.8,768.3,939.0,False,True,False,False,False,False,True,False,True,0,0,0,168.3,0.0,197.8,0.0,768.3,0.0,939.0,0.0,0.0,0.0,0.3,0.0,0.0,0.0,0.0,2,590284.8899999999,0.0,0.09,0.0,230.48999999999998,1
0.0,0.0,0.0,0.0,0.0,29.6,105.0,981.4,1331.4,True,False,True,False,False,False,False,True,False,1,0,0,0.0,29.6,0.0,105.0,0.0,981.4,0.0,1331.4,0.0,0.0,0.0,0.0,0.0,0.0,0.0,366,963145.96,0.0,0.0,0.0,0.0,0
0.4,0.0,0.0,0.0,0.0,112.8,8.0,571.1,801.7,True,False,False,False,True,False,False,False,True,1,0,0,0.0,112.8,0.0,8.0,0.0,571.1,0.0,801.7,0.0,0.0,0.0,0.4,0.0,0.0,0.0,9,326155.21,0.0,0.16000000000000003,0.0,228.44000000000003,1
5.0,4000.0,60.0,0.0,27.6,198.2,43.4,934.2,1062.2,True,False,True,False,False,False,False,False,True,1,1,1,0.0,198.2,0.0,43.4,0.0,934.2,0.0,1062.2,0.0,27.6,0.0,5.0,0.459992333461109,0.006899998275000431,0.0,358,872729.6400000001,761.7600000000001,25.0,25783.920000000002,4671.0,0
23.4,5128.2,42.7,85.5,29.047,12.5,340.9,836.5,875.4,True,False,False,False,False,False,True,True,False,3,0,0,0.0,12.5,0.0,340.9,0.0,836.5,0.0,875.4,0.0,29.047,0.0,23.4,0.6802416805227044,0.005664169559656496,85.5,346,699732.25,843.728209,547.56,24297.8155,19574.1,0
7.2,2750.0,111.1,194.4,72.49,62.8,214.7,1089.3,1288.7,True,False,True,False,False,False,False,False,True,1,0,0,0.0,62.8,0.0,214.7,0.0,1089.3,0.0,1288.7,0.0,72.49,0.0,7.2,0.6524693747130988,0.026359990414548937,194.4,361,1186574.49,5254.8000999999995,51.84,78963.35699999999,7842.96,0
0.2,0.0,0.0,0.0,0.0,24.7,55.8,910.6,1142.3,False,True,False,False,False,False,True,False,True,0,0,0,24.7,0.0,55.8,0.0,910.6,0.0,1142.3,0.0,0.0,0.0,0.2,0.0,0.0,0.0,0.0,343,829192.36,0.0,0.04000000000000001,0.0,182.12,0
0.2,0.0,0.0,10.0,1.1,104.4,21.0,914.6,1331.4,True,False,True,False,False,False,False,False,True,2,0,1,0.0,104.4,0.0,21.0,0.0,914.6,0.0,1331.4,0.0,1.1,0.0,0.2,1100.0,1100.0,10.0,323,836493.16,1.2100000000000002,0.04000000000000001,1006.0600000000001,182.92000000000002,0
0.1,250.0,0.0,0.0,0.0,45.2,15.4,1010.8,1331.4,False,True,True,False,False,False,False,False,True,0,0,0,45.2,0.0,15.4,0.0,1010.8,0.0,1331.4,0.0,0.0,0.0,0.1,0.0,0.0,0.0,0.0,347,1021716.6399999999,0.0,0.010000000000000002,0.0,101.08,0
0.4,800.0,0.0,0.0,0.0,76.4,38.6,906.0,1331.4,False,True,True,False,False,False,False,False,True,0,0,0,76.4,0.0,38.6,0.0,906.0,0.0,1331.4,0.0,0.0,0.0,0.4,0.0,0.0,0.0,0.0,324,820836.0,0.0,0.16000000000000003,0.0,362.40000000000003,0
0.1,150.0,0.0,0.0,0.0,42.1,173.3,756.3,1227.0,True,False,False,True,False,False,False,False,True,1,0,1,0.0,42.1,0.0,173.3,0.0,756.3,0.0,1227.0,0.0,0.0,0.0,0.1,0.0,0.0,0.0,338,571989.69,0.0,0.010000000000000002,0.0,75.63,1
5.8,0.0,0.0,0.0,0.0,86.9,1.2,664.7,844.8,False,True,False,True,False,False,False,False,True,0,0,0,86.9,0.0,1.2,0.0,664.7,0.0,844.8,0.0,0.0,0.0,5.8,0.0,0.0,0.0,0.0,4,441826.0900000001,0.0,33.64,0.0,3855.26,1
0.5,0.0,0.0,0.0,0.0,45.5,78.7,946.0,1089.9,False,True,False,True,False,False,False,False,True,0,0,0,45.5,0.0,78.7,0.0,946.0,0.0,1089.9,0.0,0.0,0.0,0.5,0.0,0.0,0.0,0.0,346,894916.0,0.0,0.25,0.0,473.0,0
6.0,2500.0,66.7,0.0,30.682,28.4,137.6,1136.7,1288.7,False,True,True,False,False,False,False,True,False,0,0,0,28.4,0.0,137.6,0.0,1136.7,0.0,1288.7,0.0,30.682,0.0,6.0,0.0,0.45999310355167083,0.012272795090881963,0.0,344,1292086.8900000001,941.3851239999999,36.0,34876.2294,6820.200000000001,0
13.4,4650.3,37.2,0.0,17.112,49.5,6.0,1307.7,1331.2,False,True,False,False,False,False,True,True,False,0,1,0,49.5,0.0,6.0,0.0,1307.7,0.0,1331.2,0.0,17.112,0.0,13.4,0.0,0.4599876347410015,0.003679761804665977,0.0,352,1710079.29,292.8205439999999,179.56,22377.362399999998,17523.18,0
20.7,2221.1,24.1,0.0,11.086,24.4,238.0,836.5,875.4,True,False,False,False,False,False,True,True,False,2,1,0,0.0,24.4,0.0,238.0,0.0,836.5,0.0,875.4,0.0,11.086,0.0,20.7,0.459980913655035,0.0049912183192029535,0.0,328,699732.25,122.89939600000001,428.48999999999995,9273.439,17315.55,0
0.5,0.0,0.0,0.0,0.0,159.8,161.0,743.0,1227.0,False,True,False,True,False,False,False,False,True,0,0,0,159.8,0.0,161.0,0.0,743.0,0.0,1227.0,0.0,0.0,0.0,0.5,0.0,0.0,0.0,0.0,317,552049.0,0.0,0.25,0.0,371.5,1
0.2,0.0,0.0,0.0,0.0,20.5,114.4,931.0,1089.9,True,False,False,True,False,False,False,False,True,3,0,0,0.0,20.5,0.0,114.4,0.0,931.0,0.0,1089.9,0.0,0.0,0.0,0.2,0.0,0.0,0.0,351,866761.0,0.0,0.04000000000000001,0.0,186.20000000000002,0
0.2,960.0,0.0,0.0,0.0,92.1,109.9,925.8,1142.3,False,True,False,False,False,False,True,True,False,0,0,0,92.1,0.0,109.9,0.0,925.8,0.0,1142.3,0.0,0.0,0.0,0.2,0.0,0.0,0.0,0.0,359,857105.6399999999,0.0,0.04000000000000001,0.0,185.16,0
13.3,3009.8,30.1,60.2,20.468,109.8,52.5,755.0,875.4,True,False,False,False,False,False,True,True,False,1,0,0,0.0,109.8,0.0,52.5,0.0,755.0,0.0,875.4,0.0,20.468,0.0,13.3,0.6799774093883924,0.006800449597830553,60.2,362,570025.0,418.939024,176.89000000000001,15453.34,10041.5,1
10.0,2500.0,0.0,0.0,0.0,0.0,291.3,803.92,844.8,False,True,False,True,False,False,False,False,True,0,0,0,0.0,0.0,291.3,0.0,803.92,0.0,844.8,0.0,0.0,0.0,10.0,0.0,0.0,0.0,0.0,346,646287.3663999999,0.0,100.0,0.0,8039.2,0
12.8,1953.1,0.0,0.0,0.0,45.4,1.2,660.4,844.8,True,False,False,True,False,False,False,False,True,1,0,0,0.0,45.4,0.0,1.2,0.0,660.4,0.0,844.8,0.0,0.0,0.0,12.8,0.0,0.0,0.0,6,436128.16,0.0,163.84000000000003,0.0,8453.12,1
0.1,200.0,0.0,0.0,0.0,134.6,55.0,924.8,1331.4,True,False,True,False,False,False,False,False,True,2,0,0,0.0,134.6,0.0,55.0,0.0,924.8,0.0,1331.4,0.0,0.0,0.0,0.1,0.0,0.0,0.0,321,855255.0399999999,0.0,0.010000000000000002,0.0,92.48,0
0.1,150.0,0.0,0.0,0.0,29.7,106.8,717.2,1142.3,True,False,False,False,False,False,True,True,False,1,0,0,0.0,29.7,0.0,106.8,0.0,717.2,0.0,1142.3,0.0,0.0,0.0,0.1,0.0,0.0,0.0,335,514375.8400000001,0.0,0.010000000000000002,0.0,71.72000000000001,1
12.5,4800.0,0.0,0.0,0.0,144.8,43.8,857.2,1062.2,True,False,True,False,False,False,False,False,True,3,1,0,0.0,144.8,0.0,43.8,0.0,857.2,0.0,1062.2,0.0,0.0,0.0,12.5,0.0,0.0,0.0,365,734791.8400000001,0.0,156.25,0.0,10715.0,0
0.1,0.0,0.0,0.0,0.0,123.2,215.7,791.3,939.0,True,False,False,False,False,False,True,True,False,2,0,0,0.0,123.2,0.0,215.7,0.0,791.3,0.0,939.0,0.0,0.0,0.0,0.1,0.0,0.0,0.0,363,626155.69,0.0,0.010000000000000002,0.0,79.13,1
15.0,6666.7,0.0,0.0,0.0,4.2,213.1,1209.7,1320.5,False,True,False,True,False,False,False,False,True,0,0,0,4.2,0.0,213.1,0.0,1209.7,0.0,1320.5,0.0,0.0,0.0,15.0,0.0,0.0,0.0,0.0,347,1463374.09,0.0,225.0,0.0,18145.5,0
0.1,0.0,0.0,0.0,0.0,43.0,12.8,1002.4,1331.4,True,False,True,False,False,False,False,False,True,3,0,0,0.0,43.0,0.0,12.8,0.0,1002.4,0.0,1331.4,0.0,0.0,0.0,0.1,0.0,0.0,0.0,357,1004805.76,0.0,0.010000000000000002,0.0,100.24000000000001,0
0.1,0.0,0.0,0.0,0.0,79.2,218.6,932.6,1331.4,False,True,True,False,False,False,False,False,True,0,0,0,79.2,0.0,218.6,0.0,932.6,0.0,1331.4,0.0,0.0,0.0,0.1,0.0,0.0,0.0,0.0,327,869742.76,0.0,0.010000000000000002,0.0,93.26,0
26.0,4807.7,26.9,57.7,18.721,13.0,430.7,1308.7,1331.2,False,True,False,False,False,False,True,True,False,0,0,0,13.0,0.0,430.7,0.0,1308.7,0.0,1331.2,0.0,18.721,0.0,26.0,0.0,0.6959220846808669,0.0038939609597185847,57.7,337,1712695.6900000002,350.475841,676.0,24500.1727,34026.200000000004,0
9.0,4000.0,111.1,200.0,73.106,62.8,214.7,1089.3,1288.7,True,False,True,False,False,False,False,True,False,2,0,0,0.0,62.8,0.0,214.7,0.0,1089.3,0.0,1288.7,0.0,73.106,0.0,9.0,0.6580138792630129,0.01827649543087614,200.0,361,1186574.49,5344.487235999999,81.0,79634.36579999999,9803.699999999999,0
10.0,0.0,30.0,50.0,19.3,200.4,196.6,1196.4,1331.2,False,True,False,False,False,False,True,True,False,0,0,0,200.4,0.0,196.6,0.0,1196.4,0.0,1331.2,0.0,19.3,0.0,10.0,0.0,0.6433118896036799,19300.0,50.0,10,1431372.9600000002,372.49,100.0,23090.520000000004,11964.0,0
0.1,0.0,0.0,0.0,0.0,9.6,151.3,992.8,1089.9,True,False,False,True,False,False,False,False,True,4,1,1,0.0,9.6,0.0,151.3,0.0,992.8,0.0,1089.9,0.0,0.0,0.0,0.1,0.0,0.0,0.0,319,985651.84,0.0,0.010000000000000002,0.0,99.28,0
0.1,0.0,0.0,0.0,0.0,86.0,67.3,956.4,1089.9,True,False,False,True,False,False,False,True,False,3,0,0,0.0,86.0,0.0,67.3,0.0,956.4,0.0,1089.9,0.0,0.0,0.0,0.1,0.0,0.0,0.0,343,914700.96,0.0,0.010000000000000002,0.0,95.64,0
0.0,0.0,0.0,0.0,0.0,132.2,3.0,1036.8,1105.0,True,False,True,False,False,False,False,False,True,3,0,0,0.0,132.2,0.0,3.0,0.0,1036.8,0.0,1105.0,0.0,0.0,0.0,0.0,0.0,0.0,0.0,336,1074954.24,0.0,0.0,0.0,0.0,0
10.0,4000.0,50.0,0.0,23.0,4.5,109.8,925.4,1108.4,False,True,False,False,True,False,False,False,True,0,0,0,4.5,0.0,109.8,0.0,925.4,0.0,1108.4,0.0,23.0,0.0,10.0,0.0,0.45999080018399635,0.005749998562500359,0.0,351,856365.1599999999,529.0,100.0,21284.2,9254.0,0
0.1,0.0,0.0,0.0,0.0,45.2,15.4,1010.8,1331.4,False,True,True,False,False,False,False,False,True,0,0,0,45.2,0.0,15.4,0.0,1010.8,0.0,1331.4,0.0,0.0,0.0,0.1,0.0,0.0,0.0,0.0,347,1021716.6399999999,0.0,0.010000000000000002,0.0,101.08,0
16.8,1964.3,0.0,0.0,0.0,109.8,52.5,770.5,875.4,False,True,False,False,False,False,True,True,False,0,0,0,109.8,0.0,52.5,0.0,770.5,0.0,875.4,0.0,0.0,0.0,16.8,0.0,0.0,0.0,0.0,360,593670.25,0.0,282.24,0.0,12944.400000000001,1
0.1,300.0,0.0,8.0,0.88,96.1,3.1,933.3,1142.3,False,True,False,False,False,False,True,True,False,0,0,0,96.1,0.0,3.1,0.0,933.3,0.0,1142.3,0.0,0.88,0.0,0.1,0.0,880.0,0.0029333235555881482,8.0,354,871048.8899999999,0.7744,0.010000000000000002,821.304,93.33,0
0.3,800.0,15.0,0.0,6.9,13.1,3.1,933.3,1142.3,False,True,False,False,False,False,True,True,False,0,0,0,13.1,0.0,3.1,0.0,933.3,0.0,1142.3,0.0,6.9,0.0,0.3,0.0,0.4599693353776415,0.008624989218763477,0.0,353,871048.8899999999,47.61000000000001,0.09,6439.77,279.98999999999995,0
100.0,4166.7,100.0,150.0,62.5,117.0,201.4,1214.3,1288.7,False,True,True,False,False,False,False,True,False,0,0,0,117.0,0.0,201.4,0.0,1214.3,0.0,1288.7,0.0,62.5,0.0,100.0,0.0,0.6249937500624994,0.014999876401018455,150.0,324,1474524.49,3906.25,10000.0,75893.75,121430.0,0
0.4,0.0,0.0,0.0,0.0,17.9,341.4,926.6,1089.9,False,True,False,True,False,False,False,False,True,0,0,0,17.9,0.0,341.4,0.0,926.6,0.0,1089.9,0.0,0.0,0.0,0.4,0.0,0.0,0.0,0.0,358,858587.56,0.0,0.16000000000000003,0.0,370.64000000000004,0
1.0,2300.0,0.0,0.0,0.0,31.7,125.2,773.4,1142.3,False,True,False,False,False,False,True,False,True,0,0,0,31.7,0.0,125.2,0.0,773.4,0.0,1142.3,0.0,0.0,0.0,1.0,0.0,0.0,0.0,0.0,339,598147.5599999999,0.0,1.0,0.0,773.4,1
0.5,0.0,0.0,0.0,0.0,208.1,63.5,760.0,1089.9,False,True,False,True,False,False,False,False,True,0,0,0,208.1,0.0,63.5,0.0,760.0,0.0,1089.9,0.0,0.0,0.0,0.5,0.0,0.0,0.0,0.0,8,577600.0,0.0,0.25,0.0,380.0,1
0.3,0.0,0.0,0.0,0.0,36.8,312.2,895.8,1105.0,True,False,True,False,False,False,False,False,True,1,0,0,0.0,36.8,0.0,312.2,0.0,895.8,0.0,1105.0,0.0,0.0,0.0,0.3,0.0,0.0,0.0,353,802457.6399999999,0.0,0.09,0.0,268.73999999999995,0
0.2,0.0,0.0,0.0,0.0,13.0,323.7,929.1,1089.9,False,True,False,True,False,False,False,False,True,0,0,0,13.0,0.0,323.7,0.0,929.1,0.0,1089.9,0.0,0.0,0.0,0.2,0.0,0.0,0.0,0.0,356,863226.81,0.0,0.04000000000000001,0.0,185.82000000000002,0
54.0,2083.3,40.0,64.8,25.528,13.0,307.6,1308.7,1331.2,False,True,False,False,False,False,True,True,False,0,0,0,13.0,0.0,307.6,0.0,1308.7,0.0,1331.2,0.0,25.528,0.0,54.0,0.0,0.6381840453988651,0.012253630176340334,64.8,338,1712695.6900000002,651.678784,2916.0,33408.4936,70669.8,0
0.1,0.0,0.0,0.0,0.0,124.6,34.4,927.4,1105.0,True,False,True,False,False,False,False,False,True,1,0,0,0.0,124.6,0.0,34.4,0.0,927.4,0.0,1105.0,0.0,0.0,0.0,0.1,0.0,0.0,0.0,344,860070.76,0.0,0.010000000000000002,0.0,92.74000000000001,0
11.0,0.0,0.0,0.0,0.0,12.5,340.9,836.5,875.4,True,False,False,False,False,False,True,False,True,1,0,0,0.0,12.5,0.0,340.9,0.0,836.5,0.0,875.4,0.0,0.0,0.0,11.0,0.0,0.0,0.0,345,699732.25,0.0,121.0,0.0,9201.5,0
13.7,3655.0,51.2,73.1,31.593,13.5,326.0,862.0,948.0,False,True,False,False,False,True,False,False,True,0,0,0,13.5,0.0,326.0,0.0,862.0,0.0,948.0,0.0,31.593,0.0,13.7,0.0,0.6170387297123103,0.00864377328487735,73.1,324,743044.0,998.117649,187.68999999999997,27233.166,11809.4,0
0.3,500.0,0.0,0.0,0.0,55.6,15.4,1024.6,1331.4,True,False,True,False,False,False,False,False,True,2,0,1,0.0,55.6,0.0,15.4,0.0,1024.6,0.0,1331.4,0.0,0.0,0.0,0.3,0.0,0.0,0.0,348,1049805.16,0.0,0.09,0.0,307.37999999999994,0
2.7,2500.0,120.0,200.0,77.2,43.4,119.0,1132.1,1288.7,False,True,True,False,False,False,False,False,True,0,0,0,43.4,0.0,119.0,0.0,1132.1,0.0,1288.7,0.0,77.2,0.0,2.7,0.0,0.6433279722668978,0.03087998764800494,200.0,352,1281650.4099999997,5959.84,7.290000000000001,87398.12,3056.67,0
0.5,0.0,0.0,0.0,0.0,74.8,63.5,973.3,1089.9,True,False,False,True,False,False,False,False,True,3,0,0,0.0,74.8,0.0,63.5,0.0,973.3,0.0,1089.9,0.0,0.0,0.0,0.5,0.0,0.0,0.0,340,947312.8899999999,0.0,0.25,0.0,486.65,0
40.0,0.0,100.0,0.0,46.0,168.2,5.4,817.8,1062.2,True,False,True,False,False,False,False,False,True,1,1,1,0.0,168.2,0.0,5.4,0.0,817.8,0.0,1062.2,0.0,46.0,0.0,40.0,0.45999540004599954,46000.0,0.0,6,668796.84,2116.0,1600.0,37618.799999999996,32712.0,0
0.2,0.0,0.0,0.0,0.0,83.1,67.4,956.7,1089.9,False,True,False,True,False,False,False,False,True,0,0,0,83.1,0.0,67.4,0.0,956.7,0.0,1089.9,0.0,0.0,0.0,0.2,0.0,0.0,0.0,0.0,342,915274.8900000001,0.0,0.04000000000000001,0.0,191.34000000000003,0
15.0,0.0,0.0,0.0,0.0,215.4,239.8,1063.7,1288.7,False,True,True,False,False,False,False,False,True,0,0,0,215.4,0.0,239.8,0.0,1063.7,0.0,1288.7,0.0,0.0,0.0,15.0,0.0,0.0,0.0,0.0,5,1131457.6900000002,0.0,225.0,0.0,15955.5,0
0.4,0.0,0.0,0.0,0.0,31.1,99.7,939.2,1089.9,False,True,False,True,False,False,False,False,True,0,0,0,31.1,0.0,99.7,0.0,939.2,0.0,1089.9,0.0,0.0,0.0,0.4,0.0,0.0,0.0,0.0,349,882096.6400000001,0.0,0.16000000000000003,0.0,375.68000000000006,0
0.1,0.0,0.0,0.0,0.0,36.8,149.8,895.4,1105.0,True,False,True,False,False,False,False,False,True,2,0,0,0.0,36.8,0.0,149.8,0.0,895.4,0.0,1105.0,0.0,0.0,0.0,0.1,0.0,0.0,0.0,351,801741.1599999999,0.0,0.010000000000000002,0.0,89.54,0
10.0,1500.0,50.0,0.0,23.0,70.0,33.6,788.2,806.1,True,False,False,False,True,False,False,False,True,1,1,0,0.0,70.0,0.0,33.6,0.0,788.2,0.0,806.1,0.0,23.0,0.0,10.0,0.45999080018399635,0.015333323111117927,0.0,351,621259.2400000001,529.0,100.0,18128.600000000002,7882.0,1
17.5,0.0,0.0,0.0,0.0,45.4,31.9,1132.1,1288.7,False,True,True,False,False,False,False,False,True,0,0,0,45.4,0.0,31.9,0.0,1132.1,0.0,1288.7,0.0,0.0,0.0,17.5,0.0,0.0,0.0,0.0,357,1281650.4099999997,0.0,306.25,0.0,19811.75,0
0.1,0.0,0.0,0.0,0.0,77.6,67.4,960.4,1089.9,False,True,False,True,False,False,False,False,True,0,0,0,77.6,0.0,67.4,0.0,960.4,0.0,1089.9,0.0,0.0,0.0,0.1,0.0,0.0,0.0,0.0,341,922368.1599999999,0.0,0.010000000000000002,0.0,96.04,0
0.6,2300.0,0.0,0.0,0.0,31.3,107.2,709.6,1142.3,False,True,False,False,False,False,True,False,True,0,0,0,31.3,0.0,107.2,0.0,709.6,0.0,1142.3,0.0,0.0,0.0,0.6,0.0,0.0,0.0,0.0,329,503532.16000000003,0.0,0.36,0.0,425.76,1
0.2,400.0,0.0,0.0,0.0,24.7,41.3,910.6,1142.3,True,False,False,False,False,False,True,True,False,1,0,0,0.0,24.7,0.0,41.3,0.0,910.6,0.0,1142.3,0.0,0.0,0.0,0.2,0.0,0.0,0.0,344,829192.36,0.0,0.04000000000000001,0.0,182.12,0
0.2,0.0,0.0,0.0,0.0,28.5,8.7,909.7,1164.1,False,True,False,False,True,False,False,False,True,0,0,1,28.5,0.0,8.7,0.0,909.7,0.0,1164.1,0.0,0.0,0.0,0.2,0.0,0.0,0.0,0.0,347,827554.0900000001,0.0,0.04000000000000001,0.0,181.94000000000003,0
6.7,1666.7,59.7,89.6,37.318,13.2,132.4,1132.7,1288.7,False,True,True,False,False,False,False,False,True,0,1,0,13.2,0.0,132.4,0.0,1132.7,0.0,1288.7,0.0,37.318,0.0,6.7,0.0,0.6250816569236696,0.022390338759021564,89.6,346,1283009.29,1392.6331239999997,44.89,42270.0986,7589.09,0
0.1,0.0,0.0,0.0,0.0,16.6,377.0,896.2,1105.0,False,True,True,False,False,False,False,False,True,0,0,0,16.6,0.0,377.0,0.0,896.2,0.0,1105.0,0.0,0.0,0.0,0.1,0.0,0.0,0.0,0.0,356,803174.4400000001,0.0,0.010000000000000002,0.0,89.62,0
0.1,0.0,0.0,0.0,0.0,7.6,325.1,926.6,1089.9,False,True,False,True,False,False,False,False,True,0,0,0,7.6,0.0,325.1,0.0,926.6,0.0,1089.9,0.0,0.0,0.0,0.1,0.0,0.0,0.0,0.0,357,858587.56,0.0,0.010000000000000002,0.0,92.66000000000001,0
0.2,0.0,0.0,0.0,0.0,194.1,41.0,709.8,1227.0,False,True,False,True,False,False,False,True,False,0,0,0,194.1,0.0,41.0,0.0,709.8,0.0,1227.0,0.0,0.0,0.0,0.2,0.0,0.0,0.0,0.0,321,503816.0399999999,0.0,0.04000000000000001,0.0,141.96,1
0.1,0.0,0.0,0.0,0.0,65.2,102.3,716.3,801.7,True,False,False,False,True,False,False,False,True,1,1,1,0.0,65.2,0.0,102.3,0.0,716.3,0.0,801.7,0.0,0.0,0.0,0.1,0.0,0.0,0.0,346,513085.68999999994,0.0,0.010000000000000002,0.0,71.63,1
17.0,0.0,58.8,0.0,27.048,228.6,8.6,825.0,1062.2,True,False,True,False,False,False,False,False,True,1,1,1,0.0,228.6,0.0,8.6,0.0,825.0,0.0,1062.2,0.0,27.048,0.0,17.0,0.45999217700379247,27047.999999999996,0.0,2,680625.0,731.5943039999999,289.0,22314.6,14025.0,0
0.2,0.0,0.0,0.0,0.0,20.4,202.7,929.1,1089.9,True,False,False,True,False,False,False,False,True,1,0,0,0.0,20.4,0.0,202.7,0.0,929.1,0.0,1089.9,0.0,0.0,0.0,0.2,0.0,0.0,0.0,354,863226.81,0.0,0.04000000000000001,0.0,185.82000000000002,0
2.0,1666.7,50.0,100.0,34.0,0.0,367.5,1308.7,1331.2,True,False,False,False,False,False,True,True,False,1,0,0,0.0,0.0,0.0,367.5,0.0,1308.7,0.0,1331.2,0.0,34.0,0.0,2.0,0.6799864002719946,0.020399579768656764,100.0,329,1712695.6900000002,1156.0,4.0,44495.8,2617.4,0
11.3,0.0,62.1,0.0,28.566,86.9,1.2,664.7,844.8,False,True,False,True,False,False,False,False,True,0,0,0,86.9,0.0,1.2,0.0,664.7,0.0,844.8,0.0,28.566,0.0,11.3,0.0,0.4599925927118726,28566.0,0.0,4,441826.0900000001,816.016356,127.69000000000001,18987.820200000002,7511.110000000001,1
8.5,0.0,0.0,0.0,0.0,91.6,72.0,990.6,1062.2,False,True,True,False,False,False,False,False,True,0,0,0,91.6,0.0,72.0,0.0,990.6,0.0,1062.2,0.0,0.0,0.0,8.5,0.0,0.0,0.0,0.0,352,981288.3600000001,0.0,72.25,0.0,8420.1,0
2.8,3928.6,0.0,0.0,0.0,89.4,180.0,1106.1,1288.7,False,True,True,False,False,False,False,False,True,0,0,0,89.4,0.0,180.0,0.0,1106.1,0.0,1288.7,0.0,0.0,0.0,2.8,0.0,0.0,0.0,0.0,335,1223457.2099999997,0.0,7.839999999999999,0.0,3097.0799999999995,0
0.1,0.0,0.0,0.0,0.0,63.4,139.4,925.2,1105.0,True,False,True,False,False,False,False,False,True,3,0,0,0.0,63.4,0.0,139.4,0.0,925.2,0.0,1105.0,0.0,0.0,0.0,0.1,0.0,0.0,0.0,348,855995.04,0.0,0.010000000000000002,0.0,92.52000000000001,0
12.0,2083.3,83.3,200.0,60.318,13.2,122.0,1132.3,1288.7,False,True,True,False,False,False,False,False,True,0,0,0,13.2,0.0,122.0,0.0,1132.3,0.0,1288.7,0.0,60.318,0.0,12.0,0.0,0.7240969496164511,0.028953089351946737,200.0,348,1282103.2899999998,3638.2611239999997,144.0,68298.0714,13587.599999999999,0
6.0,3333.3,0.0,200.0,22.0,17.8,130.2,1312.5,1331.2,True,False,False,False,False,False,True,True,False,1,0,0,0.0,17.8,0.0,130.2,0.0,1312.5,0.0,1331.2,0.0,22.0,0.0,6.0,22000.0,0.006600064020620999,200.0,346,1722656.25,484.0,36.0,28875.0,7875.0,0
56.7,3527.3,70.5,88.2,42.132,44.7,6.0,1307.7,1331.2,False,True,False,False,False,False,True,True,False,0,0,0,44.7,0.0,6.0,0.0,1307.7,0.0,1331.2,0.0,42.132,0.0,56.7,0.0,0.5976085445596515,0.011944543434200821,88.2,354,1710079.29,1775.1054239999999,3214.8900000000003,55096.0164,74146.59000000001,0
0.2,0.0,0.0,0.0,0.0,78.0,15.4,1023.4,1331.4,True,False,True,False,False,False,False,False,True,4,0,1,0.0,78.0,0.0,15.4,0.0,1023.4,0.0,1331.4,0.0,0.0,0.0,0.2,0.0,0.0,0.0,350,1047347.5599999999,0.0,0.04000000000000001,0.0,204.68,0
0.1,0.0,0.0,0.0,0.0,36.4,138.8,901.4,1105.0,True,False,True,False,False,False,False,True,False,2,1,1,0.0,36.4,0.0,138.8,0.0,901.4,0.0,1105.0,0.0,0.0,0.0,0.1,0.0,0.0,0.0,350,812521.96,0.0,0.010000000000000002,0.0,90.14,0
16.5,0.0,48.5,0.0,22.31,91.6,72.0,990.6,1062.2,True,False,True,False,False,False,False,False,True,2,1,1,0.0,91.6,0.0,72.0,0.0,990.6,0.0,1062.2,0.0,22.31,0.0,16.5,0.4599905156594709,22310.0,0.0,352,981288.3600000001,497.73609999999996,272.25,22100.286,16344.9,0
0.4,0.0,0.0,0.0,0.0,31.1,99.7,939.2,1089.9,False,True,False,True,False,False,False,False,True,0,0,0,31.1,0.0,99.7,0.0,939.2,0.0,1089.9,0.0,0.0,0.0,0.4,0.0,0.0,0.0,0.0,349,882096.6400000001,0.0,0.16000000000000003,0.0,375.68000000000006,0
0.0,0.0,0.0,0.0,0.0,33.4,363.2,896.2,1105.0,False,True,True,False,False,False,False,False,True,0,0,0,33.4,0.0,363.2,0.0,896.2,0.0,1105.0,0.0,0.0,0.0,0.0,0.0,0.0,0.0,0.0,355,803174.4400000001,0.0,0.0,0.0,0.0,0
0.1,0.0,4.0,10.0,2.94,37.0,122.6,1025.2,1331.4,True,False,True,False,False,False,False,False,True,4,0,1,0.0,37.0,0.0,122.6,0.0,1025.2,0.0,1331.4,0.0,2.94,0.0,0.1,0.7348162959260184,2940.0,10.0,343,1051035.04,8.6436,0.010000000000000002,3014.088,102.52000000000001,0
5.8,4317.8,0.0,0.0,0.0,165.6,53.8,962.4,1062.2,True,False,True,False,False,False,False,False,True,1,1,0,0.0,165.6,0.0,53.8,0.0,962.4,0.0,1062.2,0.0,0.0,0.0,5.8,0.0,0.0,0.0,357,926213.76,0.0,33.64,0.0,5581.92,0
0.0,0.0,0.0,0.0,0.0,10.0,325.8,944.4,1331.4,True,False,True,False,False,False,False,False,True,2,0,0,0.0,10.0,0.0,325.8,0.0,944.4,0.0,1331.4,0.0,0.0,0.0,0.0,0.0,0.0,0.0,336,891891.36,0.0,0.0,0.0,0.0,0
0.6,0.0,50.0,0.0,23.0,23.4,22.8,848.2,1227.0,False,True,False,True,False,False,False,False,True,0,0,0,23.4,0.0,22.8,0.0,848.2,0.0,1227.0,0.0,23.0,0.0,0.6,0.0,0.45999080018399635,23000.0,0.0,346,719443.2400000001,529.0,0.36,19508.600000000002,508.92,0
30.0,5000.0,73.3,100.0,44.718,96.0,73.4,990.6,1062.2,False,True,True,False,False,False,False,False,True,0,0,0,96.0,0.0,73.4,0.0,990.6,0.0,1062.2,0.0,44.718,0.0,30.0,0.0,0.6100598900424278,0.008943598211280358,100.0,353,981288.3600000001,1999.6995240000003,900.0,44297.6508,29718.0,0
0.1,0.0,0.0,0.0,0.0,37.8,350.9,927.9,1089.9,False,True,False,True,False,False,False,False,True,0,0,0,37.8,0.0,350.9,0.0,927.9,0.0,1089.9,0.0,0.0,0.0,0.1,0.0,0.0,0.0,0.0,362,860998.4099999999,0.0,0.010000000000000002,0.0,92.79,0
30.0,2500.0,33.3,133.3,29.981,44.7,6.0,1307.7,1331.2,True,False,False,False,False,False,True,True,False,1,0,0,0.0,44.7,0.0,6.0,0.0,1307.7,0.0,1331.2,0.0,29.981,0.0,30.0,0.9003032941953697,0.011992395203041918,133.3,354,1710079.29,898.8603610000001,900.0,39206.1537,39231.0,0
0.1,0.0,0.0,0.0,0.0,36.8,312.2,895.8,1105.0,False,True,True,False,False,False,False,False,True,0,0,0,36.8,0.0,312.2,0.0,895.8,0.0,1105.0,0.0,0.0,0.0,0.1,0.0,0.0,0.0,0.0,353,802457.6399999999,0.0,0.010000000000000002,0.0,89.58,0
0.2,0.0,0.0,0.0,0.0,31.1,99.7,939.2,1089.9,False,True,False,True,False,False,False,False,True,0,0,0,31.1,0.0,99.7,0.0,939.2,0.0,1089.9,0.0,0.0,0.0,0.2,0.0,0.0,0.0,0.0,349,882096.6400000001,0.0,0.04000000000000001,0.0,187.84000000000003,0
25.0,3333.3,100.0,120.0,59.2,13.2,122.0,1132.3,1288.7,True,False,True,False,False,False,False,False,True,1,1,0,0.0,13.2,0.0,122.0,0.0,1132.3,0.0,1288.7,0.0,59.2,0.0,25.0,0.5919940800591994,0.017760172273671052,120.0,349,1282103.2899999998,3504.6400000000003,625.0,67032.16,28307.5,0
8.3,4000.0,121.2,193.9,77.081,45.4,31.9,1132.1,1288.7,False,True,True,False,False,False,False,False,True,0,0,0,45.4,0.0,31.9,0.0,1132.1,0.0,1288.7,0.0,77.081,0.0,8.3,0.0,0.6359766008531282,0.019270245182438705,193.9,357,1281650.4099999997,5941.480561,68.89000000000001,87263.4001,9396.43,0
0.2,0.0,0.0,0.0,0.0,132.2,3.0,1036.8,1105.0,False,True,True,False,False,False,False,False,True,0,0,0,132.2,0.0,3.0,0.0,1036.8,0.0,1105.0,0.0,0.0,0.0,0.2,0.0,0.0,0.0,0.0,336,1074954.24,0.0,0.04000000000000001,0.0,207.36,0
0.2,0.0,0.0,0.0,0.0,59.0,1.7,738.5,801.7,True,False,False,False,True,False,False,False,True,1,1,1,0.0,59.0,0.0,1.7,0.0,738.5,0.0,801.7,0.0,0.0,0.0,0.2,0.0,0.0,0.0,340,545382.25,0.0,0.04000000000000001,0.0,147.70000000000002,1
0.0,0.0,0.0,0.0,0.0,69.4,130.0,928.8,1105.0,True,False,True,False,False,False,False,False,True,4,0,0,0.0,69.4,0.0,130.0,0.0,928.8,0.0,1105.0,0.0,0.0,0.0,0.0,0.0,0.0,0.0,347,862669.44,0.0,0.0,0.0,0.0,0
3.5,3571.4,0.0,0.0,0.0,228.6,8.6,825.0,1062.2,False,True,True,False,False,False,False,False,True,0,0,0,228.6,0.0,8.6,0.0,825.0,0.0,1062.2,0.0,0.0,0.0,3.5,0.0,0.0,0.0,0.0,2,680625.0,0.0,12.25,0.0,2887.5,0
10.0,4000.0,0.0,80.0,8.8,167.6,41.8,931.0,1062.2,False,True,True,False,False,False,False,False,True,0,0,1,167.6,0.0,41.8,0.0,931.0,0.0,1062.2,0.0,8.8,0.0,10.0,0.0,8800.0,0.0021999994500001376,80.0,360,866761.0,77.44000000000001,100.0,8192.800000000001,9310.0,0
0.2,0.0,0.0,0.0,0.0,20.4,202.7,929.1,1089.9,True,False,False,True,False,False,False,False,True,2,0,0,0.0,20.4,0.0,202.7,0.0,929.1,0.0,1089.9,0.0,0.0,0.0,0.2,0.0,0.0,0.0,354,863226.81,0.0,0.04000000000000001,0.0,185.82000000000002,0
0.0,0.0,0.0,0.0,0.0,53.2,335.2,928.0,1331.4,True,False,True,False,False,False,False,False,True,2,0,1,0.0,53.2,0.0,335.2,0.0,928.0,0.0,1331.4,0.0,0.0,0.0,0.0,0.0,0.0,0.0,329,861184.0,0.0,0.0,0.0,0.0,0
15.5,2895.8,0.0,0.0,0.0,81.5,82.0,824.0,875.4,True,False,False,False,False,False,True,True,False,1,0,0,0.0,81.5,0.0,82.0,0.0,824.0,0.0,875.4,0.0,0.0,0.0,15.5,0.0,0.0,0.0,354,678976.0,0.0,240.25,0.0,12772.0,0
0.1,0.0,0.0,0.0,0.0,17.6,129.8,1023.4,1105.0,True,False,True,False,False,False,False,False,True,1,0,0,0.0,17.6,0.0,129.8,0.0,1023.4,0.0,1105.0,0.0,0.0,0.0,0.1,0.0,0.0,0.0,322,1047347.5599999999,0.0,0.010000000000000002,0.0,102.34,0
4.0,4166.7,50.0,75.0,31.25,17.8,113.8,1307.7,1331.2,False,True,False,False,False,False,True,True,False,0,0,0,17.8,0.0,113.8,0.0,1307.7,0.0,1331.2,0.0,31.25,0.0,4.0,0.0,0.624987500249995,0.0074999382005092275,75.0,348,1710079.29,976.5625,16.0,40865.625,5230.8,0
0.1,1000.0,17.0,0.0,7.82,105.5,57.5,796.8,1180.0,False,True,False,False,False,True,False,False,True,0,0,0,105.5,0.0,57.5,0.0,796.8,0.0,1180.0,0.0,7.82,0.0,0.1,0.0,0.45997294276807243,0.00781999218000782,0.0,325,634890.2399999999,61.15240000000001,0.010000000000000002,6230.976,79.68,1
0.1,0.0,0.0,0.0,0.0,17.6,129.8,1031.2,1105.0,True,False,True,False,False,False,False,False,True,3,0,0,0.0,17.6,0.0,129.8,0.0,1031.2,0.0,1105.0,0.0,0.0,0.0,0.1,0.0,0.0,0.0,321,1063373.4400000002,0.0,0.010000000000000002,0.0,103.12,0
0.2,1000.0,7.5,0.0,3.45,96.1,98.2,933.3,1142.3,True,False,False,False,False,False,True,True,False,1,0,0,0.0,96.1,0.0,98.2,0.0,933.3,0.0,1142.3,0.0,3.45,0.0,0.2,0.4599386748433542,0.00344999655000345,0.0,356,871048.8899999999,11.902500000000002,0.04000000000000001,3219.885,186.66,0
0.1,0.0,0.0,0.0,0.0,34.4,336.4,926.4,1331.4,True,False,True,False,False,False,False,False,True,4,0,1,0.0,34.4,0.0,336.4,0.0,926.4,0.0,1331.4,0.0,0.0,0.0,0.1,0.0,0.0,0.0,330,858216.96,0.0,0.010000000000000002,0.0,92.64,0
0.0,0.0,0.0,0.0,0.0,79.0,55.4,836.3,939.0,True,False,False,False,False,False,True,False,True,2,0,0,0.0,79.0,0.0,55.4,0.0,836.3,0.0,939.0,0.0,0.0,0.0,0.0,0.0,0.0,0.0,344,699397.69,0.0,0.0,0.0,0.0,0
0.1,350.0,0.0,0.0,0.0,76.4,38.6,906.0,1331.4,True,False,True,False,False,False,False,False,True,2,0,1,0.0,76.4,0.0,38.6,0.0,906.0,0.0,1331.4,0.0,0.0,0.0,0.1,0.0,0.0,0.0,324,820836.0,0.0,0.010000000000000002,0.0,90.60000000000001,0
0.2,500.0,0.0,0.0,0.0,73.9,3.8,879.6,1227.0,False,True,False,True,False,False,False,False,True,0,0,0,73.9,0.0,3.8,0.0,879.6,0.0,1227.0,0.0,0.0,0.0,0.2,0.0,0.0,0.0,0.0,354,773696.16,0.0,0.04000000000000001,0.0,175.92000000000002,0
12.0,0.0,0.0,0.0,0.0,146.4,44.0,868.8,1062.2,False,True,True,False,False,False,False,False,True,0,0,1,146.4,0.0,44.0,0.0,868.8,0.0,1062.2,0.0,0.0,0.0,12.0,0.0,0.0,0.0,0.0,364,754813.44,0.0,144.0,0.0,10425.599999999999,0
0.2,0.0,0.0,0.0,0.0,40.9,83.5,746.6,900.1,True,False,False,False,False,True,False,False,True,1,0,0,0.0,40.9,0.0,83.5,0.0,746.6,0.0,900.1,0.0,0.0,0.0,0.2,0.0,0.0,0.0,348,557411.56,0.0,0.04000000000000001,0.0,149.32000000000002,1
15.0,3666.7,40.0,0.0,18.4,151.8,71.0,990.6,1062.2,True,False,True,False,False,False,False,False,True,1,1,0,0.0,151.8,0.0,71.0,0.0,990.6,0.0,1062.2,0.0,18.4,0.0,15.0,0.45998850028749283,0.005018134830192044,0.0,355,981288.3600000001,338.55999999999995,225.0,18227.039999999997,14859.0,0
10.0,0.0,50.0,0.0,23.0,43.5,109.8,925.4,1108.4,False,True,False,False,True,False,False,False,True,0,0,0,43.5,0.0,109.8,0.0,925.4,0.0,1108.4,0.0,23.0,0.0,10.0,0.0,0.45999080018399635,23000.0,0.0,352,856365.1599999999,529.0,100.0,21284.2,9254.0,0
45.5,1978.0,33.0,54.9,21.219,24.4,259.3,836.5,875.4,True,False,False,False,False,False,True,True,False,2,0,0,0.0,24.4,0.0,259.3,0.0,836.5,0.0,875.4,0.0,21.219,0.0,45.5,0.6429805157419473,0.010727497104399847,54.9,327,699732.25,450.245961,2070.25,17749.6935,38060.75,0
0.2,0.0,0.0,0.0,0.0,20.4,318.6,929.1,1089.9,True,False,False,True,False,False,False,False,True,1,0,0,0.0,20.4,0.0,318.6,0.0,929.1,0.0,1089.9,0.0,0.0,0.0,0.2,0.0,0.0,0.0,355,863226.81,0.0,0.04000000000000001,0.0,185.82000000000002,0
0.6,0.0,0.0,0.0,0.0,45.5,97.6,946.0,1089.9,False,True,False,True,False,False,False,False,True,0,0,0,45.5,0.0,97.6,0.0,946.0,0.0,1089.9,0.0,0.0,0.0,0.6,0.0,0.0,0.0,0.0,347,894916.0,0.0,0.36,0.0,567.6,0
0.1,0.0,0.0,0.0,0.0,86.6,299.8,894.2,1105.0,False,True,True,False,False,False,False,False,True,0,0,0,86.6,0.0,299.8,0.0,894.2,0.0,1105.0,0.0,0.0,0.0,0.1,0.0,0.0,0.0,0.0,363,799593.6400000001,0.0,0.010000000000000002,0.0,89.42000000000002,0
5.0,3500.0,0.0,200.0,22.0,28.4,148.2,1137.1,1288.7,True,False,True,False,False,False,False,False,True,1,0,0,0.0,28.4,0.0,148.2,0.0,1137.1,0.0,1288.7,0.0,22.0,0.0,5.0,22000.0,0.0062857124897964314,200.0,343,1292996.4099999997,484.0,25.0,25016.199999999997,5685.5,0
0.1,0.0,0.0,0.0,0.0,86.6,299.8,894.2,1105.0,True,False,True,False,False,False,False,False,True,2,0,0,0.0,86.6,0.0,299.8,0.0,894.2,0.0,1105.0,0.0,0.0,0.0,0.1,0.0,0.0,0.0,363,799593.6400000001,0.0,0.010000000000000002,0.0,89.42000000000002,0
9.8,2540.7,40.7,0.0,18.722,181.8,6.8,706.4,1062.2,False,True,True,False,False,False,False,False,True,0,0,0,181.8,0.0,6.8,0.0,706.4,0.0,1062.2,0.0,18.722,0.0,9.8,0.0,0.4599886980663866,0.007368832460017924,0.0,15,499000.95999999996,350.51328400000006,96.04000000000002,13225.220800000001,6922.72,1
26.6,1409.8,22.6,22.6,12.882,61.6,1.2,660.4,844.8,False,True,False,True,False,False,False,False,True,0,0,0,61.6,0.0,1.2,0.0,660.4,0.0,844.8,0.0,12.882,0.0,26.6,0.0,0.5699747798769965,0.00913745982589032,22.6,5,436128.16,165.945924,707.5600000000001,8507.272799999999,17566.64,1
25.0,1200.0,120.0,0.0,55.2,96.0,25.0,821.0,948.0,False,True,False,False,False,True,False,True,False,0,0,0,96.0,0.0,25.0,0.0,821.0,0.0,948.0,0.0,55.2,0.0,25.0,0.0,0.4599961666986109,0.04599996166669861,0.0,361,674041.0,3047.0400000000004,625.0,45319.200000000004,20525.0,0
0.1,0.0,0.0,0.0,0.0,46.4,138.4,908.6,1105.0,True,False,True,False,False,False,False,False,True,3,0,0,0.0,46.4,0.0,138.4,0.0,908.6,0.0,1105.0,0.0,0.0,0.0,0.1,0.0,0.0,0.0,349,825553.9600000001,0.0,0.010000000000000002,0.0,90.86000000000001,0
6.0,3000.0,66.7,166.7,49.019,165.6,53.8,962.4,1062.2,False,True,True,False,False,False,False,False,True,0,0,0,165.6,0.0,53.8,0.0,962.4,0.0,1062.2,0.0,49.019,0.0,6.0,0.0,0.7349065231405825,0.016339661220112926,166.7,357,926213.76,2402.862361,36.0,47175.885599999994,5774.4,0
0.4,0.0,0.0,0.0,0.0,32.3,112.5,946.0,1089.9,False,True,False,True,False,False,False,False,True,0,0,0,32.3,0.0,112.5,0.0,946.0,0.0,1089.9,0.0,0.0,0.0,0.4,0.0,0.0,0.0,0.0,348,894916.0,0.0,0.16000000000000003,0.0,378.40000000000003,0
10.0,0.0,70.0,0.0,32.2,168.0,30.6,718.2,806.1,False,True,False,False,True,False,False,False,True,0,1,0,168.0,0.0,30.6,0.0,718.2,0.0,806.1,0.0,32.2,0.0,10.0,0.0,0.4599934286653048,32200.000000000004,0.0,358,515811.24000000005,1036.8400000000001,100.0,23126.040000000005,7182.0,1
0.1,0.0,0.0,0.0,0.0,132.2,3.0,1036.8,1105.0,True,False,True,False,False,False,False,False,True,2,0,0,0.0,132.2,0.0,3.0,0.0,1036.8,0.0,1105.0,0.0,0.0,0.0,0.1,0.0,0.0,0.0,336,1074954.24,0.0,0.010000000000000002,0.0,103.68,0
0.1,0.0,0.0,0.0,0.0,33.4,363.2,896.2,1105.0,True,False,True,False,False,False,False,False,True,3,1,1,0.0,33.4,0.0,363.2,0.0,896.2,0.0,1105.0,0.0,0.0,0.0,0.1,0.0,0.0,0.0,355,803174.4400000001,0.0,0.010000000000000002,0.0,89.62,0
9.0,2222.2,0.0,111.1,12.221,198.2,43.4,934.2,1062.2,True,False,True,False,False,False,False,False,True,2,1,1,0.0,198.2,0.0,43.4,0.0,934.2,0.0,1062.2,0.0,12.221,0.0,9.0,12221.0,0.0054995025202490685,111.1,358,872729.6400000001,149.352841,81.0,11416.8582,8407.800000000001,0
16.5,3125.0,30.3,0.0,13.938,13.2,122.0,1132.3,1288.7,True,False,True,False,False,False,False,False,True,1,1,0,0.0,13.2,0.0,122.0,0.0,1132.3,0.0,1288.7,0.0,13.938,0.0,16.5,0.45998481898287186,0.0044601585727492565,0.0,349,1282103.2899999998,194.26784400000003,272.25,15781.9974,18682.95,0
0.5,1500.0,0.0,0.0,0.0,30.6,106.8,728.2,1142.3,False,True,False,False,False,False,True,False,True,0,0,0,30.6,0.0,106.8,0.0,728.2,0.0,1142.3,0.0,0.0,0.0,0.5,0.0,0.0,0.0,0.0,333,530275.2400000001,0.0,0.25,0.0,364.1,1
17.4,2580.3,45.9,143.3,36.877,24.4,166.4,845.8,875.4,True,False,False,False,False,False,True,True,False,2,0,0,0.0,24.4,0.0,166.4,0.0,845.8,0.0,875.4,0.0,36.877,0.0,17.4,0.8034029759700225,0.014291743482640203,143.3,319,715377.6399999999,1359.9131290000003,302.75999999999993,31190.566600000002,14716.919999999998,0
0.3,0.0,0.0,0.0,0.0,124.6,34.4,927.4,1105.0,False,True,True,False,False,False,False,False,True,0,0,0,124.6,0.0,34.4,0.0,927.4,0.0,1105.0,0.0,0.0,0.0,0.3,0.0,0.0,0.0,0.0,344,860070.76,0.0,0.09,0.0,278.21999999999997,0
0.2,0.0,0.0,0.0,0.0,131.0,2.4,962.2,1105.0,True,False,True,False,False,False,False,False,True,2,0,0,0.0,131.0,0.0,2.4,0.0,962.2,0.0,1105.0,0.0,0.0,0.0,0.2,0.0,0.0,0.0,339,925828.8400000001,0.0,0.04000000000000001,0.0,192.44000000000003,0
0.1,0.0,0.0,0.0,0.0,45.5,67.1,946.1,1089.9,False,True,False,True,False,False,False,False,True,0,0,0,45.5,0.0,67.1,0.0,946.1,0.0,1089.9,0.0,0.0,0.0,0.1,0.0,0.0,0.0,0.0,345,895105.2100000001,0.0,0.010000000000000002,0.0,94.61000000000001,0
18.4,1902.2,32.6,130.4,29.34,47.5,63.1,836.5,875.4,False,True,False,False,False,False,True,True,False,0,0,0,47.5,0.0,63.1,0.0,836.5,0.0,875.4,0.0,29.34,0.0,18.4,0.0,0.8999723934848625,0.015424237501715118,130.4,350,699732.25,860.8356,338.55999999999995,24542.91,15391.599999999999,0
0.1,500.0,0.0,0.0,0.0,6.0,41.3,908.6,1142.3,True,False,False,False,False,False,True,True,False,1,0,0,0.0,6.0,0.0,41.3,0.0,908.6,0.0,1142.3,0.0,0.0,0.0,0.1,0.0,0.0,0.0,345,825553.9600000001,0.0,0.010000000000000002,0.0,90.86000000000001,0
0.1,0.0,0.0,0.0,0.0,83.5,6.5,718.8,801.7,True,False,False,False,True,False,False,False,True,1,0,0,0.0,83.5,0.0,6.5,0.0,718.8,0.0,801.7,0.0,0.0,0.0,0.1,0.0,0.0,0.0,344,516673.43999999994,0.0,0.010000000000000002,0.0,71.88,1
0.0,200.0,0.0,0.0,0.0,92.1,108.5,933.3,1142.3,True,False,False,False,False,False,True,True,False,4,0,0,0.0,92.1,0.0,108.5,0.0,933.3,0.0,1142.3,0.0,0.0,0.0,0.0,0.0,0.0,0.0,357,871048.8899999999,0.0,0.0,0.0,0.0,0
0.6,0.0,0.0,0.0,0.0,77.6,22.8,875.5,1227.0,False,True,False,True,False,False,False,False,True,0,0,0,77.6,0.0,22.8,0.0,875.5,0.0,1227.0,0.0,0.0,0.0,0.6,0.0,0.0,0.0,0.0,350,766500.25,0.0,0.36,0.0,525.3,0
22.0,3500.0,68.2,136.4,46.376,44.7,6.0,1307.7,1331.2,False,True,False,False,False,False,True,False,True,0,1,1,44.7,0.0,6.0,0.0,1307.7,0.0,1331.2,0.0,46.376,0.0,22.0,0.0,0.6799900294717085,0.013250281928490875,136.4,354,1710079.29,2150.7333759999997,484.0,60645.8952,28769.4,0
0.5,0.0,0.0,0.0,0.0,84.4,57.7,973.3,1089.9,False,True,False,True,False,False,False,False,True,0,0,0,84.4,0.0,57.7,0.0,973.3,0.0,1089.9,0.0,0.0,0.0,0.5,0.0,0.0,0.0,0.0,338,947312.8899999999,0.0,0.25,0.0,486.65,0
0.1,400.0,4.0,0.0,1.84,43.0,336.8,954.4,1331.4,False,True,True,False,False,False,False,False,True,0,0,1,43.0,0.0,336.8,0.0,954.4,0.0,1331.4,0.0,1.84,0.0,0.1,0.0,0.4598850287428143,0.00459998850002875,0.0,338,910879.36,3.3856,0.010000000000000002,1756.096,95.44,0
0.2,0.0,0.0,0.0,0.0,90.0,34.4,928.6,1105.0,True,False,True,False,False,False,False,False,True,1,1,0,0.0,90.0,0.0,34.4,0.0,928.6,0.0,1105.0,0.0,0.0,0.0,0.2,0.0,0.0,0.0,345,862297.9600000001,0.0,0.04000000000000001,0.0,185.72000000000003,0
0.2,0.0,0.0,0.0,0.0,84.4,57.7,973.3,1089.9,True,False,False,True,False,False,False,False,True,1,0,0,0.0,84.4,0.0,57.7,0.0,973.3,0.0,1089.9,0.0,0.0,0.0,0.2,0.0,0.0,0.0,338,947312.8899999999,0.0,0.04000000000000001,0.0,194.66,0
36.0,2500.0,55.6,83.3,34.739,0.0,390.0,1308.7,1331.2,True,False,False,False,False,False,True,True,False,1,0,0,0.0,0.0,0.0,390.0,0.0,1308.7,0.0,1331.2,0.0,34.739,0.0,36.0,0.6247909210266002,0.013895594441762221,83.3,333,1712695.6900000002,1206.7981209999998,1296.0,45462.929299999996,47113.200000000004,0
20.0,0.0,0.0,175.0,19.25,77.0,292.1,1196.4,1331.2,True,False,False,False,False,False,True,True,False,1,0,0,0.0,77.0,0.0,292.1,0.0,1196.4,0.0,1331.2,0.0,19.25,0.0,20.0,19250.0,19250.0,175.0,7,1431372.9600000002,370.5625,400.0,23030.7,23928.0,0
29.5,2881.4,50.8,0.0,23.368,171.7,30.6,718.2,806.1,True,False,False,False,True,False,False,False,True,3,1,1,0.0,171.7,0.0,30.6,0.0,718.2,0.0,806.1,0.0,23.368,0.0,29.5,0.4599909450601366,0.008109943739174102,0.0,360,515811.24000000005,546.0634239999999,870.25,16782.8976,21186.9,1
7.0,6857.1,57.1,0.0,26.266,168.0,30.6,757.7,806.1,True,False,False,False,True,False,False,False,True,1,1,1,0.0,168.0,0.0,30.6,0.0,757.7,0.0,806.1,0.0,26.266,0.0,7.0,0.45999194409905253,0.0038304817152321363,0.0,357,574109.29,689.902756,49.0,19901.748199999998,5303.900000000001,1
40.0,2625.0,50.0,75.0,31.25,31.0,245.4,1018.2,1062.2,True,False,True,False,False,False,False,False,True,1,1,0,0.0,31.0,0.0,245.4,0.0,1018.2,0.0,1062.2,0.0,31.25,0.0,40.0,0.624987500249995,0.011904757369616239,75.0,344,1036731.2400000001,976.5625,1600.0,31818.75,40728.0,0
12.0,0.0,75.0,0.0,34.5,28.4,137.6,1136.7,1288.7,True,False,True,False,False,False,False,False,True,1,1,0,0.0,28.4,0.0,137.6,0.0,1136.7,0.0,1288.7,0.0,34.5,0.0,12.0,0.45999386674844334,34500.0,0.0,344,1292086.8900000001,1190.25,144.0,39216.15,13640.400000000001,0
8.9,4166.7,44.9,101.1,31.775,163.2,261.5,1089.3,1288.7,True,False,True,False,False,False,False,False,True,1,0,0,0.0,163.2,0.0,261.5,0.0,1089.3,0.0,1288.7,0.0,31.775,0.0,8.9,0.707667980668582,0.0076259371622777825,101.1,364,1186574.49,1009.6506249999999,79.21000000000001,34612.5075,9694.77,0
0.2,0.0,0.0,0.0,0.0,100.4,138.4,841.2,1142.3,True,False,False,False,False,False,True,False,True,2,0,0,0.0,100.4,0.0,138.4,0.0,841.2,0.0,1142.3,0.0,0.0,0.0,0.2,0.0,0.0,0.0,363,707617.4400000001,0.0,0.04000000000000001,0.0,168.24,0
0.1,0.0,0.0,0.0,0.0,68.2,239.7,802.0,939.0,True,False,False,False,False,False,True,True,False,1,0,0,0.0,68.2,0.0,239.7,0.0,802.0,0.0,939.0,0.0,0.0,0.0,0.1,0.0,0.0,0.0,362,643204.0,0.0,0.010000000000000002,0.0,80.2,1
0.4,1500.0,0.0,0.0,0.0,159.8,139.0,702.3,1227.0,False,True,False,True,False,False,False,False,True,0,0,0,159.8,0.0,139.0,0.0,702.3,0.0,1227.0,0.0,0.0,0.0,0.4,0.0,0.0,0.0,0.0,319,493225.2899999999,0.0,0.16000000000000003,0.0,280.92,1
0.3,0.0,50.0,0.0,23.0,50.1,197.2,771.7,1227.0,False,True,False,True,False,False,False,False,True,0,0,0,50.1,0.0,197.2,0.0,771.7,0.0,1227.0,0.0,23.0,0.0,0.3,0.0,0.45999080018399635,23000.0,0.0,309,595520.89,529.0,0.09,17749.100000000002,231.51,1
39.0,0.0,0.0,0.0,0.0,14.7,270.7,1213.5,1320.5,False,True,False,True,False,False,False,False,True,0,0,0,14.7,0.0,270.7,0.0,1213.5,0.0,1320.5,0.0,0.0,0.0,39.0,0.0,0.0,0.0,0.0,340,1472582.25,0.0,1521.0,0.0,47326.5,0
12.1,0.0,57.9,0.0,26.634,140.8,32.2,717.5,844.8,False,True,False,True,False,False,False,False,True,0,0,0,140.8,0.0,32.2,0.0,717.5,0.0,844.8,0.0,26.634,0.0,12.1,0.0,0.45999205540491533,26634.0,0.0,361,514806.25,709.369956,146.41,19109.895,8681.75,1
0.4,0.0,0.0,0.0,0.0,11.6,327.2,944.2,1331.4,False,True,True,False,False,False,False,False,True,0,0,1,11.6,0.0,327.2,0.0,944.2,0.0,1331.4,0.0,0.0,0.0,0.4,0.0,0.0,0.0,0.0,335,891513.6400000001,0.0,0.16000000000000003,0.0,377.68000000000006,0
0.1,0.0,0.0,0.0,0.0,14.4,197.2,955.0,1105.0,True,False,True,False,False,False,False,False,True,1,0,0,0.0,14.4,0.0,197.2,0.0,955.0,0.0,1105.0,0.0,0.0,0.0,0.1,0.0,0.0,0.0,314,912025.0,0.0,0.010000000000000002,0.0,95.5,0
3.3,0.0,60.4,120.8,41.072,170.4,5.4,824.4,1062.2,False,True,True,False,False,False,False,False,True,0,0,1,170.4,0.0,5.4,0.0,824.4,0.0,1062.2,0.0,41.072,0.0,3.3,0.0,0.6799887419082467,41072.0,120.8,5,679635.36,1686.9091840000003,10.889999999999999,33859.7568,2720.52,0
0.2,0.0,0.0,0.0,0.0,136.6,2.4,956.2,1105.0,False,True,True,False,False,False,False,False,True,0,0,0,136.6,0.0,2.4,0.0,956.2,0.0,1105.0,0.0,0.0,0.0,0.2,0.0,0.0,0.0,0.0,341,914318.4400000001,0.0,0.04000000000000001,0.0,191.24,0
0.5,0.0,0.0,0.0,0.0,124.2,2.4,962.2,1105.0,True,False,True,False,False,False,False,False,True,4,0,0,0.0,124.2,0.0,2.4,0.0,962.2,0.0,1105.0,0.0,0.0,0.0,0.5,0.0,0.0,0.0,340,925828.8400000001,0.0,0.25,0.0,481.1,0
0.1,0.0,5.0,0.0,2.3,42.4,8.7,911.7,1164.1,False,True,False,False,True,False,False,False,True,0,0,0,42.4,0.0,8.7,0.0,911.7,0.0,1164.1,0.0,2.3,0.0,0.1,0.0,0.4599080183963207,2300.0,0.0,348,831196.8900000001,5.289999999999999,0.010000000000000002,2096.91,91.17000000000002,0
0.3,0.0,0.0,0.0,0.0,25.6,14.3,773.8,801.7,True,False,False,False,True,False,False,False,True,1,0,0,0.0,25.6,0.0,14.3,0.0,773.8,0.0,801.7,0.0,0.0,0.0,0.3,0.0,0.0,0.0,330,598766.44,0.0,0.09,0.0,232.14,1
0.5,0.0,0.0,0.0,0.0,37.1,360.8,927.6,1089.9,False,True,False,True,False,False,False,False,True,0,0,0,37.1,0.0,360.8,0.0,927.6,0.0,1089.9,0.0,0.0,0.0,0.5,0.0,0.0,0.0,0.0,361,860441.76,0.0,0.25,0.0,463.8,0
0.2,0.0,0.0,0.0,0.0,36.8,227.4,895.6,1105.0,True,False,True,False,False,False,False,False,True,1,0,0,0.0,36.8,0.0,227.4,0.0,895.6,0.0,1105.0,0.0,0.0,0.0,0.2,0.0,0.0,0.0,352,802099.36,0.0,0.04000000000000001,0.0,179.12,0
4.0,0.0,0.0,0.0,0.0,138.0,145.4,970.4,1108.4,True,False,False,False,True,False,False,False,True,2,0,0,0.0,138.0,0.0,145.4,0.0,970.4,0.0,1108.4,0.0,0.0,0.0,4.0,0.0,0.0,0.0,326,941676.1599999999,0.0,16.0,0.0,3881.6,0
1.5,0.0,0.0,0.0,0.0,52.0,68.0,981.4,1331.4,False,True,True,False,False,False,False,False,True,0,0,0,52.0,0.0,68.0,0.0,981.4,0.0,1331.4,0.0,0.0,0.0,1.5,0.0,0.0,0.0,0.0,363,963145.96,0.0,2.25,0.0,1472.1,0
10.6,0.0,47.3,0.0,21.758,171.7,30.6,718.2,806.1,True,False,False,False,True,False,False,False,True,2,1,1,0.0,171.7,0.0,30.6,0.0,718.2,0.0,806.1,0.0,21.758,0.0,10.6,0.4599902750470392,21758.0,0.0,360,515811.24000000005,473.41056399999997,112.36,15626.5956,7612.92,1
0.1,0.0,0.0,0.0,0.0,31.1,99.7,939.2,1089.9,True,False,False,True,False,False,False,False,True,2,0,0,0.0,31.1,0.0,99.7,0.0,939.2,0.0,1089.9,0.0,0.0,0.0,0.1,0.0,0.0,0.0,349,882096.6400000001,0.0,0.010000000000000002,0.0,93.92000000000002,0
0.2,0.0,7.0,0.0,3.22,74.6,317.3,752.0,1164.1,False,True,False,False,True,False,False,False,True,0,0,0,74.6,0.0,317.3,0.0,752.0,0.0,1164.1,0.0,3.22,0.0,0.2,0.0,0.4599342951006999,3220.0,0.0,309,565504.0,10.368400000000001,0.04000000000000001,2421.44,150.4,1
20.2,1978.2,69.2,143.4,47.606,50.1,15.1,714.2,875.4,True,False,False,False,False,False,True,False,True,2,0,0,0.0,50.1,0.0,15.1,0.0,714.2,0.0,875.4,0.0,47.606,0.0,20.2,0.6879380355775205,0.0240652997344557,143.4,5,510081.6400000001,2266.331236,408.03999999999996,34000.205200000004,14426.84,1
0.1,0.0,0.0,0.0,0.0,31.1,99.7,939.2,1089.9,False,True,False,True,False,False,False,False,True,0,0,0,31.1,0.0,99.7,0.0,939.2,0.0,1089.9,0.0,0.0,0.0,0.1,0.0,0.0,0.0,0.0,349,882096.6400000001,0.0,0.010000000000000002,0.0,93.92000000000002,0
4.2,3333.3,71.4,0.0,32.844,28.4,137.6,1136.7,1288.7,False,True,True,False,False,False,False,False,True,0,0,0,28.4,0.0,137.6,0.0,1136.7,0.0,1288.7,0.0,32.844,0.0,4.2,0.0,0.45999355751320004,0.009853295576967095,0.0,344,1292086.8900000001,1078.7283360000001,17.64,37333.7748,4774.14,0
0.0,0.0,0.0,0.0,0.0,134.6,55.0,924.8,1331.4,True,False,True,False,False,False,False,False,True,2,0,0,0.0,134.6,0.0,55.0,0.0,924.8,0.0,1331.4,0.0,0.0,0.0,0.0,0.0,0.0,0.0,321,855255.0399999999,0.0,0.0,0.0,0.0,0
0.4,0.0,0.0,0.0,0.0,17.6,129.8,1031.2,1105.0,False,True,True,False,False,False,False,False,True,0,0,0,17.6,0.0,129.8,0.0,1031.2,0.0,1105.0,0.0,0.0,0.0,0.4,0.0,0.0,0.0,0.0,321,1063373.4400000002,0.0,0.16000000000000003,0.0,412.48,0
0.3,1000.0,0.0,0.0,0.0,31.7,117.3,725.9,1142.3,False,True,False,False,False,False,True,True,False,0,0,0,31.7,0.0,117.3,0.0,725.9,0.0,1142.3,0.0,0.0,0.0,0.3,0.0,0.0,0.0,0.0,337,526930.8099999999,0.0,0.09,0.0,217.76999999999998,1
20.0,2083.3,125.0,75.0,65.75,17.8,130.2,1312.5,1331.2,True,False,False,False,False,False,True,True,False,1,0,0,0.0,17.8,0.0,130.2,0.0,1312.5,0.0,1331.2,0.0,65.75,0.0,20.0,0.5259957920336638,0.03156048981880198,75.0,346,1722656.25,4323.0625,400.0,86296.875,26250.0,0
42.0,0.0,71.4,0.0,32.844,146.4,44.0,868.8,1062.2,False,True,True,False,False,False,False,False,True,0,1,0,146.4,0.0,44.0,0.0,868.8,0.0,1062.2,0.0,32.844,0.0,42.0,0.0,0.45999355751320004,32844.0,0.0,364,754813.44,1078.7283360000001,1764.0,28534.8672,36489.6,0
0.0,0.0,0.0,0.0,0.0,36.8,358.6,896.0,1105.0,False,True,True,False,False,False,False,False,True,0,0,0,36.8,0.0,358.6,0.0,896.0,0.0,1105.0,0.0,0.0,0.0,0.0,0.0,0.0,0.0,0.0,354,802816.0,0.0,0.0,0.0,0.0,0
7.0,1714.3,42.9,0.0,19.734,168.0,30.6,718.2,806.1,True,False,False,False,True,False,False,False,True,1,1,1,0.0,168.0,0.0,30.6,0.0,718.2,0.0,806.1,0.0,19.734,0.0,7.0,0.45998927763921593,0.011511397356706905,0.0,358,515811.24000000005,389.4307560000001,49.0,14172.958800000002,5027.400000000001,1
0.2,750.0,0.0,0.0,0.0,24.8,52.3,863.2,1227.0,True,False,False,True,False,False,False,False,True,1,0,1,0.0,24.8,0.0,52.3,0.0,863.2,0.0,1227.0,0.0,0.0,0.0,0.2,0.0,0.0,0.0,343,745114.2400000001,0.0,0.04000000000000001,0.0,172.64000000000001,0
0.1,600.0,0.0,0.0,0.0,96.1,3.1,933.3,1142.3,True,False,False,False,False,False,True,True,False,1,0,0,0.0,96.1,0.0,3.1,0.0,933.3,0.0,1142.3,0.0,0.0,0.0,0.1,0.0,0.0,0.0,355,871048.8899999999,0.0,0.010000000000000002,0.0,93.33,0
0.0,0.0,0.0,0.0,0.0,61.4,33.0,981.0,1331.4,True,False,True,False,False,False,False,False,True,2,0,0,0.0,61.4,0.0,33.0,0.0,981.0,0.0,1331.4,0.0,0.0,0.0,0.0,0.0,0.0,0.0,361,962361.0,0.0,0.0,0.0,0.0,0
0.2,0.0,0.0,0.0,0.0,6.0,41.3,908.6,1142.3,True,False,False,False,False,False,True,True,False,2,0,0,0.0,6.0,0.0,41.3,0.0,908.6,0.0,1142.3,0.0,0.0,0.0,0.2,0.0,0.0,0.0,345,825553.9600000001,0.0,0.04000000000000001,0.0,181.72000000000003,0
5.4,1666.7,0.0,0.0,0.0,89.4,180.0,1106.1,1288.7,False,True,True,False,False,False,False,False,True,0,0,0,89.4,0.0,180.0,0.0,1106.1,0.0,1288.7,0.0,0.0,0.0,5.4,0.0,0.0,0.0,0.0,335,1223457.2099999997,0.0,29.160000000000004,0.0,5972.94,0
0.8,0.0,0.0,0.0,0.0,79.0,55.4,836.3,939.0,True,False,False,False,False,False,True,True,False,1,0,0,0.0,79.0,0.0,55.4,0.0,836.3,0.0,939.0,0.0,0.0,0.0,0.8,0.0,0.0,0.0,342,699397.69,0.0,0.6400000000000001,0.0,669.04,0
0.1,0.0,0.0,0.0,0.0,95.4,107.6,954.8,1331.4,True,False,True,False,False,False,False,True,False,1,0,0,0.0,95.4,0.0,107.6,0.0,954.8,0.0,1331.4,0.0,0.0,0.0,0.1,0.0,0.0,0.0,6,911643.0399999999,0.0,0.010000000000000002,0.0,95.48,0
0.1,500.0,12.0,10.0,6.62,45.8,10.2,1023.4,1331.4,False,True,True,False,False,False,False,False,True,0,0,0,45.8,0.0,10.2,0.0,1023.4,0.0,1331.4,0.0,6.62,0.0,0.1,0.0,0.5516206982751438,0.013239973520052961,10.0,352,1047347.5599999999,43.824400000000004,0.010000000000000002,6774.908,102.34,0
0.1,0.0,0.0,0.0,0.0,45.5,97.6,946.0,1089.9,True,False,False,True,False,False,False,False,True,2,0,0,0.0,45.5,0.0,97.6,0.0,946.0,0.0,1089.9,0.0,0.0,0.0,0.1,0.0,0.0,0.0,347,894916.0,0.0,0.010000000000000002,0.0,94.60000000000001,0
0.3,0.0,0.0,0.0,0.0,92.1,109.9,924.2,1142.3,True,False,False,False,False,False,True,True,False,1,0,0,0.0,92.1,0.0,109.9,0.0,924.2,0.0,1142.3,0.0,0.0,0.0,0.3,0.0,0.0,0.0,361,854145.6400000001,0.0,0.09,0.0,277.26,0
0.2,0.0,0.0,0.0,0.0,33.5,128.0,685.3,801.7,True,False,False,False,True,False,False,False,True,1,0,0,0.0,33.5,0.0,128.0,0.0,685.3,0.0,801.7,0.0,0.0,0.0,0.2,0.0,0.0,0.0,351,469636.0899999999,0.0,0.04000000000000001,0.0,137.06,1
7.0,3928.6,57.1,0.0,26.266,139.5,149.4,1021.4,1108.4,True,False,False,False,True,False,False,False,True,2,1,0,0.0,139.5,0.0,149.4,0.0,1021.4,0.0,1108.4,0.0,26.266,0.0,7.0,0.45999194409905253,0.00668584058294543,0.0,324,1043257.96,689.902756,49.0,26828.092399999998,7149.8,0
0.4,1500.0,0.0,0.0,0.0,96.1,3.1,933.3,1142.3,False,True,False,False,False,False,True,True,False,0,0,0,96.1,0.0,3.1,0.0,933.3,0.0,1142.3,0.0,0.0,0.0,0.4,0.0,0.0,0.0,0.0,355,871048.8899999999,0.0,0.16000000000000003,0.0,373.32,0
0.1,230.0,0.0,0.0,0.0,6.0,41.3,925.2,1142.3,False,True,False,False,False,False,True,False,True,0,0,0,6.0,0.0,41.3,0.0,925.2,0.0,1142.3,0.0,0.0,0.0,0.1,0.0,0.0,0.0,0.0,349,855995.04,0.0,0.010000000000000002,0.0,92.52000000000001,0
0.1,0.0,0.0,0.0,0.0,20.4,202.7,929.1,1089.9,True,False,False,True,False,False,False,False,True,1,0,0,0.0,20.4,0.0,202.7,0.0,929.1,0.0,1089.9,0.0,0.0,0.0,0.1,0.0,0.0,0.0,354,863226.81,0.0,0.010000000000000002,0.0,92.91000000000001,0
0.1,0.0,0.0,0.0,0.0,86.6,299.8,894.2,1105.0,True,False,True,False,False,False,False,False,True,4,0,0,0.0,86.6,0.0,299.8,0.0,894.2,0.0,1105.0,0.0,0.0,0.0,0.1,0.0,0.0,0.0,363,799593.6400000001,0.0,0.010000000000000002,0.0,89.42000000000002,0
3.0,3000.0,33.3,33.3,18.981,100.6,261.5,1089.5,1288.7,False,True,True,False,False,False,False,True,False,0,0,0,100.6,0.0,261.5,0.0,1089.5,0.0,1288.7,0.0,18.981,0.0,3.0,0.0,0.5699828833968952,0.006326997891000703,33.3,363,1187010.25,360.2783610000001,9.0,20679.7995,3268.5,0
3.5,0.0,71.4,114.3,45.417,226.2,5.4,825.0,1062.2,False,True,True,False,False,False,False,False,True,0,0,0,226.2,0.0,5.4,0.0,825.0,0.0,1062.2,0.0,45.417,0.0,3.5,0.0,0.6360835282419013,45417.0,114.3,4,680625.0,2062.7038890000003,12.25,37469.025,2887.5,0
0.4,0.0,0.0,0.0,0.0,159.8,138.2,700.5,1227.0,False,True,False,True,False,False,False,False,True,0,0,0,159.8,0.0,138.2,0.0,700.5,0.0,1227.0,0.0,0.0,0.0,0.4,0.0,0.0,0.0,0.0,318,490700.25,0.0,0.16000000000000003,0.0,280.2,1
10.0,3500.0,100.0,50.0,51.5,70.0,49.4,788.2,806.1,True,False,False,False,True,False,False,True,False,1,1,1,0.0,70.0,0.0,49.4,0.0,788.2,0.0,806.1,0.0,51.5,0.0,10.0,0.5149948500514995,0.014714281510205282,50.0,355,621259.2400000001,2652.25,100.0,40592.3,7882.0,1
0.1,300.0,0.0,0.0,0.0,104.4,21.0,914.6,1331.4,True,False,True,False,False,False,False,False,True,2,0,1,0.0,104.4,0.0,21.0,0.0,914.6,0.0,1331.4,0.0,0.0,0.0,0.1,0.0,0.0,0.0,323,836493.16,0.0,0.010000000000000002,0.0,91.46000000000001,0
0.3,0.0,0.0,0.0,0.0,20.5,133.9,929.1,1089.9,False,True,False,True,False,False,False,False,True,0,0,0,20.5,0.0,133.9,0.0,929.1,0.0,1089.9,0.0,0.0,0.0,0.3,0.0,0.0,0.0,0.0,352,863226.81,0.0,0.09,0.0,278.73,0
0.3,0.0,0.0,0.0,0.0,84.4,63.5,973.3,1089.9,False,True,False,True,False,False,False,False,True,0,0,0,84.4,0.0,63.5,0.0,973.3,0.0,1089.9,0.0,0.0,0.0,0.3,0.0,0.0,0.0,0.0,339,947312.8899999999,0.0,0.09,0.0,291.98999999999995,0
0.8,0.0,0.0,0.0,0.0,45.5,67.1,946.1,1089.9,False,True,False,True,False,False,False,False,True,0,0,0,45.5,0.0,67.1,0.0,946.1,0.0,1089.9,0.0,0.0,0.0,0.8,0.0,0.0,0.0,0.0,345,895105.2100000001,0.0,0.6400000000000001,0.0,756.8800000000001,0
11.6,1666.7,86.2,137.9,54.821,54.4,49.3,1089.3,1288.7,True,False,True,False,False,False,False,False,True,2,0,0,0.0,54.4,0.0,49.3,0.0,1089.3,0.0,1288.7,0.0,54.821,0.0,11.6,0.6359671001496502,0.03289192242639801,137.9,360,1186574.49,3005.342041,134.56,59716.51529999999,12635.88,0
0.1,400.0,0.0,0.0,0.0,6.0,41.3,908.6,1142.3,True,False,False,False,False,False,True,True,False,1,0,0,0.0,6.0,0.0,41.3,0.0,908.6,0.0,1142.3,0.0,0.0,0.0,0.1,0.0,0.0,0.0,347,825553.9600000001,0.0,0.010000000000000002,0.0,90.86000000000001,0
0.1,0.0,0.0,0.0,0.0,131.0,2.4,962.2,1105.0,True,False,True,False,False,False,False,False,True,2,0,0,0.0,131.0,0.0,2.4,0.0,962.2,0.0,1105.0,0.0,0.0,0.0,0.1,0.0,0.0,0.0,339,925828.8400000001,0.0,0.010000000000000002,0.0,96.22000000000001,0
0.1,250.0,0.0,0.0,0.0,117.6,109.0,955.0,1331.4,True,False,True,False,False,False,False,False,True,4,0,1,0.0,117.6,0.0,109.0,0.0,955.0,0.0,1331.4,0.0,0.0,0.0,0.1,0.0,0.0,0.0,7,912025.0,0.0,0.010000000000000002,0.0,95.5,0
0.0,0.0,0.0,0.0,0.0,131.4,1.8,982.4,1105.0,True,False,True,False,False,False,False,False,True,4,1,1,0.0,131.4,0.0,1.8,0.0,982.4,0.0,1105.0,0.0,0.0,0.0,0.0,0.0,0.0,0.0,338,965109.76,0.0,0.0,0.0,0.0,0
4.0,3225.8,0.0,25.3,2.783,44.7,6.0,1307.7,1331.2,True,False,False,False,False,False,True,True,False,1,0,0,0.0,44.7,0.0,6.0,0.0,1307.7,0.0,1331.2,0.0,2.783,0.0,4.0,2783.0,0.0008627314580161639,25.3,354,1710079.29,7.745088999999999,16.0,3639.3291,5230.8,0
7.0,0.0,0.0,0.0,0.0,34.3,3.2,650.4,844.8,False,True,False,True,False,False,False,False,True,0,0,0,34.3,0.0,3.2,0.0,650.4,0.0,844.8,0.0,0.0,0.0,7.0,0.0,0.0,0.0,0.0,8,423020.16,0.0,49.0,0.0,4552.8,1
0.1,0.0,0.0,0.0,0.0,45.5,67.1,946.1,1089.9,True,False,False,True,False,False,False,False,True,1,0,0,0.0,45.5,0.0,67.1,0.0,946.1,0.0,1089.9,0.0,0.0,0.0,0.1,0.0,0.0,0.0,345,895105.2100000001,0.0,0.010000000000000002,0.0,94.61000000000001,0
15.0,3000.0,46.7,0.0,21.482,124.4,189.0,1106.9,1288.7,True,False,True,False,False,False,False,False,True,1,0,0,0.0,124.4,0.0,189.0,0.0,1106.9,0.0,1288.7,0.0,21.482,0.0,15.0,0.45999015010385214,0.0071606642797785724,0.0,332,1225227.61,461.476324,225.0,23778.4258,16603.5,0
0.8,3000.0,0.0,0.0,0.0,97.5,169.3,759.6,1227.0,False,True,False,True,False,False,False,False,True,0,0,0,97.5,0.0,169.3,0.0,759.6,0.0,1227.0,0.0,0.0,0.0,0.8,0.0,0.0,0.0,0.0,331,576992.16,0.0,0.6400000000000001,0.0,607.6800000000001,1
0.1,0.0,0.0,0.0,0.0,30.2,66.6,736.7,900.1,False,True,False,False,False,True,False,False,True,0,0,0,30.2,0.0,66.6,0.0,736.7,0.0,900.1,0.0,0.0,0.0,0.1,0.0,0.0,0.0,0.0,350,542726.89,0.0,0.010000000000000002,0.0,73.67,1
0.2,0.0,0.0,0.0,0.0,33.8,93.6,706.5,1142.3,True,False,False,False,False,False,True,False,True,1,1,0,0.0,33.8,0.0,93.6,0.0,706.5,0.0,1142.3,0.0,0.0,0.0,0.2,0.0,0.0,0.0,327,499142.25,0.0,0.04000000000000001,0.0,141.3,1
0.9,0.0,0.0,0.0,0.0,20.5,133.9,929.1,1089.9,False,True,False,True,False,False,False,False,True,0,0,0,20.5,0.0,133.9,0.0,929.1,0.0,1089.9,0.0,0.0,0.0,0.9,0.0,0.0,0.0,0.0,352,863226.81,0.0,0.81,0.0,836.19,0
15.0,3125.0,33.3,66.7,22.655,17.8,130.2,1312.5,1331.2,True,False,False,False,False,False,True,True,False,1,0,0,0.0,17.8,0.0,130.2,0.0,1312.5,0.0,1331.2,0.0,22.655,0.0,15.0,0.6803099006035856,0.007249597680128742,66.7,346,1722656.25,513.2490250000001,225.0,29734.6875,19687.5,0
0.1,0.0,0.0,0.0,0.0,67.2,8.4,1030.1,1089.9,True,False,False,True,False,False,False,False,True,2,0,0,0.0,67.2,0.0,8.4,0.0,1030.1,0.0,1089.9,0.0,0.0,0.0,0.1,0.0,0.0,0.0,332,1061106.0099999998,0.0,0.010000000000000002,0.0,103.00999999999999,0
0.1,0.0,0.0,0.0,0.0,62.4,343.0,987.0,1331.4,False,True,True,False,False,False,False,False,True,0,0,0,62.4,0.0,343.0,0.0,987.0,0.0,1331.4,0.0,0.0,0.0,0.1,0.0,0.0,0.0,0.0,308,974169.0,0.0,0.010000000000000002,0.0,98.7,0
12.0,0.0,66.7,166.7,49.019,111.3,280.0,1258.0,1331.2,False,True,False,False,False,False,True,False,True,0,1,0,111.3,0.0,280.0,0.0,1258.0,0.0,1331.2,0.0,49.019,0.0,12.0,0.0,0.7349065231405825,49019.0,166.7,364,1582564.0,2402.862361,144.0,61665.901999999995,15096.0,0
20.0,5000.0,100.0,50.0,51.5,81.5,82.0,824.0,875.4,False,True,False,False,False,False,True,False,True,0,0,0,81.5,0.0,82.0,0.0,824.0,0.0,875.4,0.0,51.5,0.0,20.0,0.0,0.5149948500514995,0.01029999794000041,50.0,354,678976.0,2652.25,400.0,42436.0,16480.0,0
16.7,2999.4,45.0,0.0,20.7,14.5,230.3,1209.5,1320.5,False,True,False,True,False,False,False,False,True,0,0,0,14.5,0.0,230.3,0.0,1209.5,0.0,1320.5,0.0,20.7,0.0,16.7,0.0,0.45998977800493324,0.0069013779751357016,0.0,345,1462890.25,428.48999999999995,278.89,25036.649999999998,20198.649999999998,0
6.3,3333.3,121.4,200.0,77.844,43.8,43.5,1132.1,1288.7,False,True,True,False,False,False,False,False,True,0,1,0,43.8,0.0,43.5,0.0,1132.1,0.0,1288.7,0.0,77.844,0.0,6.3,0.0,0.6412138285516593,0.02335342652823732,200.0,356,1281650.4099999997,6059.688335999999,39.69,88127.19239999999,7132.23,0
0.8,0.0,0.0,0.0,0.0,45.5,78.7,946.0,1089.9,True,False,False,True,False,False,False,False,True,1,1,1,0.0,45.5,0.0,78.7,0.0,946.0,0.0,1089.9,0.0,0.0,0.0,0.8,0.0,0.0,0.0,346,894916.0,0.0,0.6400000000000001,0.0,756.8000000000001,0
65.0,0.0,0.0,0.0,0.0,72.3,280.0,1263.0,1331.2,False,True,False,False,False,False,True,True,False,0,0,0,72.3,0.0,280.0,0.0,1263.0,0.0,1331.2,0.0,0.0,0.0,65.0,0.0,0.0,0.0,0.0,363,1595169.0,0.0,4225.0,0.0,82095.0,0
0.1,0.0,0.0,0.0,0.0,17.6,160.8,998.8,1105.0,True,False,True,False,False,False,False,False,True,1,0,0,0.0,17.6,0.0,160.8,0.0,998.8,0.0,1105.0,0.0,0.0,0.0,0.1,0.0,0.0,0.0,320,997601.44,0.0,0.010000000000000002,0.0,99.88,0
15.4,4274.6,77.7,97.2,46.434,109.8,52.5,755.0,875.4,True,False,False,False,False,False,True,True,False,1,0,0,0.0,109.8,0.0,52.5,0.0,755.0,0.0,875.4,0.0,46.434,0.0,15.4,0.597598486505965,0.010862768244334381,97.2,362,570025.0,2156.1163559999995,237.16000000000003,35057.67,11627.0,1
0.6,1500.0,40.0,10.0,19.5,95.2,282.8,962.6,1331.4,False,True,True,False,False,False,False,False,True,0,0,1,95.2,0.0,282.8,0.0,962.6,0.0,1331.4,0.0,19.5,0.0,0.6,0.0,0.4874878128046799,0.01299999133333911,10.0,311,926598.76,380.25,0.36,18770.7,577.56,0
13.0,3461.5,38.5,0.0,17.71,171.7,30.6,718.2,806.1,True,False,False,False,True,False,False,False,True,1,0,1,0.0,171.7,0.0,30.6,0.0,718.2,0.0,806.1,0.0,17.71,0.0,13.0,0.45998805225838296,0.00511627759171527,0.0,361,515811.24000000005,313.64410000000004,169.0,12719.322000000002,9336.6,1
0.3,0.0,0.0,0.0,0.0,13.1,3.1,933.3,1142.3,False,True,False,False,False,False,True,False,True,0,0,0,13.1,0.0,3.1,0.0,933.3,0.0,1142.3,0.0,0.0,0.0,0.3,0.0,0.0,0.0,0.0,353,871048.8899999999,0.0,0.09,0.0,279.98999999999995,0
0.1,230.0,0.0,0.0,0.0,10.0,41.3,921.2,1142.3,False,True,False,False,False,False,True,True,False,0,0,0,10.0,0.0,41.3,0.0,921.2,0.0,1142.3,0.0,0.0,0.0,0.1,0.0,0.0,0.0,0.0,350,848609.4400000001,0.0,0.010000000000000002,0.0,92.12,0
1.0,0.0,0.0,0.0,0.0,192.0,54.8,755.7,1089.9,False,True,False,True,False,False,False,False,True,0,0,0,192.0,0.0,54.8,0.0,755.7,0.0,1089.9,0.0,0.0,0.0,1.0,0.0,0.0,0.0,0.0,9,571082.4900000001,0.0,1.0,0.0,755.7,1
0.5,0.0,0.0,0.0,0.0,24.7,41.3,910.6,1142.3,False,True,False,False,False,False,True,False,True,0,0,0,24.7,0.0,41.3,0.0,910.6,0.0,1142.3,0.0,0.0,0.0,0.5,0.0,0.0,0.0,0.0,344,829192.36,0.0,0.25,0.0,455.3,0
0.1,0.0,0.0,0.0,0.0,142.4,13.8,939.8,1105.0,True,False,True,False,False,False,False,False,True,2,0,0,0.0,142.4,0.0,13.8,0.0,939.8,0.0,1105.0,0.0,0.0,0.0,0.1,0.0,0.0,0.0,342,883224.0399999999,0.0,0.010000000000000002,0.0,93.98,0
7.6,0.0,78.6,0.0,36.156,117.7,33.3,692.8,844.8,False,True,False,True,False,False,False,False,True,0,0,0,117.7,0.0,33.3,0.0,692.8,0.0,844.8,0.0,36.156,0.0,7.6,0.0,0.45999414765715446,36156.0,0.0,363,479971.8399999999,1307.256336,57.76,25048.8768,5265.28,1
13.0,2307.7,0.0,0.0,0.0,91.6,72.0,990.6,1062.2,False,True,True,False,False,False,False,False,True,0,0,1,91.6,0.0,72.0,0.0,990.6,0.0,1062.2,0.0,0.0,0.0,13.0,0.0,0.0,0.0,0.0,352,981288.3600000001,0.0,169.0,0.0,12877.800000000001,0
0.0,0.0,0.0,0.0,0.0,131.0,2.4,962.2,1105.0,True,False,True,False,False,False,False,False,True,2,1,1,0.0,131.0,0.0,2.4,0.0,962.2,0.0,1105.0,0.0,0.0,0.0,0.0,0.0,0.0,0.0,339,925828.8400000001,0.0,0.0,0.0,0.0,0
0.2,0.0,0.0,0.0,0.0,11.6,327.2,944.2,1331.4,True,False,True,False,False,False,False,False,True,1,0,1,0.0,11.6,0.0,327.2,0.0,944.2,0.0,1331.4,0.0,0.0,0.0,0.2,0.0,0.0,0.0,335,891513.6400000001,0.0,0.04000000000000001,0.0,188.84000000000003,0
0.7,0.0,0.0,0.0,0.0,29.4,131.2,1028.8,1105.0,True,False,True,False,False,False,False,False,True,1,0,0,0.0,29.4,0.0,131.2,0.0,1028.8,0.0,1105.0,0.0,0.0,0.0,0.7,0.0,0.0,0.0,325,1058429.44,0.0,0.48999999999999994,0.0,720.16,0
0.6,0.0,0.0,0.0,0.0,92.1,109.9,924.2,1142.3,False,True,False,False,False,False,True,False,True,0,0,0,92.1,0.0,109.9,0.0,924.2,0.0,1142.3,0.0,0.0,0.0,0.6,0.0,0.0,0.0,0.0,361,854145.6400000001,0.0,0.36,0.0,554.52,0
54.1,2956.4,18.5,55.4,14.604,43.1,15.1,713.4,875.4,False,True,False,False,False,False,True,False,True,0,0,0,43.1,0.0,15.1,0.0,713.4,0.0,875.4,0.0,14.604,0.0,54.1,0.0,0.7893627371493431,0.004939789967599117,55.4,7,508939.55999999994,213.27681599999997,2926.81,10418.4936,38594.94,1
20.0,0.0,45.0,85.0,30.05,170.4,5.4,824.4,1062.2,False,True,True,False,False,False,False,False,True,0,1,1,170.4,0.0,5.4,0.0,824.4,0.0,1062.2,0.0,30.05,0.0,20.0,0.0,0.6677629386013645,30050.0,85.0,5,679635.36,903.0025,400.0,24773.22,16488.0,0
0.1,350.0,3.0,0.0,1.38,57.8,15.4,1024.4,1331.4,True,False,True,False,False,False,False,False,True,2,0,1,0.0,57.8,0.0,15.4,0.0,1024.4,0.0,1331.4,0.0,1.38,0.0,0.1,0.4598467177607464,0.003942845877583207,0.0,349,1049395.36,1.9043999999999996,0.010000000000000002,1413.672,102.44000000000001,0
7.6,1666.7,0.0,0.0,0.0,89.4,180.0,1106.1,1288.7,False,True,True,False,False,False,False,False,True,0,0,0,89.4,0.0,180.0,0.0,1106.1,0.0,1288.7,0.0,0.0,0.0,7.6,0.0,0.0,0.0,0.0,335,1223457.2099999997,0.0,57.76,0.0,8406.359999999999,0
15.0,2500.0,0.0,0.0,0.0,63.7,103.5,1263.0,1331.2,True,False,False,False,False,False,True,True,False,1,0,0,0.0,63.7,0.0,103.5,0.0,1263.0,0.0,1331.2,0.0,0.0,0.0,15.0,0.0,0.0,0.0,360,1595169.0,0.0,225.0,0.0,18945.0,0
0.6,2400.0,0.0,0.0,0.0,137.7,187.5,746.8,1227.0,False,True,False,True,False,False,False,False,True,0,0,0,137.7,0.0,187.5,0.0,746.8,0.0,1227.0,0.0,0.0,0.0,0.6,0.0,0.0,0.0,0.0,316,557710.2399999999,0.0,0.36,0.0,448.08,1
2.2,4166.7,0.0,0.0,0.0,30.8,137.6,1091.3,1288.7,True,False,True,False,False,False,False,False,True,1,0,0,0.0,30.8,0.0,137.6,0.0,1091.3,0.0,1288.7,0.0,0.0,0.0,2.2,0.0,0.0,0.0,338,1190935.69,0.0,4.840000000000001,0.0,2400.86,0
0.2,0.0,0.0,0.0,0.0,74.8,63.5,973.3,1089.9,False,True,False,True,False,False,False,False,True,0,0,0,74.8,0.0,63.5,0.0,973.3,0.0,1089.9,0.0,0.0,0.0,0.2,0.0,0.0,0.0,0.0,340,947312.8899999999,0.0,0.04000000000000001,0.0,194.66,0
0.2,0.0,0.0,0.0,0.0,32.3,112.5,946.0,1089.9,True,False,False,True,False,False,False,True,False,1,0,0,0.0,32.3,0.0,112.5,0.0,946.0,0.0,1089.9,0.0,0.0,0.0,0.2,0.0,0.0,0.0,348,894916.0,0.0,0.04000000000000001,0.0,189.20000000000002,0
11.8,0.0,42.4,0.0,19.504,208.4,6.8,706.4,1062.2,True,False,True,False,False,False,False,False,True,2,0,1,0.0,208.4,0.0,6.8,0.0,706.4,0.0,1062.2,0.0,19.504,0.0,11.8,0.45998915119926426,19504.0,0.0,14,499000.95999999996,380.4060160000001,139.24,13777.625600000001,8335.52,1
0.2,0.0,0.0,0.0,0.0,144.6,13.8,928.4,1105.0,False,True,True,False,False,False,False,False,True,0,0,0,144.6,0.0,13.8,0.0,928.4,0.0,1105.0,0.0,0.0,0.0,0.2,0.0,0.0,0.0,0.0,343,861926.5599999999,0.0,0.04000000000000001,0.0,185.68,0
0.1,0.0,0.0,0.0,0.0,142.4,13.8,939.8,1105.0,True,False,True,False,False,False,False,False,True,3,0,0,0.0,142.4,0.0,13.8,0.0,939.8,0.0,1105.0,0.0,0.0,0.0,0.1,0.0,0.0,0.0,342,883224.0399999999,0.0,0.010000000000000002,0.0,93.98,0
0.1,0.0,0.0,0.0,0.0,14.6,224.8,974.0,1105.0,True,False,True,False,False,False,False,False,True,3,1,1,0.0,14.6,0.0,224.8,0.0,974.0,0.0,1105.0,0.0,0.0,0.0,0.1,0.0,0.0,0.0,317,948676.0,0.0,0.010000000000000002,0.0,97.4,0
24.9,0.0,60.2,0.0,27.692,171.7,30.6,718.2,806.1,False,True,False,False,True,False,False,False,True,0,1,0,171.7,0.0,30.6,0.0,718.2,0.0,806.1,0.0,27.692,0.0,24.9,0.0,0.4599923589309148,27692.0,0.0,360,515811.24000000005,766.846864,620.0099999999999,19888.3944,17883.18,1
0.3,0.0,0.0,0.0,0.0,131.4,1.8,982.4,1105.0,True,False,True,False,False,False,False,False,True,2,0,0,0.0,131.4,0.0,1.8,0.0,982.4,0.0,1105.0,0.0,0.0,0.0,0.3,0.0,0.0,0.0,338,965109.76,0.0,0.09,0.0,294.71999999999997,0
0.3,750.0,0.0,30.0,3.3,44.0,1.2,1004.4,1331.4,True,False,True,False,False,False,False,False,True,3,0,1,0.0,44.0,0.0,1.2,0.0,1004.4,0.0,1331.4,0.0,3.3,0.0,0.3,3299.9999999999995,0.004399994133341156,30.0,356,1008819.36,10.889999999999999,0.09,3314.5199999999995,301.32,0
15.0,1666.7,0.0,66.7,7.337,226.2,5.4,825.0,1062.2,False,True,True,False,False,False,False,True,False,0,1,1,226.2,0.0,5.4,0.0,825.0,0.0,1062.2,0.0,7.337,0.0,15.0,0.0,7337.0,0.004402109316548079,66.7,4,680625.0,53.831568999999995,225.0,6053.025,12375.0,0
0.2,575.0,0.0,0.0,0.0,31.7,135.5,773.4,1142.3,True,False,False,False,False,False,True,True,False,1,0,0,0.0,31.7,0.0,135.5,0.0,773.4,0.0,1142.3,0.0,0.0,0.0,0.2,0.0,0.0,0.0,338,598147.5599999999,0.0,0.04000000000000001,0.0,154.68,1
11.1,0.0,0.0,0.0,0.0,12.3,231.12,798.72,844.8,True,False,False,True,False,False,False,False,True,1,0,0,0.0,12.3,0.0,231.12,0.0,798.72,0.0,844.8,0.0,0.0,0.0,11.1,0.0,0.0,0.0,328,637953.6384,0.0,123.21,0.0,8865.792,1
0.3,0.0,0.0,0.0,0.0,31.7,147.6,1025.5,1089.9,True,False,False,True,False,False,False,False,True,1,0,0,0.0,31.7,0.0,147.6,0.0,1025.5,0.0,1089.9,0.0,0.0,0.0,0.3,0.0,0.0,0.0,326,1051650.25,0.0,0.09,0.0,307.65,0
0.0,0.0,0.0,0.0,0.0,132.4,3.0,1017.0,1105.0,True,False,True,False,False,False,False,False,True,3,0,0,0.0,132.4,0.0,3.0,0.0,1017.0,0.0,1105.0,0.0,0.0,0.0,0.0,0.0,0.0,0.0,337,1034289.0,0.0,0.0,0.0,0.0,0
80.0,0.0,0.0,0.0,0.0,228.6,8.6,825.0,1062.2,False,True,True,False,False,False,False,False,True,0,0,0,228.6,0.0,8.6,0.0,825.0,0.0,1062.2,0.0,0.0,0.0,80.0,0.0,0.0,0.0,0.0,2,680625.0,0.0,6400.0,0.0,66000.0,0
0.2,0.0,0.0,0.0,0.0,36.8,227.4,895.6,1105.0,False,True,True,False,False,False,False,False,True,0,0,0,36.8,0.0,227.4,0.0,895.6,0.0,1105.0,0.0,0.0,0.0,0.2,0.0,0.0,0.0,0.0,352,802099.36,0.0,0.04000000000000001,0.0,179.12,0
0.1,0.0,3.0,0.0,1.38,159.8,161.0,743.0,1227.0,True,False,False,True,False,False,False,False,True,1,0,1,0.0,159.8,0.0,161.0,0.0,743.0,0.0,1227.0,0.0,1.38,0.0,0.1,0.4598467177607464,1379.9999999999998,0.0,317,552049.0,1.9043999999999996,0.010000000000000002,1025.34,74.3,1
5.5,1666.7,109.1,181.8,70.184,115.6,147.8,1222.1,1288.7,True,False,True,False,False,False,False,False,True,2,0,0,0.0,115.6,0.0,147.8,0.0,1222.1,0.0,1288.7,0.0,70.184,0.0,5.5,0.6432938286541828,0.0421095325436296,181.8,322,1493528.4099999997,4925.793855999999,30.25,85771.86639999998,6721.549999999999,0
4.2,4166.7,71.6,47.7,38.183,0.0,176.6,852.0,1288.7,False,True,True,False,False,False,False,False,True,0,0,0,0.0,0.0,176.6,0.0,852.0,0.0,1288.7,0.0,38.183,0.0,4.2,0.0,0.5332746749347076,0.009163844489921403,47.7,296,725904.0,1457.941489,17.64,32531.916,3578.4,0
10.0,2500.0,30.0,0.0,13.8,170.4,5.4,824.4,1062.2,False,True,True,False,False,False,False,False,True,0,0,0,170.4,0.0,5.4,0.0,824.4,0.0,1062.2,0.0,13.8,0.0,10.0,0.0,0.45998466717776076,0.005519997792000883,0.0,5,679635.36,190.44000000000003,100.0,11376.720000000001,8244.0,0
0.5,0.0,0.0,0.0,0.0,31.9,147.6,1037.3,1089.9,True,False,False,True,False,False,False,False,True,2,0,0,0.0,31.9,0.0,147.6,0.0,1037.3,0.0,1089.9,0.0,0.0,0.0,0.5,0.0,0.0,0.0,327,1075991.2899999998,0.0,0.25,0.0,518.65,0
22.0,3636.4,45.5,45.5,25.935,111.3,280.0,1258.0,1331.2,False,True,False,False,False,False,True,True,False,0,0,0,111.3,0.0,280.0,0.0,1258.0,0.0,1331.2,0.0,25.935,0.0,22.0,0.0,0.5699874728027955,0.007132051718168595,45.5,364,1582564.0,672.6242249999999,484.0,32626.23,27676.0,0
10.8,1394.1,0.0,0.0,0.0,38.4,189.4,1106.3,1288.7,True,False,True,False,False,False,False,False,True,1,0,0,0.0,38.4,0.0,189.4,0.0,1106.3,0.0,1288.7,0.0,0.0,0.0,10.8,0.0,0.0,0.0,337,1223899.69,0.0,116.64000000000001,0.0,11948.04,0
18.0,0.0,55.6,0.0,25.576,142.7,30.6,620.2,806.1,False,True,False,False,True,False,False,False,True,0,1,0,142.7,0.0,30.6,0.0,620.2,0.0,806.1,0.0,25.576,0.0,18.0,0.0,0.4599917267675042,25576.0,0.0,364,384648.04000000004,654.1317760000001,324.0,15862.235200000001,11163.6,1
7.0,0.0,0.0,0.0,0.0,119.0,6.6,706.2,1062.2,False,True,True,False,False,False,False,False,True,0,0,0,119.0,0.0,6.6,0.0,706.2,0.0,1062.2,0.0,0.0,0.0,7.0,0.0,0.0,0.0,0.0,16,498718.44000000006,0.0,49.0,0.0,4943.400000000001,1
2.1,3000.0,95.2,95.2,54.264,89.4,180.0,1106.1,1288.7,True,False,True,False,False,False,False,False,True,4,0,0,0.0,89.4,0.0,180.0,0.0,1106.1,0.0,1288.7,0.0,54.264,0.0,2.1,0.5699940126679341,0.018087993970668678,95.2,335,1223457.2099999997,2944.581696,4.41,60021.4104,2322.81,0
0.1,0.0,0.0,0.0,0.0,132.2,3.0,1036.8,1105.0,True,False,True,False,False,False,False,False,True,3,0,0,0.0,132.2,0.0,3.0,0.0,1036.8,0.0,1105.0,0.0,0.0,0.0,0.1,0.0,0.0,0.0,336,1074954.24,0.0,0.010000000000000002,0.0,103.68,0
10.9,0.0,0.0,46.1,5.071,0.0,296.8,785.2,806.1,False,True,False,False,True,False,False,False,True,0,1,1,0.0,0.0,296.8,0.0,785.2,0.0,806.1,0.0,5.071,0.0,10.9,0.0,5071.0,5071.0,46.1,316,616539.04,25.715040999999996,118.81,3981.7492,8558.68,1
0.1,0.0,0.0,0.0,0.0,202.2,137.2,702.3,1227.0,False,True,False,True,False,False,False,False,True,0,0,0,202.2,0.0,137.2,0.0,702.3,0.0,1227.0,0.0,0.0,0.0,0.1,0.0,0.0,0.0,0.0,320,493225.2899999999,0.0,0.010000000000000002,0.0,70.23,1
7.3,0.0,48.3,0.0,22.218,91.6,71.4,1021.0,1062.2,True,False,True,False,False,False,False,False,True,1,1,1,0.0,91.6,0.0,71.4,0.0,1021.0,0.0,1062.2,0.0,22.218,0.0,7.3,0.4599904763876525,22218.0,0.0,351,1042441.0,493.639524,53.29,22684.578,7453.3,0
0.4,0.0,0.0,0.0,0.0,37.1,360.8,927.6,1089.9,False,True,False,True,False,False,False,False,True,0,0,0,37.1,0.0,360.8,0.0,927.6,0.0,1089.9,0.0,0.0,0.0,0.4,0.0,0.0,0.0,0.0,361,860441.76,0.0,0.16000000000000003,0.0,371.04,0
0.5,0.0,0.0,0.0,0.0,37.3,286.0,804.5,939.0,True,False,False,False,False,False,True,False,True,3,0,0,0.0,37.3,0.0,286.0,0.0,804.5,0.0,939.0,0.0,0.0,0.0,0.5,0.0,0.0,0.0,353,647220.25,0.0,0.25,0.0,402.25,0
10.0,2500.0,50.0,0.0,23.0,171.7,30.6,718.2,806.1,False,True,False,False,True,False,False,False,True,0,1,0,171.7,0.0,30.6,0.0,718.2,0.0,806.1,0.0,23.0,0.0,10.0,0.0,0.45999080018399635,0.009199996320001472,0.0,361,515811.24000000005,529.0,100.0,16518.600000000002,7182.0,1
20.0,3000.0,0.0,25.0,2.75,0.0,144.0,866.5,948.0,True,False,False,False,False,True,False,True,False,1,1,1,0.0,0.0,0.0,144.0,0.0,866.5,0.0,948.0,0.0,2.75,0.0,20.0,2750.0,0.0009166663611112129,25.0,341,750822.25,7.5625,400.0,2382.875,17330.0,0
50.0,4000.0,0.0,0.0,0.0,158.5,0.0,766.0,948.0,False,True,False,False,False,True,False,False,True,0,0,0,158.5,0.0,0.0,0.0,766.0,0.0,948.0,0.0,0.0,0.0,50.0,0.0,0.0,0.0,0.0,4,586756.0,0.0,2500.0,0.0,38300.0,1
1.0,0.0,0.0,0.0,0.0,20.5,133.9,929.1,1089.9,True,False,False,True,False,False,False,False,True,1,0,0,0.0,20.5,0.0,133.9,0.0,929.1,0.0,1089.9,0.0,0.0,0.0,1.0,0.0,0.0,0.0,352,863226.81,0.0,1.0,0.0,929.1,0
0.0,0.0,0.0,0.0,0.0,43.0,12.8,1002.4,1331.4,True,False,True,False,False,False,False,False,True,2,0,1,0.0,43.0,0.0,12.8,0.0,1002.4,0.0,1331.4,0.0,0.0,0.0,0.0,0.0,0.0,0.0,357,1004805.76,0.0,0.0,0.0,0.0,0
0.8,0.0,0.0,0.0,0.0,20.4,202.7,929.1,1089.9,False,True,False,True,False,False,False,False,True,0,0,0,20.4,0.0,202.7,0.0,929.1,0.0,1089.9,0.0,0.0,0.0,0.8,0.0,0.0,0.0,0.0,354,863226.81,0.0,0.6400000000000001,0.0,743.2800000000001,0
10.0,2500.0,0.0,0.0,0.0,151.8,71.0,990.6,1062.2,False,True,True,False,False,False,False,False,True,0,0,0,151.8,0.0,71.0,0.0,990.6,0.0,1062.2,0.0,0.0,0.0,10.0,0.0,0.0,0.0,0.0,355,981288.3600000001,0.0,100.0,0.0,9906.0,0
0.2,0.0,0.0,0.0,0.0,46.4,138.4,908.6,1105.0,False,True,True,False,False,False,False,False,True,0,0,0,46.4,0.0,138.4,0.0,908.6,0.0,1105.0,0.0,0.0,0.0,0.2,0.0,0.0,0.0,0.0,349,825553.9600000001,0.0,0.04000000000000001,0.0,181.72000000000003,0
0.1,100.0,3.0,0.0,1.38,44.4,8.7,911.7,1164.1,True,False,False,False,True,False,False,False,True,4,0,1,0.0,44.4,0.0,8.7,0.0,911.7,0.0,1164.1,0.0,1.38,0.0,0.1,0.4598467177607464,0.013799862001379984,0.0,349,831196.8900000001,1.9043999999999996,0.010000000000000002,1258.146,91.17000000000002,0
3.0,2500.0,0.0,87.0,9.57,195.2,11.2,705.4,1062.2,False,True,True,False,False,False,False,True,False,0,0,0,195.2,0.0,11.2,0.0,705.4,0.0,1062.2,0.0,9.57,0.0,3.0,0.0,9570.0,0.0038279984688006125,87.0,12,497589.16,91.5849,9.0,6750.678,2116.2,1
18.0,0.0,0.0,0.0,0.0,165.6,53.8,962.4,1062.2,True,False,True,False,False,False,False,False,True,2,1,1,0.0,165.6,0.0,53.8,0.0,962.4,0.0,1062.2,0.0,0.0,0.0,18.0,0.0,0.0,0.0,357,926213.76,0.0,324.0,0.0,17323.2,0
10.0,0.0,50.0,0.0,23.0,168.0,30.6,757.7,806.1,True,False,False,False,True,False,False,False,True,4,1,1,0.0,168.0,0.0,30.6,0.0,757.7,0.0,806.1,0.0,23.0,0.0,10.0,0.45999080018399635,23000.0,0.0,357,574109.29,529.0,100.0,17427.100000000002,7577.0,1
0.3,0.0,0.0,0.0,0.0,37.1,360.8,927.6,1089.9,False,True,False,True,False,False,False,False,True,0,0,0,37.1,0.0,360.8,0.0,927.6,0.0,1089.9,0.0,0.0,0.0,0.3,0.0,0.0,0.0,0.0,361,860441.76,0.0,0.09,0.0,278.28,0
0.8,0.0,0.0,0.0,0.0,36.8,312.2,895.8,1105.0,False,True,True,False,False,False,False,False,True,0,0,0,36.8,0.0,312.2,0.0,895.8,0.0,1105.0,0.0,0.0,0.0,0.8,0.0,0.0,0.0,0.0,353,802457.6399999999,0.0,0.6400000000000001,0.0,716.64,0
12.9,2711.1,31.0,0.0,14.26,165.6,53.8,962.4,1062.2,True,False,True,False,False,False,False,False,True,3,1,1,0.0,165.6,0.0,53.8,0.0,962.4,0.0,1062.2,0.0,14.26,0.0,12.9,0.4599851617689752,0.005259855682248651,0.0,357,926213.76,203.3476,166.41,13723.823999999999,12414.960000000001,0
3.0,3333.3,33.3,0.0,15.318,169.0,40.6,926.6,1062.2,True,False,True,False,False,False,False,False,True,1,0,1,0.0,169.0,0.0,40.6,0.0,926.6,0.0,1062.2,0.0,15.318,0.0,3.0,0.45998618660100304,0.0045954445758123845,0.0,362,858587.56,234.641124,9.0,14193.6588,2779.8,0
4.0,3250.0,0.0,0.0,0.0,47.5,63.1,836.5,875.4,True,False,False,False,False,False,True,False,True,3,0,0,0.0,47.5,0.0,63.1,0.0,836.5,0.0,875.4,0.0,0.0,0.0,4.0,0.0,0.0,0.0,350,699732.25,0.0,16.0,0.0,3346.0,0
0.3,0.0,0.0,0.0,0.0,195.6,99.2,754.0,939.0,True,False,False,False,False,False,True,True,False,2,0,0,0.0,195.6,0.0,99.2,0.0,754.0,0.0,939.0,0.0,0.0,0.0,0.3,0.0,0.0,0.0,4,568516.0,0.0,0.09,0.0,226.2,1
0.5,0.0,0.0,0.0,0.0,114.2,113.0,645.8,801.7,True,False,False,False,True,False,False,False,True,1,0,0,0.0,114.2,0.0,113.0,0.0,645.8,0.0,801.7,0.0,0.0,0.0,0.5,0.0,0.0,0.0,3,417057.63999999996,0.0,0.25,0.0,322.9,1
25.0,2400.0,40.0,88.0,28.08,198.2,43.4,934.2,1062.2,True,False,True,False,False,False,False,False,True,1,0,1,0.0,198.2,0.0,43.4,0.0,934.2,0.0,1062.2,0.0,28.08,0.0,25.0,0.7019824504387391,0.011699995125002029,88.0,358,872729.6400000001,788.4863999999999,625.0,26232.336,23355.0,0
0.4,0.0,0.0,0.0,0.0,34.4,336.4,926.4,1331.4,False,True,True,False,False,False,False,False,True,0,0,0,34.4,0.0,336.4,0.0,926.4,0.0,1331.4,0.0,0.0,0.0,0.4,0.0,0.0,0.0,0.0,330,858216.96,0.0,0.16000000000000003,0.0,370.56,0
0.3,0.0,0.0,0.0,0.0,20.5,114.4,931.0,1089.9,False,True,False,True,False,False,False,False,True,0,0,0,20.5,0.0,114.4,0.0,931.0,0.0,1089.9,0.0,0.0,0.0,0.3,0.0,0.0,0.0,0.0,351,866761.0,0.0,0.09,0.0,279.3,0
0.4,0.0,0.0,0.0,0.0,57.8,15.4,1024.4,1331.4,False,True,True,False,False,False,False,False,True,0,0,1,57.8,0.0,15.4,0.0,1024.4,0.0,1331.4,0.0,0.0,0.0,0.4,0.0,0.0,0.0,0.0,349,1049395.36,0.0,0.16000000000000003,0.0,409.76000000000005,0
0.1,500.0,0.0,0.0,0.0,6.0,41.3,908.6,1142.3,True,False,False,False,False,False,True,True,False,1,0,0,0.0,6.0,0.0,41.3,0.0,908.6,0.0,1142.3,0.0,0.0,0.0,0.1,0.0,0.0,0.0,347,825553.9600000001,0.0,0.010000000000000002,0.0,90.86000000000001,0
0.4,0.0,0.0,0.0,0.0,131.0,2.4,962.2,1105.0,True,False,True,False,False,False,False,False,True,1,0,0,0.0,131.0,0.0,2.4,0.0,962.2,0.0,1105.0,0.0,0.0,0.0,0.4,0.0,0.0,0.0,339,925828.8400000001,0.0,0.16000000000000003,0.0,384.88000000000005,0
0.6,0.0,0.0,0.0,0.0,104.2,304.0,894.0,1105.0,False,True,True,False,False,False,False,False,True,0,0,0,104.2,0.0,304.0,0.0,894.0,0.0,1105.0,0.0,0.0,0.0,0.6,0.0,0.0,0.0,0.0,364,799236.0,0.0,0.36,0.0,536.4,0
0.2,0.0,0.0,0.0,0.0,31.7,135.5,773.4,1142.3,False,True,False,False,False,False,True,False,True,0,0,0,31.7,0.0,135.5,0.0,773.4,0.0,1142.3,0.0,0.0,0.0,0.2,0.0,0.0,0.0,0.0,338,598147.5599999999,0.0,0.04000000000000001,0.0,154.68,1
27.2,918.8,0.0,0.0,0.0,3.4,120.8,798.7,844.8,True,False,False,True,False,False,False,False,True,2,0,0,0.0,3.4,0.0,120.8,0.0,798.7,0.0,844.8,0.0,0.0,0.0,27.2,0.0,0.0,0.0,331,637921.6900000001,0.0,739.8399999999999,0.0,21724.64,1
0.1,400.0,4.0,10.0,2.94,77.8,15.4,1023.2,1331.4,True,False,True,False,False,False,False,False,True,4,0,1,0.0,77.8,0.0,15.4,0.0,1023.2,0.0,1331.4,0.0,2.94,0.0,0.1,0.7348162959260184,0.007349981625045938,10.0,351,1046938.2400000001,8.6436,0.010000000000000002,3008.208,102.32000000000001,0
11.5,3043.5,43.5,0.0,20.01,162.6,45.0,870.8,1062.2,True,False,True,False,False,False,False,False,True,3,1,1,0.0,162.6,0.0,45.0,0.0,870.8,0.0,1062.2,0.0,20.01,0.0,11.5,0.45998942553044764,0.0065746651635731354,0.0,363,758292.6399999999,400.40010000000007,132.25,17424.708,10014.199999999999,0
29.0,1666.7,150.0,172.4,87.964,6.2,142.0,1132.1,1288.7,False,True,True,False,False,False,False,True,False,0,0,0,6.2,0.0,142.0,0.0,1132.1,0.0,1288.7,0.0,87.964,0.0,29.0,0.0,0.5864227571816187,0.052777312787356576,172.4,350,1281650.4099999997,7737.665296,841.0,99584.04439999998,32830.899999999994,0
0.4,0.0,0.0,0.0,0.0,30.8,90.0,933.9,1089.9,False,True,False,True,False,False,False,False,True,0,0,0,30.8,0.0,90.0,0.0,933.9,0.0,1089.9,0.0,0.0,0.0,0.4,0.0,0.0,0.0,0.0,350,872169.21,0.0,0.16000000000000003,0.0,373.56,0
15.0,0.0,0.0,0.0,0.0,107.4,7.2,700.6,1062.2,False,True,True,False,False,False,False,False,True,0,0,0,107.4,0.0,7.2,0.0,700.6,0.0,1062.2,0.0,0.0,0.0,15.0,0.0,0.0,0.0,0.0,19,490840.36000000004,0.0,225.0,0.0,10509.0,1
0.2,0.0,0.0,0.0,0.0,94.6,19.7,758.6,900.1,True,False,False,False,False,True,False,False,True,1,0,0,0.0,94.6,0.0,19.7,0.0,758.6,0.0,900.1,0.0,0.0,0.0,0.2,0.0,0.0,0.0,343,575473.9600000001,0.0,0.04000000000000001,0.0,151.72,1
0.1,0.0,0.0,0.0,0.0,132.6,163.4,868.0,1105.0,True,False,True,False,False,False,False,False,True,1,0,0,0.0,132.6,0.0,163.4,0.0,868.0,0.0,1105.0,0.0,0.0,0.0,0.1,0.0,0.0,0.0,3,753424.0,0.0,0.010000000000000002,0.0,86.80000000000001,0
0.0,0.0,0.0,0.0,0.0,29.4,131.2,1028.8,1105.0,True,False,True,False,False,False,False,False,True,3,0,0,0.0,29.4,0.0,131.2,0.0,1028.8,0.0,1105.0,0.0,0.0,0.0,0.0,0.0,0.0,0.0,325,1058429.44,0.0,0.0,0.0,0.0,0
0.1,0.0,0.0,0.0,0.0,21.2,342.4,931.2,1331.4,True,False,True,False,False,False,False,False,True,1,0,1,0.0,21.2,0.0,342.4,0.0,931.2,0.0,1331.4,0.0,0.0,0.0,0.1,0.0,0.0,0.0,331,867133.4400000001,0.0,0.010000000000000002,0.0,93.12,0
0.4,0.0,0.0,0.0,0.0,92.1,108.5,933.3,1142.3,False,True,False,False,False,False,True,False,True,0,0,0,92.1,0.0,108.5,0.0,933.3,0.0,1142.3,0.0,0.0,0.0,0.4,0.0,0.0,0.0,0.0,357,871048.8899999999,0.0,0.16000000000000003,0.0,373.32,0
0.3,1000.0,0.0,0.0,0.0,29.7,106.8,717.2,1142.3,True,False,False,False,False,False,True,False,True,3,0,0,0.0,29.7,0.0,106.8,0.0,717.2,0.0,1142.3,0.0,0.0,0.0,0.3,0.0,0.0,0.0,335,514375.8400000001,0.0,0.09,0.0,215.16,1
10.0,4166.7,0.0,0.0,0.0,66.6,294.1,1245.5,1331.2,False,True,False,False,False,False,True,False,True,0,0,0,66.6,0.0,294.1,0.0,1245.5,0.0,1331.2,0.0,0.0,0.0,10.0,0.0,0.0,0.0,0.0,2,1551270.25,0.0,100.0,0.0,12455.0,0
12.5,6800.0,0.0,0.0,0.0,167.6,41.8,931.0,1062.2,False,True,True,False,False,False,False,False,True,0,1,1,167.6,0.0,41.8,0.0,931.0,0.0,1062.2,0.0,0.0,0.0,12.5,0.0,0.0,0.0,0.0,360,866761.0,0.0,156.25,0.0,11637.5,0
27.0,0.0,74.1,111.1,46.307,28.4,137.6,1136.7,1288.7,True,False,True,False,False,False,False,True,False,1,1,0,0.0,28.4,0.0,137.6,0.0,1136.7,0.0,1288.7,0.0,46.307,0.0,27.0,0.6249173425459845,46307.0,111.1,344,1292086.8900000001,2144.3382490000004,729.0,52637.166900000004,30690.9,0
0.5,0.0,0.0,0.0,0.0,8.0,92.4,851.3,939.0,True,False,False,False,False,False,True,True,False,2,0,0,0.0,8.0,0.0,92.4,0.0,851.3,0.0,939.0,0.0,0.0,0.0,0.5,0.0,0.0,0.0,317,724711.69,0.0,0.25,0.0,425.65,0
0.7,0.0,0.0,0.0,0.0,40.9,84.2,746.6,900.1,False,True,False,False,False,True,False,True,False,0,0,0,40.9,0.0,84.2,0.0,746.6,0.0,900.1,0.0,0.0,0.0,0.7,0.0,0.0,0.0,0.0,347,557411.56,0.0,0.48999999999999994,0.0,522.62,1
13.0,6153.8,100.0,122.0,59.42,122.3,53.3,789.0,875.4,False,True,False,False,False,False,True,False,True,0,0,1,122.3,0.0,53.3,0.0,789.0,0.0,875.4,0.0,59.42,0.0,13.0,0.0,0.5941940580594194,0.009655820849585484,122.0,358,622521.0,3530.7364000000002,169.0,46882.380000000005,10257.0,1
13.0,0.0,0.0,76.9,8.459,127.0,7.6,728.6,1062.2,True,False,True,False,False,False,False,False,True,2,0,1,0.0,127.0,0.0,7.6,0.0,728.6,0.0,1062.2,0.0,8.459,0.0,13.0,8459.0,8459.0,76.9,9,530857.9600000001,71.55468099999999,169.0,6163.2274,9471.800000000001,1
0.2,0.0,0.0,0.0,0.0,20.4,164.9,929.1,1089.9,True,False,False,True,False,False,False,False,True,1,0,0,0.0,20.4,0.0,164.9,0.0,929.1,0.0,1089.9,0.0,0.0,0.0,0.2,0.0,0.0,0.0,353,863226.81,0.0,0.04000000000000001,0.0,185.82000000000002,0
0.1,250.0,0.0,0.0,0.0,6.0,41.3,908.6,1142.3,True,False,False,False,False,False,True,False,True,1,0,0,0.0,6.0,0.0,41.3,0.0,908.6,0.0,1142.3,0.0,0.0,0.0,0.1,0.0,0.0,0.0,347,825553.9600000001,0.0,0.010000000000000002,0.0,90.86000000000001,0
10.3,4360.5,87.2,0.0,40.112,91.6,72.0,990.6,1062.2,True,False,True,False,False,False,False,False,True,1,0,1,0.0,91.6,0.0,72.0,0.0,990.6,0.0,1062.2,0.0,40.112,0.0,10.3,0.45999472483113724,0.00919894296549869,0.0,352,981288.3600000001,1608.9725440000002,106.09000000000002,39734.9472,10203.18,0
15.0,3333.3,33.3,0.0,15.318,69.1,294.1,1244.0,1331.2,False,True,False,False,False,False,True,True,False,0,0,0,69.1,0.0,294.1,0.0,1244.0,0.0,1331.2,0.0,15.318,0.0,15.0,0.0,0.45998618660100304,0.0045954445758123845,0.0,3,1547536.0,234.641124,225.0,19055.592,18660.0,0
73.0,8219.2,0.0,0.0,0.0,45.7,37.6,1211.9,1320.5,False,True,False,True,False,False,False,False,True,0,0,0,45.7,0.0,37.6,0.0,1211.9,0.0,1320.5,0.0,0.0,0.0,73.0,0.0,0.0,0.0,0.0,356,1468701.6100000003,0.0,5329.0,0.0,88468.70000000001,0
0.3,0.0,0.0,0.0,0.0,14.4,197.2,955.0,1105.0,True,False,True,False,False,False,False,False,True,1,0,0,0.0,14.4,0.0,197.2,0.0,955.0,0.0,1105.0,0.0,0.0,0.0,0.3,0.0,0.0,0.0,314,912025.0,0.0,0.09,0.0,286.5,0
10.0,3500.0,100.0,0.0,46.0,40.2,15.1,682.9,875.4,False,True,False,False,False,False,True,True,False,0,0,0,40.2,0.0,15.1,0.0,682.9,0.0,875.4,0.0,46.0,0.0,10.0,0.0,0.45999540004599954,0.013142853387756174,0.0,10,466352.41,2116.0,100.0,31413.399999999998,6829.0,1
26.6,5263.2,120.3,199.2,77.25,14.7,270.7,1213.5,1320.5,False,True,False,True,False,False,False,True,False,0,0,0,14.7,0.0,270.7,0.0,1213.5,0.0,1320.5,0.0,77.25,0.0,26.6,0.0,0.6421393005876925,0.014677379792259502,199.2,340,1472582.25,5967.5625,707.5600000000001,93742.875,32279.100000000002,0
0.8,0.0,0.0,0.0,0.0,37.1,370.2,927.6,1089.9,False,True,False,True,False,False,False,False,True,0,0,0,37.1,0.0,370.2,0.0,927.6,0.0,1089.9,0.0,0.0,0.0,0.8,0.0,0.0,0.0,0.0,360,860441.76,0.0,0.6400000000000001,0.0,742.08,0
0.2,0.0,0.0,0.0,0.0,69.4,97.8,928.6,1105.0,False,True,True,False,False,False,False,False,True,0,0,0,69.4,0.0,97.8,0.0,928.6,0.0,1105.0,0.0,0.0,0.0,0.2,0.0,0.0,0.0,0.0,346,862297.9600000001,0.0,0.04000000000000001,0.0,185.72000000000003,0
0.4,3000.0,0.0,0.0,0.0,68.2,239.7,802.0,939.0,True,False,False,False,False,False,True,True,False,4,1,1,0.0,68.2,0.0,239.7,0.0,802.0,0.0,939.0,0.0,0.0,0.0,0.4,0.0,0.0,0.0,362,643204.0,0.0,0.16000000000000003,0.0,320.8,1
6.5,0.0,61.5,0.0,28.29,169.0,40.6,926.6,1062.2,False,True,True,False,False,False,False,False,True,0,0,1,169.0,0.0,40.6,0.0,926.6,0.0,1062.2,0.0,28.29,0.0,6.5,0.0,0.459992520446822,28290.0,0.0,362,858587.56,800.3240999999999,42.25,26213.514,6022.900000000001,0
0.1,4000.0,0.0,0.0,0.0,79.0,55.4,836.3,939.0,True,False,False,False,False,False,True,True,False,4,0,0,0.0,79.0,0.0,55.4,0.0,836.3,0.0,939.0,0.0,0.0,0.0,0.1,0.0,0.0,0.0,344,699397.69,0.0,0.010000000000000002,0.0,83.63,0
35.5,2818.5,0.0,0.0,0.0,226.2,5.4,825.0,1062.2,False,True,True,False,False,False,False,False,True,0,1,0,226.2,0.0,5.4,0.0,825.0,0.0,1062.2,0.0,0.0,0.0,35.5,0.0,0.0,0.0,0.0,4,680625.0,0.0,1260.25,0.0,29287.5,0
1.0,0.0,0.0,0.0,0.0,20.4,202.7,929.1,1089.9,True,False,False,True,False,False,False,False,True,1,0,0,0.0,20.4,0.0,202.7,0.0,929.1,0.0,1089.9,0.0,0.0,0.0,1.0,0.0,0.0,0.0,354,863226.81,0.0,1.0,0.0,929.1,0
22.0,0.0,45.5,0.0,20.93,91.6,71.4,1021.0,1062.2,True,False,True,False,False,False,False,False,True,1,1,1,0.0,91.6,0.0,71.4,0.0,1021.0,0.0,1062.2,0.0,20.93,0.0,22.0,0.45998989033208065,20930.0,0.0,351,1042441.0,438.06489999999997,484.0,21369.53,22462.0,0
8.0,3125.0,0.0,125.0,13.75,226.2,5.4,825.0,1062.2,False,True,True,False,False,False,False,False,True,0,0,0,226.2,0.0,5.4,0.0,825.0,0.0,1062.2,0.0,13.75,0.0,8.0,0.0,13750.0,0.00439999859200045,125.0,4,680625.0,189.0625,64.0,11343.75,6600.0,0
0.3,0.0,0.0,0.0,0.0,211.9,90.2,899.5,1089.9,False,True,False,True,False,False,False,False,True,0,0,0,211.9,0.0,90.2,0.0,899.5,0.0,1089.9,0.0,0.0,0.0,0.3,0.0,0.0,0.0,0.0,5,809100.25,0.0,0.09,0.0,269.84999999999997,0
0.0,100.0,0.0,0.0,0.0,6.0,41.3,908.6,1142.3,True,False,False,False,False,False,True,True,False,1,0,0,0.0,6.0,0.0,41.3,0.0,908.6,0.0,1142.3,0.0,0.0,0.0,0.0,0.0,0.0,0.0,345,825553.9600000001,0.0,0.0,0.0,0.0,0
0.3,0.0,0.0,0.0,0.0,20.4,202.7,929.1,1089.9,False,True,False,True,False,False,False,False,True,0,0,0,20.4,0.0,202.7,0.0,929.1,0.0,1089.9,0.0,0.0,0.0,0.3,0.0,0.0,0.0,0.0,354,863226.81,0.0,0.09,0.0,278.73,0
0.1,0.0,0.0,0.0,0.0,32.5,22.8,858.9,1227.0,True,False,False,True,False,False,False,False,True,1,0,1,0.0,32.5,0.0,22.8,0.0,858.9,0.0,1227.0,0.0,0.0,0.0,0.1,0.0,0.0,0.0,347,737709.21,0.0,0.010000000000000002,0.0,85.89,0
22.0,4500.0,0.0,0.0,0.0,47.5,63.1,836.5,875.4,True,False,False,False,False,False,True,False,True,1,0,0,0.0,47.5,0.0,63.1,0.0,836.5,0.0,875.4,0.0,0.0,0.0,22.0,0.0,0.0,0.0,350,699732.25,0.0,484.0,0.0,18403.0,0
0.3,0.0,0.0,0.0,0.0,31.7,117.3,725.9,1142.3,False,True,False,False,False,False,True,True,False,0,0,0,31.7,0.0,117.3,0.0,725.9,0.0,1142.3,0.0,0.0,0.0,0.3,0.0,0.0,0.0,0.0,337,526930.8099999999,0.0,0.09,0.0,217.76999999999998,1
0.1,0.0,0.0,0.0,0.0,131.4,1.8,982.4,1105.0,True,False,True,False,False,False,False,False,True,1,0,0,0.0,131.4,0.0,1.8,0.0,982.4,0.0,1105.0,0.0,0.0,0.0,0.1,0.0,0.0,0.0,338,965109.76,0.0,0.010000000000000002,0.0,98.24000000000001,0
0.2,0.0,0.0,0.0,0.0,153.6,257.2,925.0,1331.4,True,False,True,False,False,False,False,False,True,2,0,1,0.0,153.6,0.0,257.2,0.0,925.0,0.0,1331.4,0.0,0.0,0.0,0.2,0.0,0.0,0.0,316,855625.0,0.0,0.04000000000000001,0.0,185.0,0
6.0,3000.0,83.3,0.0,38.318,34.0,146.5,947.9,1108.4,True,False,False,False,True,False,False,False,True,1,0,0,0.0,34.0,0.0,146.5,0.0,947.9,0.0,1108.4,0.0,38.318,0.0,6.0,0.45999447785740866,0.01277266240911253,0.0,341,898514.4099999999,1468.269124,36.0,36321.6322,5687.4,0
0.1,0.0,0.0,0.0,0.0,31.6,370.4,894.2,1105.0,False,True,True,False,False,False,False,False,True,0,1,0,31.6,0.0,370.4,0.0,894.2,0.0,1105.0,0.0,0.0,0.0,0.1,0.0,0.0,0.0,0.0,360,799593.6400000001,0.0,0.010000000000000002,0.0,89.42000000000002,0
0.4,0.0,0.0,0.0,0.0,107.1,18.4,776.9,900.1,False,True,False,False,False,True,False,True,False,0,0,0,107.1,0.0,18.4,0.0,776.9,0.0,900.1,0.0,0.0,0.0,0.4,0.0,0.0,0.0,0.0,340,603573.61,0.0,0.16000000000000003,0.0,310.76,1
0.3,0.0,0.0,0.0,0.0,65.2,102.3,716.3,801.7,False,True,False,False,True,False,False,False,True,0,0,0,65.2,0.0,102.3,0.0,716.3,0.0,801.7,0.0,0.0,0.0,0.3,0.0,0.0,0.0,0.0,346,513085.68999999994,0.0,0.09,0.0,214.89,1
40.0,6000.0,0.0,75.0,8.25,0.0,400.9,836.5,875.4,False,True,False,False,False,False,True,False,True,0,0,0,0.0,0.0,400.9,0.0,836.5,0.0,875.4,0.0,8.25,0.0,40.0,0.0,8250.0,0.0013749997708333715,75.0,337,699732.25,68.0625,1600.0,6901.125,33460.0,0
0.2,400.0,0.0,0.0,0.0,20.7,96.8,778.4,1142.3,False,True,False,False,False,False,True,True,False,0,0,0,20.7,0.0,96.8,0.0,778.4,0.0,1142.3,0.0,0.0,0.0,0.2,0.0,0.0,0.0,0.0,341,605906.5599999999,0.0,0.04000000000000001,0.0,155.68,1
54.0,4000.0,0.0,9.3,1.023,17.8,88.8,1307.7,1331.2,False,True,False,False,False,False,True,True,False,0,0,0,17.8,0.0,88.8,0.0,1307.7,0.0,1331.2,0.0,1.023,0.0,54.0,0.0,1022.9999999999999,0.00025574993606251596,9.3,349,1710079.29,1.0465289999999998,2916.0,1337.7771,70615.8,0
0.2,0.0,0.0,0.0,0.0,35.6,158.9,760.9,1227.0,False,True,False,True,False,False,False,False,True,0,0,0,35.6,0.0,158.9,0.0,760.9,0.0,1227.0,0.0,0.0,0.0,0.2,0.0,0.0,0.0,0.0,340,578968.8099999999,0.0,0.04000000000000001,0.0,152.18,1
1.0,0.0,0.0,0.0,0.0,97.1,244.9,731.8,900.1,True,False,False,False,False,True,False,True,False,1,0,0,0.0,97.1,0.0,244.9,0.0,731.8,0.0,900.1,0.0,0.0,0.0,1.0,0.0,0.0,0.0,362,535531.24,0.0,1.0,0.0,731.8,1
0.5,1250.0,25.0,0.0,11.5,137.7,187.5,746.8,1227.0,False,True,False,True,False,False,False,False,True,0,0,0,137.7,0.0,187.5,0.0,746.8,0.0,1227.0,0.0,11.5,0.0,0.5,0.0,0.45998160073597055,0.009199992640005887,0.0,316,557710.2399999999,132.25,0.25,8588.199999999999,373.4,1
0.2,0.0,0.0,0.0,0.0,65.2,102.3,716.3,801.7,True,False,False,False,True,False,False,False,True,1,0,0,0.0,65.2,0.0,102.3,0.0,716.3,0.0,801.7,0.0,0.0,0.0,0.2,0.0,0.0,0.0,346,513085.68999999994,0.0,0.04000000000000001,0.0,143.26,1
0.1,350.0,0.0,0.0,0.0,121.2,283.6,956.8,1331.4,False,True,True,False,False,False,False,False,True,0,0,1,121.2,0.0,283.6,0.0,956.8,0.0,1331.4,0.0,0.0,0.0,0.1,0.0,0.0,0.0,0.0,314,915466.2399999999,0.0,0.010000000000000002,0.0,95.68,0
0.2,0.0,0.0,0.0,0.0,124.6,34.4,927.4,1105.0,False,True,True,False,False,False,False,False,True,0,0,0,124.6,0.0,34.4,0.0,927.4,0.0,1105.0,0.0,0.0,0.0,0.2,0.0,0.0,0.0,0.0,344,860070.76,0.0,0.04000000000000001,0.0,185.48000000000002,0
0.0,80.0,0.0,0.0,0.0,98.1,164.3,842.0,1142.3,True,False,False,False,False,False,True,False,True,1,0,0,0.0,98.1,0.0,164.3,0.0,842.0,0.0,1142.3,0.0,0.0,0.0,0.0,0.0,0.0,0.0,2,708964.0,0.0,0.0,0.0,0.0,0
8.5,2955.1,0.0,0.0,0.0,14.7,230.6,1209.5,1320.5,False,True,False,True,False,False,False,False,True,0,0,0,14.7,0.0,230.6,0.0,1209.5,0.0,1320.5,0.0,0.0,0.0,8.5,0.0,0.0,0.0,0.0,344,1462890.25,0.0,72.25,0.0,10280.75,0
0.2,0.0,0.0,0.0,0.0,15.2,342.0,944.2,1331.4,True,False,True,False,False,False,False,False,True,1,0,1,0.0,15.2,0.0,342.0,0.0,944.2,0.0,1331.4,0.0,0.0,0.0,0.2,0.0,0.0,0.0,333,891513.6400000001,0.0,0.04000000000000001,0.0,188.84000000000003,0
7.0,2083.3,57.1,150.0,42.766,43.5,62.8,925.4,1108.4,True,False,False,False,True,False,False,False,True,1,1,1,0.0,43.5,0.0,62.8,0.0,925.4,0.0,1108.4,0.0,42.766,0.0,7.0,0.7489536085182396,0.02052799859453818,150.0,354,856365.1599999999,1828.9307559999997,49.0,39575.6564,6477.8,0
1.0,0.0,0.0,0.0,0.0,70.1,169.2,769.6,1227.0,False,True,False,True,False,False,False,False,True,0,0,0,70.1,0.0,169.2,0.0,769.6,0.0,1227.0,0.0,0.0,0.0,1.0,0.0,0.0,0.0,0.0,333,592284.16,0.0,1.0,0.0,769.6,1
20.0,1250.0,75.0,0.0,34.5,45.7,62.2,1211.8,1320.5,False,True,False,True,False,False,False,False,True,0,0,1,45.7,0.0,62.2,0.0,1211.8,0.0,1320.5,0.0,34.5,0.0,20.0,0.0,0.45999386674844334,0.027599977920017664,0.0,354,1468459.24,1190.25,400.0,41807.1,24236.0,0
0.6,9500.0,0.0,0.0,0.0,136.2,153.4,916.0,1331.4,False,True,True,False,False,False,False,False,True,0,0,1,136.2,0.0,153.4,0.0,916.0,0.0,1331.4,0.0,0.0,0.0,0.6,0.0,0.0,0.0,0.0,320,839056.0,0.0,0.36,0.0,549.6,0
7.5,3333.3,0.0,133.3,14.663,144.8,43.8,857.2,1062.2,False,True,True,False,False,False,False,False,True,0,0,0,144.8,0.0,43.8,0.0,857.2,0.0,1062.2,0.0,14.663,0.0,7.5,0.0,14663.0,0.004398942669743896,133.3,365,734791.8400000001,215.003569,56.25,12569.1236,6429.0,0
23.0,4347.8,65.2,0.0,29.992,117.7,33.3,692.8,844.8,False,True,False,True,False,False,False,False,True,0,0,0,117.7,0.0,33.3,0.0,692.8,0.0,844.8,0.0,29.992,0.0,23.0,0.0,0.4599929448934832,0.0068981998026128605,0.0,363,479971.8399999999,899.520064,529.0,20778.457599999998,15934.4,1
0.2,0.0,0.0,0.0,0.0,32.8,245.1,804.5,939.0,True,False,False,False,False,False,True,True,False,4,0,0,0.0,32.8,0.0,245.1,0.0,804.5,0.0,939.0,0.0,0.0,0.0,0.2,0.0,0.0,0.0,352,647220.25,0.0,0.04000000000000001,0.0,160.9,0
6.0,0.0,0.0,116.7,12.837,130.4,11.2,703.2,1062.2,False,True,True,False,False,False,False,False,True,0,0,0,130.4,0.0,11.2,0.0,703.2,0.0,1062.2,0.0,12.837,0.0,6.0,0.0,12837.0,12837.0,116.7,11,494490.24000000005,164.788569,36.0,9026.9784,4219.200000000001,1
0.1,0.0,0.0,0.0,0.0,172.2,151.3,754.0,939.0,True,False,False,False,False,False,True,False,True,3,0,0,0.0,172.2,0.0,151.3,0.0,754.0,0.0,939.0,0.0,0.0,0.0,0.1,0.0,0.0,0.0,3,568516.0,0.0,0.010000000000000002,0.0,75.4,1
0.4,0.0,0.0,0.0,0.0,28.5,162.3,839.3,1164.1,False,True,False,False,True,False,False,False,True,0,0,0,28.5,0.0,162.3,0.0,839.3,0.0,1164.1,0.0,0.0,0.0,0.4,0.0,0.0,0.0,0.0,340,704424.4899999999,0.0,0.16000000000000003,0.0,335.72,0
7.6,0.0,0.0,0.0,0.0,117.7,33.3,692.8,844.8,False,True,False,True,False,False,False,False,True,0,0,0,117.7,0.0,33.3,0.0,692.8,0.0,844.8,0.0,0.0,0.0,7.6,0.0,0.0,0.0,0.0,363,479971.8399999999,0.0,57.76,0.0,5265.28,1
3.0,0.0,0.0,0.0,0.0,70.0,49.4,788.2,806.1,True,False,False,False,True,False,False,False,True,1,1,0,0.0,70.0,0.0,49.4,0.0,788.2,0.0,806.1,0.0,0.0,0.0,3.0,0.0,0.0,0.0,355,621259.2400000001,0.0,9.0,0.0,2364.6000000000004,1
0.1,350.0,2.0,20.0,3.12,140.4,279.6,944.4,1331.4,True,False,True,False,False,False,False,False,True,3,0,1,0.0,140.4,0.0,279.6,0.0,944.4,0.0,1331.4,0.0,3.12,0.0,0.1,1.5592203898050976,0.00891426024497073,20.0,315,891891.36,9.7344,0.010000000000000002,2946.5280000000002,94.44,0
50.3,0.0,0.0,19.9,2.189,0.0,393.7,1308.7,1331.2,False,True,False,False,False,False,True,False,True,0,0,0,0.0,0.0,393.7,0.0,1308.7,0.0,1331.2,0.0,2.189,0.0,50.3,0.0,2189.0,2189.0,19.9,334,1712695.6900000002,4.791721,2530.0899999999997,2864.7443000000003,65827.61,0
0.5,1750.0,0.0,0.0,0.0,159.8,139.0,702.3,1227.0,False,True,False,True,False,False,False,False,True,0,0,0,159.8,0.0,139.0,0.0,702.3,0.0,1227.0,0.0,0.0,0.0,0.5,0.0,0.0,0.0,0.0,319,493225.2899999999,0.0,0.25,0.0,351.15,1
13.0,0.0,0.0,0.0,0.0,88.9,1.6,665.5,844.8,False,True,False,True,False,False,False,False,True,0,0,0,88.9,0.0,1.6,0.0,665.5,0.0,844.8,0.0,0.0,0.0,13.0,0.0,0.0,0.0,0.0,2,442890.25,0.0,169.0,0.0,8651.5,1
0.1,0.0,0.0,0.0,0.0,63.4,139.4,925.2,1105.0,False,True,True,False,False,False,False,False,True,0,0,0,63.4,0.0,139.4,0.0,925.2,0.0,1105.0,0.0,0.0,0.0,0.1,0.0,0.0,0.0,0.0,348,855995.04,0.0,0.010000000000000002,0.0,92.52000000000001,0
7.0,4166.7,57.1,0.0,26.266,73.0,115.3,910.4,1108.4,True,False,False,False,True,False,False,False,True,2,1,0,0.0,73.0,0.0,115.3,0.0,910.4,0.0,1108.4,0.0,26.266,0.0,7.0,0.45999194409905253,0.006303788056786412,0.0,333,828828.1599999999,689.902756,49.0,23912.566399999996,6372.8,0
20.2,5198.0,0.0,0.0,0.0,20.1,223.0,1176.5,1320.5,False,True,False,True,False,False,False,False,True,0,0,0,20.1,0.0,223.0,0.0,1176.5,0.0,1320.5,0.0,0.0,0.0,20.2,0.0,0.0,0.0,0.0,337,1384152.25,0.0,408.03999999999996,0.0,23765.3,0
0.0,0.0,0.0,0.0,0.0,153.6,257.2,925.0,1331.4,True,False,True,False,False,False,False,False,True,2,0,1,0.0,153.6,0.0,257.2,0.0,925.0,0.0,1331.4,0.0,0.0,0.0,0.0,0.0,0.0,0.0,316,855625.0,0.0,0.0,0.0,0.0,0
40.0,5000.0,25.0,42.5,16.175,12.5,340.9,836.5,875.4,True,False,False,False,False,False,True,False,True,2,0,0,0.0,12.5,0.0,340.9,0.0,836.5,0.0,875.4,0.0,16.175,0.0,40.0,0.6469741210351586,0.0032349993530001292,42.5,346,699732.25,261.630625,1600.0,13530.3875,33460.0,0
0.1,200.0,0.0,0.0,0.0,135.0,143.8,915.0,1331.4,True,False,True,False,False,False,False,False,True,2,0,1,0.0,135.0,0.0,143.8,0.0,915.0,0.0,1331.4,0.0,0.0,0.0,0.1,0.0,0.0,0.0,319,837225.0,0.0,0.010000000000000002,0.0,91.5,0
18.7,3044.9,0.0,0.0,0.0,40.2,15.1,682.9,875.4,True,False,False,False,False,False,True,False,True,2,0,0,0.0,40.2,0.0,15.1,0.0,682.9,0.0,875.4,0.0,0.0,0.0,18.7,0.0,0.0,0.0,12,466352.41,0.0,349.69,0.0,12770.23,1
9.0,0.0,55.6,0.0,25.576,2.2,230.8,1013.8,1062.2,True,False,True,False,False,False,False,False,True,1,1,1,0.0,2.2,0.0,230.8,0.0,1013.8,0.0,1062.2,0.0,25.576,0.0,9.0,0.4599917267675042,25576.0,0.0,334,1027790.44,654.1317760000001,81.0,25928.9488,9124.199999999999,0
16.5,1519.8,0.0,0.0,0.0,79.6,15.1,714.2,875.4,False,True,False,False,False,False,True,True,False,0,0,0,79.6,0.0,15.1,0.0,714.2,0.0,875.4,0.0,0.0,0.0,16.5,0.0,0.0,0.0,0.0,4,510081.6400000001,0.0,272.25,0.0,11784.300000000001,1
13.0,0.0,0.0,0.0,0.0,289.2,27.0,1002.8,1320.5,True,False,False,True,False,False,False,False,True,1,0,0,0.0,289.2,0.0,27.0,0.0,1002.8,0.0,1320.5,0.0,0.0,0.0,13.0,0.0,0.0,0.0,11,1005607.8399999999,0.0,169.0,0.0,13036.4,0
0.1,0.0,0.0,0.0,0.0,32.3,112.5,946.0,1089.9,True,False,False,True,False,False,False,False,True,2,0,0,0.0,32.3,0.0,112.5,0.0,946.0,0.0,1089.9,0.0,0.0,0.0,0.1,0.0,0.0,0.0,348,894916.0,0.0,0.010000000000000002,0.0,94.60000000000001,0
0.1,0.0,0.0,0.0,0.0,15.2,342.0,944.2,1331.4,True,False,True,False,False,False,False,False,True,2,0,1,0.0,15.2,0.0,342.0,0.0,944.2,0.0,1331.4,0.0,0.0,0.0,0.1,0.0,0.0,0.0,333,891513.6400000001,0.0,0.010000000000000002,0.0,94.42000000000002,0
13.0,4615.4,0.0,0.0,0.0,144.8,43.8,857.2,1062.2,True,False,True,False,False,False,False,False,True,1,1,1,0.0,144.8,0.0,43.8,0.0,857.2,0.0,1062.2,0.0,0.0,0.0,13.0,0.0,0.0,0.0,365,734791.8400000001,0.0,169.0,0.0,11143.6,0
10.0,3009.0,50.2,75.2,31.364,198.2,43.4,934.2,1062.2,True,False,True,False,False,False,False,False,True,3,0,0,0.0,198.2,0.0,43.4,0.0,934.2,0.0,1062.2,0.0,31.364,0.0,10.0,0.6247684309077508,0.01042339301316284,75.2,358,872729.6400000001,983.700496,100.0,29300.2488,9342.0,0
0.1,0.0,0.0,0.0,0.0,102.8,4.2,1046.2,1105.0,True,False,True,False,False,False,False,False,True,3,0,0,0.0,102.8,0.0,4.2,0.0,1046.2,0.0,1105.0,0.0,0.0,0.0,0.1,0.0,0.0,0.0,333,1094534.4400000002,0.0,0.010000000000000002,0.0,104.62,0
10.0,3333.3,100.0,0.0,46.0,138.0,98.4,912.4,1108.4,True,False,False,False,True,False,False,False,True,2,1,0,0.0,138.0,0.0,98.4,0.0,912.4,0.0,1108.4,0.0,46.0,0.0,10.0,0.45999540004599954,0.013800133861298454,0.0,329,832473.76,2116.0,100.0,41970.4,9124.0,0
0.3,0.0,0.0,0.0,0.0,36.4,309.6,894.4,1105.0,False,True,True,False,False,False,False,False,True,0,0,0,36.4,0.0,309.6,0.0,894.4,0.0,1105.0,0.0,0.0,0.0,0.3,0.0,0.0,0.0,0.0,362,799951.36,0.0,0.09,0.0,268.32,0
8.0,1500.0,0.0,0.0,0.0,115.5,54.3,824.0,875.4,True,False,False,False,False,False,True,True,False,1,0,0,0.0,115.5,0.0,54.3,0.0,824.0,0.0,875.4,0.0,0.0,0.0,8.0,0.0,0.0,0.0,356,678976.0,0.0,64.0,0.0,6592.0,0
0.0,0.0,0.0,0.0,0.0,95.2,283.0,962.6,1331.4,False,True,True,False,False,False,False,False,True,0,0,0,95.2,0.0,283.0,0.0,962.6,0.0,1331.4,0.0,0.0,0.0,0.0,0.0,0.0,0.0,0.0,312,926598.76,0.0,0.0,0.0,0.0,0
7.3,0.0,0.0,0.0,0.0,144.8,43.8,857.2,1062.2,False,True,True,False,False,False,False,False,True,0,1,1,144.8,0.0,43.8,0.0,857.2,0.0,1062.2,0.0,0.0,0.0,7.3,0.0,0.0,0.0,0.0,365,734791.8400000001,0.0,53.29,0.0,6257.56,0
0.3,0.0,0.0,0.0,0.0,123.8,137.2,746.9,1227.0,False,True,False,True,False,False,False,False,True,0,0,0,123.8,0.0,137.2,0.0,746.9,0.0,1227.0,0.0,0.0,0.0,0.3,0.0,0.0,0.0,0.0,328,557859.61,0.0,0.09,0.0,224.07,1
6.0,1666.7,100.0,0.0,46.0,66.6,294.1,1245.5,1331.2,False,True,False,False,False,False,True,True,False,0,0,0,66.6,0.0,294.1,0.0,1245.5,0.0,1331.2,0.0,46.0,0.0,6.0,0.0,0.45999540004599954,0.027599431451712095,0.0,2,1551270.25,2116.0,36.0,57293.0,7473.0,0
12.5,0.0,40.0,0.0,18.4,66.6,173.4,1106.3,1288.7,False,True,True,False,False,False,False,False,True,0,1,0,66.6,0.0,173.4,0.0,1106.3,0.0,1288.7,0.0,18.4,0.0,12.5,0.0,0.45998850028749283,18400.0,0.0,336,1223899.69,338.55999999999995,156.25,20355.92,13828.75,0
6.6,2272.7,0.0,121.2,13.332,169.0,40.6,926.6,1062.2,False,True,True,False,False,False,False,False,True,0,0,1,169.0,0.0,40.6,0.0,926.6,0.0,1062.2,0.0,13.332,0.0,6.6,0.0,13332.0,0.005866147812668715,121.2,362,858587.56,177.74222400000002,43.559999999999995,12353.4312,6115.5599999999995,0
0.2,0.0,0.0,0.0,0.0,77.6,67.4,960.4,1089.9,False,True,False,True,False,False,False,False,True,0,0,0,77.6,0.0,67.4,0.0,960.4,0.0,1089.9,0.0,0.0,0.0,0.2,0.0,0.0,0.0,0.0,341,922368.1599999999,0.0,0.04000000000000001,0.0,192.08,0
0.2,0.0,0.0,0.0,0.0,53.2,335.2,928.0,1331.4,True,False,True,False,False,False,False,False,True,2,0,1,0.0,53.2,0.0,335.2,0.0,928.0,0.0,1331.4,0.0,0.0,0.0,0.2,0.0,0.0,0.0,329,861184.0,0.0,0.04000000000000001,0.0,185.60000000000002,0
8.0,3225.8,0.0,0.0,0.0,124.4,189.0,1106.9,1288.7,True,False,True,False,False,False,False,True,False,1,0,0,0.0,124.4,0.0,189.0,0.0,1106.9,0.0,1288.7,0.0,0.0,0.0,8.0,0.0,0.0,0.0,332,1225227.61,0.0,64.0,0.0,8855.2,0
10.0,3000.0,0.0,0.0,0.0,144.8,43.8,857.2,1062.2,False,True,True,False,False,False,False,False,True,0,0,0,144.8,0.0,43.8,0.0,857.2,0.0,1062.2,0.0,0.0,0.0,10.0,0.0,0.0,0.0,0.0,365,734791.8400000001,0.0,100.0,0.0,8572.0,0
4.0,0.0,62.5,25.0,31.5,140.0,32.2,722.12,844.8,False,True,False,True,False,False,False,False,True,0,0,0,140.0,0.0,32.2,0.0,722.12,0.0,844.8,0.0,31.5,0.0,4.0,0.0,0.5039919361290219,31500.0,25.0,360,521457.2944,992.25,16.0,22746.78,2888.48,1
0.2,500.0,0.0,0.0,0.0,79.2,91.2,932.6,1331.4,False,True,True,False,False,False,False,False,True,0,0,1,79.2,0.0,91.2,0.0,932.6,0.0,1331.4,0.0,0.0,0.0,0.2,0.0,0.0,0.0,0.0,325,869742.76,0.0,0.04000000000000001,0.0,186.52,0
0.1,0.0,0.0,0.0,0.0,36.4,309.6,894.4,1105.0,False,True,True,False,False,False,False,False,True,0,0,0,36.4,0.0,309.6,0.0,894.4,0.0,1105.0,0.0,0.0,0.0,0.1,0.0,0.0,0.0,0.0,362,799951.36,0.0,0.010000000000000002,0.0,89.44,0
4.5,0.0,0.0,0.0,0.0,316.4,3.6,612.8,1062.2,True,False,True,False,False,False,False,False,True,2,1,1,0.0,316.4,0.0,3.6,0.0,612.8,0.0,1062.2,0.0,0.0,0.0,4.5,0.0,0.0,0.0,26,375523.83999999997,0.0,20.25,0.0,2757.6,1
0.3,0.0,0.0,0.0,0.0,83.5,6.5,718.8,801.7,False,True,False,False,True,False,False,False,True,0,0,0,83.5,0.0,6.5,0.0,718.8,0.0,801.7,0.0,0.0,0.0,0.3,0.0,0.0,0.0,0.0,344,516673.43999999994,0.0,0.09,0.0,215.64,1
0.1,0.0,0.0,0.0,0.0,16.6,377.0,896.2,1105.0,True,False,True,False,False,False,False,False,True,4,0,0,0.0,16.6,0.0,377.0,0.0,896.2,0.0,1105.0,0.0,0.0,0.0,0.1,0.0,0.0,0.0,356,803174.4400000001,0.0,0.010000000000000002,0.0,89.62,0
2.0,7500.0,0.0,0.0,0.0,162.6,45.0,870.8,1062.2,False,True,True,False,False,False,False,False,True,0,0,0,162.6,0.0,45.0,0.0,870.8,0.0,1062.2,0.0,0.0,0.0,2.0,0.0,0.0,0.0,0.0,363,758292.6399999999,0.0,4.0,0.0,1741.6,0
0.6,2000.0,25.0,25.7,14.327,50.0,107.2,709.6,1142.3,True,False,False,False,False,False,True,True,False,4,0,0,0.0,50.0,0.0,107.2,0.0,709.6,0.0,1142.3,0.0,14.327,0.0,0.6,0.5730570777168913,0.007163496418251791,25.7,330,503532.16000000003,205.26292899999999,0.36,10166.4392,425.76,1
0.3,7200.0,0.0,0.0,0.0,78.3,55.4,848.7,939.0,True,False,False,False,False,False,True,True,False,4,1,1,0.0,78.3,0.0,55.4,0.0,848.7,0.0,939.0,0.0,0.0,0.0,0.3,0.0,0.0,0.0,341,720291.6900000001,0.0,0.09,0.0,254.61,0
0.1,350.0,0.0,10.0,1.1,79.2,218.6,932.6,1331.4,True,False,True,False,False,False,False,False,True,4,0,1,0.0,79.2,0.0,218.6,0.0,932.6,0.0,1331.4,0.0,1.1,0.0,0.1,1100.0,0.0031428481632909625,10.0,327,869742.76,1.2100000000000002,0.010000000000000002,1025.8600000000001,93.26,0
7.0,3571.4,71.4,0.0,32.844,44.7,6.0,1307.7,1331.2,False,True,False,False,False,False,True,True,False,0,0,0,44.7,0.0,6.0,0.0,1307.7,0.0,1331.2,0.0,32.844,0.0,7.0,0.0,0.45999355751320004,0.00919639099613849,0.0,355,1710079.29,1078.7283360000001,49.0,42950.0988,9153.9,0
5.0,5000.0,40.0,80.0,27.2,111.0,82.0,824.0,875.4,False,True,False,False,False,False,True,True,False,0,0,0,111.0,0.0,82.0,0.0,824.0,0.0,875.4,0.0,27.2,0.0,5.0,0.0,0.6799830004249894,0.005439998912000217,80.0,355,678976.0,739.8399999999999,25.0,22412.8,4120.0,0
0.1,0.0,0.0,0.0,0.0,40.6,330.6,950.6,1331.4,False,True,True,False,False,False,False,False,True,0,0,0,40.6,0.0,330.6,0.0,950.6,0.0,1331.4,0.0,0.0,0.0,0.1,0.0,0.0,0.0,0.0,337,903640.36,0.0,0.010000000000000002,0.0,95.06,0
0.1,0.0,0.0,0.0,0.0,17.6,160.8,998.8,1105.0,True,False,True,False,False,False,False,False,True,2,0,0,0.0,17.6,0.0,160.8,0.0,998.8,0.0,1105.0,0.0,0.0,0.0,0.1,0.0,0.0,0.0,320,997601.44,0.0,0.010000000000000002,0.0,99.88,0
7.0,0.0,0.0,0.0,0.0,144.8,43.8,857.2,1062.2,False,True,True,False,False,False,False,False,True,0,0,1,144.8,0.0,43.8,0.0,857.2,0.0,1062.2,0.0,0.0,0.0,7.0,0.0,0.0,0.0,0.0,365,734791.8400000001,0.0,49.0,0.0,6000.400000000001,0
0.3,0.0,0.0,0.0,0.0,84.4,63.5,973.3,1089.9,True,False,False,True,False,False,False,False,True,3,1,1,0.0,84.4,0.0,63.5,0.0,973.3,0.0,1089.9,0.0,0.0,0.0,0.3,0.0,0.0,0.0,339,947312.8899999999,0.0,0.09,0.0,291.98999999999995,0
40.0,3500.0,0.0,50.0,5.5,91.5,24.5,804.0,948.0,False,True,False,False,False,True,False,True,False,0,0,0,91.5,0.0,24.5,0.0,804.0,0.0,948.0,0.0,5.5,0.0,40.0,0.0,5500.0,0.0015714281224491079,50.0,363,646416.0,30.25,1600.0,4422.0,32160.0,0
0.5,0.0,0.0,0.0,0.0,123.8,139.7,785.9,1227.0,False,True,False,True,False,False,False,False,True,0,0,0,123.8,0.0,139.7,0.0,785.9,0.0,1227.0,0.0,0.0,0.0,0.5,0.0,0.0,0.0,0.0,327,617638.8099999999,0.0,0.25,0.0,392.95,1
25.0,3000.0,60.0,0.0,27.6,171.7,30.6,718.2,806.1,False,True,False,False,True,False,False,False,True,0,1,1,171.7,0.0,30.6,0.0,718.2,0.0,806.1,0.0,27.6,0.0,25.0,0.0,0.459992333461109,0.009199996933334356,0.0,361,515811.24000000005,761.7600000000001,625.0,19822.320000000003,17955.0,1
0.2,0.0,0.0,0.0,0.0,81.6,19.5,1015.9,1089.9,True,False,False,True,False,False,False,False,True,2,0,0,0.0,81.6,0.0,19.5,0.0,1015.9,0.0,1089.9,0.0,0.0,0.0,0.2,0.0,0.0,0.0,334,1032052.8099999999,0.0,0.04000000000000001,0.0,203.18,0
0.1,250.0,0.0,0.0,0.0,76.4,38.6,906.0,1331.4,False,True,True,False,False,False,False,False,True,0,0,1,76.4,0.0,38.6,0.0,906.0,0.0,1331.4,0.0,0.0,0.0,0.1,0.0,0.0,0.0,0.0,324,820836.0,0.0,0.010000000000000002,0.0,90.60000000000001,0
0.2,0.0,0.0,0.0,0.0,36.4,309.6,894.4,1105.0,False,True,True,False,False,False,False,False,True,0,0,0,36.4,0.0,309.6,0.0,894.4,0.0,1105.0,0.0,0.0,0.0,0.2,0.0,0.0,0.0,0.0,362,799951.36,0.0,0.04000000000000001,0.0,178.88,0
0.1,0.0,0.0,0.0,0.0,174.8,343.9,927.6,1089.9,True,False,False,True,False,False,False,False,True,2,0,0,0.0,174.8,0.0,343.9,0.0,927.6,0.0,1089.9,0.0,0.0,0.0,0.1,0.0,0.0,0.0,365,860441.76,0.0,0.010000000000000002,0.0,92.76,0
0.8,0.0,0.0,0.0,0.0,43.6,51.2,896.8,1164.1,False,True,False,False,True,False,False,True,False,0,0,0,43.6,0.0,51.2,0.0,896.8,0.0,1164.1,0.0,0.0,0.0,0.8,0.0,0.0,0.0,0.0,362,804250.2399999999,0.0,0.6400000000000001,0.0,717.44,0
12.0,1666.7,41.7,83.3,28.345,66.7,280.0,1263.0,1331.2,True,False,False,False,False,False,True,False,True,1,0,0,0.0,66.7,0.0,280.0,0.0,1263.0,0.0,1331.2,0.0,28.345,0.0,12.0,0.6797199107935061,0.017006649663016942,83.3,362,1595169.0,803.4390249999999,144.0,35799.735,15156.0,0
0.5,0.0,0.0,0.0,0.0,9.0,202.6,829.8,1164.1,False,True,False,False,True,False,False,False,True,0,0,0,9.0,0.0,202.6,0.0,829.8,0.0,1164.1,0.0,0.0,0.0,0.5,0.0,0.0,0.0,0.0,335,688568.0399999999,0.0,0.25,0.0,414.9,0
0.1,350.0,0.0,0.0,0.0,153.6,257.2,925.0,1331.4,True,False,True,False,False,False,False,False,True,2,0,1,0.0,153.6,0.0,257.2,0.0,925.0,0.0,1331.4,0.0,0.0,0.0,0.1,0.0,0.0,0.0,316,855625.0,0.0,0.010000000000000002,0.0,92.5,0
6.0,4166.7,49.9,199.7,44.921,28.4,137.6,1136.7,1288.7,True,False,True,False,False,False,False,False,True,1,0,0,0.0,28.4,0.0,137.6,0.0,1136.7,0.0,1288.7,0.0,44.921,0.0,6.0,0.900202400753492,0.0107809511649624,199.7,344,1292086.8900000001,2017.896241,36.0,51061.7007,6820.200000000001,0
0.1,0.0,0.0,0.0,0.0,45.2,15.4,1010.8,1331.4,True,False,True,False,False,False,False,False,True,2,0,1,0.0,45.2,0.0,15.4,0.0,1010.8,0.0,1331.4,0.0,0.0,0.0,0.1,0.0,0.0,0.0,347,1021716.6399999999,0.0,0.010000000000000002,0.0,101.08,0
29.9,0.0,66.9,0.0,30.774,145.9,0.0,616.5,806.1,True,False,False,False,True,False,False,False,True,1,1,1,0.0,145.9,0.0,0.0,0.0,616.5,0.0,806.1,0.0,30.774,0.0,29.9,0.4599931241685475,30774.0,0.0,4,380072.25,947.039076,894.0099999999999,18972.171000000002,18433.35,1
0.5,0.0,0.0,0.0,0.0,38.5,166.9,757.9,1227.0,False,True,False,True,False,False,False,False,True,0,0,0,38.5,0.0,166.9,0.0,757.9,0.0,1227.0,0.0,0.0,0.0,0.5,0.0,0.0,0.0,0.0,339,574412.4099999999,0.0,0.25,0.0,378.95,1
0.5,0.0,0.0,0.0,0.0,14.4,197.2,955.0,1105.0,True,False,True,False,False,False,False,False,True,4,1,1,0.0,14.4,0.0,197.2,0.0,955.0,0.0,1105.0,0.0,0.0,0.0,0.5,0.0,0.0,0.0,314,912025.0,0.0,0.25,0.0,477.5,0
0.1,0.0,3.0,0.0,1.38,18.9,0.7,913.7,1164.1,False,True,False,False,True,False,False,False,True,0,0,1,18.9,0.0,0.7,0.0,913.7,0.0,1164.1,0.0,1.38,0.0,0.1,0.0,0.4598467177607464,1379.9999999999998,0.0,353,834847.6900000001,1.9043999999999996,0.010000000000000002,1260.906,91.37,0
10.0,4166.7,0.0,0.0,0.0,29.6,181.4,1143.3,1288.7,False,True,True,False,False,False,False,False,True,0,0,0,29.6,0.0,181.4,0.0,1143.3,0.0,1288.7,0.0,0.0,0.0,10.0,0.0,0.0,0.0,0.0,339,1307134.89,0.0,100.0,0.0,11433.0,0
0.1,0.0,0.0,0.0,0.0,9.4,366.2,896.2,1105.0,False,True,True,False,False,False,False,False,True,0,0,0,9.4,0.0,366.2,0.0,896.2,0.0,1105.0,0.0,0.0,0.0,0.1,0.0,0.0,0.0,0.0,357,803174.4400000001,0.0,0.010000000000000002,0.0,89.62,0
0.2,0.0,0.0,0.0,0.0,66.8,43.7,861.2,939.0,False,True,False,False,False,False,True,True,False,0,0,0,66.8,0.0,43.7,0.0,861.2,0.0,939.0,0.0,0.0,0.0,0.2,0.0,0.0,0.0,0.0,340,741665.4400000001,0.0,0.04000000000000001,0.0,172.24,0
5.0,0.0,0.0,60.0,6.6,146.4,44.0,868.8,1062.2,False,True,True,False,False,False,False,True,False,0,0,0,146.4,0.0,44.0,0.0,868.8,0.0,1062.2,0.0,6.6,0.0,5.0,0.0,6599.999999999999,6599.999999999999,60.0,364,754813.44,43.559999999999995,25.0,5734.079999999999,4344.0,0
0.2,0.0,0.0,0.0,0.0,4.2,172.8,908.0,1105.0,True,False,True,False,False,False,False,False,True,4,1,0,0.0,4.2,0.0,172.8,0.0,908.0,0.0,1105.0,0.0,0.0,0.0,0.2,0.0,0.0,0.0,313,824464.0,0.0,0.04000000000000001,0.0,181.60000000000002,0
15.0,0.0,33.3,0.0,15.318,167.6,41.8,926.6,1062.2,False,True,True,False,False,False,False,False,True,0,0,0,167.6,0.0,41.8,0.0,926.6,0.0,1062.2,0.0,15.318,0.0,15.0,0.0,0.45998618660100304,15318.0,0.0,361,858587.56,234.641124,225.0,14193.6588,13899.0,0
0.2,0.0,0.0,0.0,0.0,90.0,34.4,928.6,1105.0,False,True,True,False,False,False,False,False,True,0,0,0,90.0,0.0,34.4,0.0,928.6,0.0,1105.0,0.0,0.0,0.0,0.2,0.0,0.0,0.0,0.0,345,862297.9600000001,0.0,0.04000000000000001,0.0,185.72000000000003,0
0.1,600.0,6.0,0.0,2.76,31.7,125.2,773.4,1142.3,True,False,False,False,False,False,True,True,False,3,0,0,0.0,31.7,0.0,125.2,0.0,773.4,0.0,1142.3,0.0,2.76,0.0,0.1,0.4599233461089818,0.004599992333346111,0.0,339,598147.5599999999,7.617599999999999,0.010000000000000002,2134.584,77.34,1
32.0,0.0,46.9,0.0,21.574,28.4,137.6,1136.7,1288.7,True,False,True,False,False,False,False,False,True,2,1,0,0.0,28.4,0.0,137.6,0.0,1136.7,0.0,1288.7,0.0,21.574,0.0,32.0,0.45999019210677816,21574.0,0.0,344,1292086.8900000001,465.43747600000006,1024.0,24523.165800000002,36374.4,0
0.2,0.0,0.0,0.0,0.0,84.4,63.5,973.3,1089.9,False,True,False,True,False,False,False,False,True,0,0,0,84.4,0.0,63.5,0.0,973.3,0.0,1089.9,0.0,0.0,0.0,0.2,0.0,0.0,0.0,0.0,339,947312.8899999999,0.0,0.04000000000000001,0.0,194.66,0
0.5,0.0,0.0,0.0,0.0,20.4,202.7,929.1,1089.9,False,True,False,True,False,False,False,False,True,0,0,0,20.4,0.0,202.7,0.0,929.1,0.0,1089.9,0.0,0.0,0.0,0.5,0.0,0.0,0.0,0.0,354,863226.81,0.0,0.25,0.0,464.55,0
0.5,0.0,0.0,0.0,0.0,77.6,67.4,960.4,1089.9,False,True,False,True,False,False,False,False,True,0,1,1,77.6,0.0,67.4,0.0,960.4,0.0,1089.9,0.0,0.0,0.0,0.5,0.0,0.0,0.0,0.0,341,922368.1599999999,0.0,0.25,0.0,480.2,0
7.5,1666.7,66.7,133.3,45.345,0.0,367.5,1308.7,1331.2,True,False,False,False,False,False,True,True,False,1,0,0,0.0,0.0,0.0,367.5,0.0,1308.7,0.0,1331.2,0.0,45.345,0.0,7.5,0.6798248901815565,0.027206439547345324,133.3,329,1712695.6900000002,2056.1690249999997,56.25,59343.0015,9815.25,0
0.2,1000.0,0.0,0.0,0.0,30.6,106.8,728.2,1142.3,False,True,False,False,False,False,True,True,False,0,0,0,30.6,0.0,106.8,0.0,728.2,0.0,1142.3,0.0,0.0,0.0,0.2,0.0,0.0,0.0,0.0,333,530275.2400000001,0.0,0.04000000000000001,0.0,145.64000000000001,1
22.5,0.0,0.0,0.0,0.0,96.0,73.4,990.6,1062.2,True,False,True,False,False,False,False,False,True,1,1,1,0.0,96.0,0.0,73.4,0.0,990.6,0.0,1062.2,0.0,0.0,0.0,22.5,0.0,0.0,0.0,353,981288.3600000001,0.0,506.25,0.0,22288.5,0
0.2,0.0,0.0,0.0,0.0,32.1,350.1,927.6,1089.9,False,True,False,True,False,False,False,False,True,0,0,0,32.1,0.0,350.1,0.0,927.6,0.0,1089.9,0.0,0.0,0.0,0.2,0.0,0.0,0.0,0.0,359,860441.76,0.0,0.04000000000000001,0.0,185.52,0
0.1,0.0,0.0,0.0,0.0,144.6,13.8,928.4,1105.0,True,False,True,False,False,False,False,False,True,1,0,0,0.0,144.6,0.0,13.8,0.0,928.4,0.0,1105.0,0.0,0.0,0.0,0.1,0.0,0.0,0.0,343,861926.5599999999,0.0,0.010000000000000002,0.0,92.84,0
0.3,0.0,0.0,0.0,0.0,44.4,8.7,911.7,1164.1,False,True,False,False,True,False,False,False,True,0,0,0,44.4,0.0,8.7,0.0,911.7,0.0,1164.1,0.0,0.0,0.0,0.3,0.0,0.0,0.0,0.0,349,831196.8900000001,0.0,0.09,0.0,273.51,0
0.2,0.0,0.0,0.0,0.0,45.7,357.1,804.5,939.0,True,False,False,False,False,False,True,True,False,2,0,0,0.0,45.7,0.0,357.1,0.0,804.5,0.0,939.0,0.0,0.0,0.0,0.2,0.0,0.0,0.0,355,647220.25,0.0,0.04000000000000001,0.0,160.9,0
0.2,350.0,0.0,0.0,0.0,37.0,22.6,1036.6,1331.4,False,True,True,False,False,False,False,False,True,0,0,0,37.0,0.0,22.6,0.0,1036.6,0.0,1331.4,0.0,0.0,0.0,0.2,0.0,0.0,0.0,0.0,344,1074539.5599999998,0.0,0.04000000000000001,0.0,207.32,0
6.3,3174.6,0.0,0.0,0.0,91.6,71.4,1021.0,1062.2,True,False,True,False,False,False,False,False,True,3,0,1,0.0,91.6,0.0,71.4,0.0,1021.0,0.0,1062.2,0.0,0.0,0.0,6.3,0.0,0.0,0.0,351,1042441.0,0.0,39.69,0.0,6432.3,0
45.0,2083.3,0.0,0.0,0.0,138.0,119.9,958.9,1108.4,True,False,False,False,True,False,False,False,True,1,0,0,0.0,138.0,0.0,119.9,0.0,958.9,0.0,1108.4,0.0,0.0,0.0,45.0,0.0,0.0,0.0,327,919489.21,0.0,2025.0,0.0,43150.5,0
0.2,0.0,0.0,0.0,0.0,131.2,4.2,1040.6,1105.0,True,False,True,False,False,False,False,False,True,4,1,0,0.0,131.2,0.0,4.2,0.0,1040.6,0.0,1105.0,0.0,0.0,0.0,0.2,0.0,0.0,0.0,335,1082848.3599999999,0.0,0.04000000000000001,0.0,208.12,0
0.1,0.0,0.0,0.0,0.0,83.1,67.4,956.7,1089.9,True,False,False,True,False,False,False,False,True,1,1,1,0.0,83.1,0.0,67.4,0.0,956.7,0.0,1089.9,0.0,0.0,0.0,0.1,0.0,0.0,0.0,342,915274.8900000001,0.0,0.010000000000000002,0.0,95.67000000000002,0
10.0,2507.5,0.0,50.2,5.522,109.8,52.5,755.0,875.4,True,False,False,False,False,False,True,True,False,1,0,0,0.0,109.8,0.0,52.5,0.0,755.0,0.0,875.4,0.0,5.522,0.0,10.0,5522.0,0.002202192541498488,50.2,362,570025.0,30.492484,100.0,4169.110000000001,7550.0,1
0.6,1000.0,55.0,20.0,27.5,34.5,210.6,839.3,1164.1,False,True,False,False,True,False,False,False,True,0,0,0,34.5,0.0,210.6,0.0,839.3,0.0,1164.1,0.0,27.5,0.0,0.6,0.0,0.4999909092561954,0.0274999725000275,20.0,338,704424.4899999999,756.25,0.36,23080.75,503.5799999999999,0
6.0,6250.0,83.3,100.0,49.318,17.8,130.2,1312.5,1331.2,False,True,False,False,False,False,True,True,False,0,0,0,17.8,0.0,130.2,0.0,1312.5,0.0,1331.2,0.0,49.318,0.0,6.0,0.0,0.5920457137369299,0.007890878737459401,100.0,346,1722656.25,2432.2651239999996,36.0,64729.875,7875.0,0
0.1,0.0,0.0,0.0,0.0,90.0,34.4,928.6,1105.0,False,True,True,False,False,False,False,False,True,0,0,0,90.0,0.0,34.4,0.0,928.6,0.0,1105.0,0.0,0.0,0.0,0.1,0.0,0.0,0.0,0.0,345,862297.9600000001,0.0,0.010000000000000002,0.0,92.86000000000001,0
100.0,3571.4,45.0,0.0,20.7,47.5,65.0,881.9,1108.4,False,True,False,False,True,False,False,False,True,0,1,0,47.5,0.0,65.0,0.0,881.9,0.0,1108.4,0.0,20.7,0.0,100.0,0.0,0.45998977800493324,0.005796044745465434,0.0,361,777747.61,428.48999999999995,10000.0,18255.329999999998,88190.0,0
7.0,3581.7,57.3,114.6,38.964,86.9,1.2,665.5,844.8,False,True,False,True,False,False,False,False,True,0,0,0,86.9,0.0,1.2,0.0,665.5,0.0,844.8,0.0,38.964,0.0,7.0,0.0,0.6799881328423588,0.01087863001406315,114.6,3,442890.25,1518.193296,49.0,25930.541999999998,4658.5,1
0.3,0.0,10.0,0.0,4.6,15.2,342.0,944.2,1331.4,False,True,True,False,False,False,False,False,True,0,0,0,15.2,0.0,342.0,0.0,944.2,0.0,1331.4,0.0,4.6,0.0,0.3,0.0,0.45995400459954006,4600.0,0.0,333,891513.6400000001,21.159999999999997,0.09,4343.32,283.26,0
6.2,3225.8,32.3,80.6,23.724,80.1,15.1,714.2,875.4,True,False,False,False,False,False,True,True,False,2,0,0,0.0,80.1,0.0,15.1,0.0,714.2,0.0,875.4,0.0,23.724,0.0,6.2,0.7344664251880748,0.007354452429024604,80.6,3,510081.6400000001,562.828176,38.440000000000005,16943.680800000002,4428.04,1
16.0,0.0,0.0,31.3,3.443,165.6,53.8,962.4,1062.2,True,False,True,False,False,False,False,False,True,3,0,1,0.0,165.6,0.0,53.8,0.0,962.4,0.0,1062.2,0.0,3.443,0.0,16.0,3443.0,3443.0,31.3,357,926213.76,11.854249000000001,256.0,3313.5432,15398.4,0
0.0,0.0,0.0,0.0,0.0,10.0,325.8,944.4,1331.4,True,False,True,False,False,False,False,False,True,3,0,0,0.0,10.0,0.0,325.8,0.0,944.4,0.0,1331.4,0.0,0.0,0.0,0.0,0.0,0.0,0.0,336,891891.36,0.0,0.0,0.0,0.0,0
0.5,0.0,0.0,0.0,0.0,69.4,97.8,928.6,1105.0,True,False,True,False,False,False,False,False,True,3,0,0,0.0,69.4,0.0,97.8,0.0,928.6,0.0,1105.0,0.0,0.0,0.0,0.5,0.0,0.0,0.0,346,862297.9600000001,0.0,0.25,0.0,464.3,0
0.1,0.0,0.0,0.0,0.0,104.2,12.8,1056.8,1105.0,True,False,True,False,False,False,False,False,True,1,0,0,0.0,104.2,0.0,12.8,0.0,1056.8,0.0,1105.0,0.0,0.0,0.0,0.1,0.0,0.0,0.0,331,1116826.24,0.0,0.010000000000000002,0.0,105.68,0
9.0,3333.3,0.0,200.0,22.0,169.0,40.6,926.6,1062.2,False,True,True,False,False,False,False,False,True,0,0,0,169.0,0.0,40.6,0.0,926.6,0.0,1062.2,0.0,22.0,0.0,9.0,0.0,22000.0,0.006600064020620999,200.0,362,858587.56,484.0,81.0,20385.2,8339.4,0
0.1,0.0,0.0,0.0,0.0,104.4,21.0,914.6,1331.4,True,False,True,False,False,False,False,False,True,1,0,0,0.0,104.4,0.0,21.0,0.0,914.6,0.0,1331.4,0.0,0.0,0.0,0.1,0.0,0.0,0.0,323,836493.16,0.0,0.010000000000000002,0.0,91.46000000000001,0
10.0,1000.0,0.0,0.0,0.0,122.3,53.3,789.0,875.4,True,False,False,False,False,False,True,False,True,1,0,0,0.0,122.3,0.0,53.3,0.0,789.0,0.0,875.4,0.0,0.0,0.0,10.0,0.0,0.0,0.0,358,622521.0,0.0,100.0,0.0,7890.0,1
0.1,0.0,0.0,0.0,0.0,69.4,97.8,928.6,1105.0,False,True,True,False,False,False,False,False,True,0,1,1,69.4,0.0,97.8,0.0,928.6,0.0,1105.0,0.0,0.0,0.0,0.1,0.0,0.0,0.0,0.0,346,862297.9600000001,0.0,0.010000000000000002,0.0,92.86000000000001,0
5.4,3690.0,0.0,0.0,0.0,151.8,7.4,634.4,1062.2,True,False,True,False,False,False,False,False,True,1,0,1,0.0,151.8,0.0,7.4,0.0,634.4,0.0,1062.2,0.0,0.0,0.0,5.4,0.0,0.0,0.0,20,402463.36,0.0,29.160000000000004,0.0,3425.76,1
10.0,4166.7,30.0,0.0,13.8,117.0,234.0,1171.3,1288.7,False,True,True,False,False,False,False,False,True,0,1,0,117.0,0.0,234.0,0.0,1171.3,0.0,1288.7,0.0,13.8,0.0,10.0,0.0,0.45998466717776076,0.003311972709344875,0.0,328,1371943.69,190.44000000000003,100.0,16163.94,11713.0,0
0.2,0.0,0.0,0.0,0.0,136.6,2.4,956.2,1105.0,True,False,True,False,False,False,False,False,True,1,0,0,0.0,136.6,0.0,2.4,0.0,956.2,0.0,1105.0,0.0,0.0,0.0,0.2,0.0,0.0,0.0,341,914318.4400000001,0.0,0.04000000000000001,0.0,191.24,0
0.7,0.0,0.0,0.0,0.0,30.8,90.0,933.9,1089.9,False,True,False,True,False,False,False,False,True,0,0,0,30.8,0.0,90.0,0.0,933.9,0.0,1089.9,0.0,0.0,0.0,0.7,0.0,0.0,0.0,0.0,350,872169.21,0.0,0.48999999999999994,0.0,653.7299999999999,0
0.1,0.0,0.0,0.0,0.0,86.6,299.8,894.2,1105.0,True,False,True,False,False,False,False,False,True,1,0,0,0.0,86.6,0.0,299.8,0.0,894.2,0.0,1105.0,0.0,0.0,0.0,0.1,0.0,0.0,0.0,363,799593.6400000001,0.0,0.010000000000000002,0.0,89.42000000000002,0
0.1,0.0,0.0,0.0,0.0,69.4,97.8,928.6,1105.0,False,True,True,False,False,False,False,False,True,0,0,0,69.4,0.0,97.8,0.0,928.6,0.0,1105.0,0.0,0.0,0.0,0.1,0.0,0.0,0.0,0.0,346,862297.9600000001,0.0,0.010000000000000002,0.0,92.86000000000001,0
0.5,500.0,0.0,0.0,0.0,109.6,207.8,766.4,1227.0,False,True,False,True,False,False,False,False,True,0,0,0,109.6,0.0,207.8,0.0,766.4,0.0,1227.0,0.0,0.0,0.0,0.5,0.0,0.0,0.0,0.0,310,587368.96,0.0,0.25,0.0,383.2,1
0.7,4285.7,0.0,142.9,15.719,129.0,8.6,704.4,1062.2,False,True,True,False,False,False,False,False,True,0,0,0,129.0,0.0,8.6,0.0,704.4,0.0,1062.2,0.0,15.719,0.0,0.7,0.0,15718.999999999998,0.0036677780367785806,142.9,10,496179.36,247.08696099999997,0.48999999999999994,11072.4636,493.0799999999999,1
42.0,3225.8,47.6,95.2,32.368,44.7,6.0,1307.7,1331.2,True,False,False,False,False,False,True,True,False,1,0,0,0.0,44.7,0.0,6.0,0.0,1307.7,0.0,1331.2,0.0,32.368,0.0,42.0,0.6799857145858281,0.010034096957623858,95.2,354,1710079.29,1047.6874240000002,1764.0,42327.6336,54923.4,0
8.5,0.0,71.0,59.2,39.172,198.2,43.4,934.2,1062.2,False,True,True,False,False,False,False,False,True,0,0,0,198.2,0.0,43.4,0.0,934.2,0.0,1062.2,0.0,39.172,0.0,8.5,0.0,0.5517105392881789,39171.99999999999,59.2,358,872729.6400000001,1534.4455839999998,72.25,36594.4824,7940.700000000001,0
70.0,4166.7,120.0,200.0,77.2,31.0,143.5,925.4,1108.4,False,True,False,False,True,False,False,False,True,0,1,0,31.0,0.0,143.5,0.0,925.4,0.0,1108.4,0.0,77.2,0.0,70.0,0.0,0.6433279722668978,0.018527847330537996,200.0,345,856365.1599999999,5959.84,4900.0,71440.88,64778.0,0
0.5,2500.0,22.0,0.0,10.12,187.6,30.5,727.8,1227.0,False,True,False,True,False,False,False,False,True,0,0,0,187.6,0.0,30.5,0.0,727.8,0.0,1227.0,0.0,10.12,0.0,0.5,0.0,0.4599790918594609,0.004047998380800647,0.0,323,529692.84,102.41439999999999,0.25,7365.335999999999,363.9,1
12.0,0.0,0.0,0.0,0.0,198.2,43.4,934.2,1062.2,False,True,True,False,False,False,False,False,True,0,0,0,198.2,0.0,43.4,0.0,934.2,0.0,1062.2,0.0,0.0,0.0,12.0,0.0,0.0,0.0,0.0,358,872729.6400000001,0.0,144.0,0.0,11210.400000000001,0
0.1,0.0,0.0,0.0,0.0,41.5,66.6,741.7,900.1,False,True,False,False,False,True,False,True,False,0,0,0,41.5,0.0,66.6,0.0,741.7,0.0,900.1,0.0,0.0,0.0,0.1,0.0,0.0,0.0,0.0,349,550118.89,0.0,0.010000000000000002,0.0,74.17,1
0.3,0.0,0.0,0.0,0.0,63.9,342.6,927.9,1089.9,False,True,False,True,False,False,False,False,True,0,0,0,63.9,0.0,342.6,0.0,927.9,0.0,1089.9,0.0,0.0,0.0,0.3,0.0,0.0,0.0,0.0,363,860998.4099999999,0.0,0.09,0.0,278.37,0
218.0,0.0,0.0,65.0,7.15,86.9,1.2,665.5,844.8,True,False,False,True,False,False,False,False,True,1,1,1,0.0,86.9,0.0,1.2,0.0,665.5,0.0,844.8,0.0,7.15,0.0,218.0,7150.0,7150.0,65.0,3,442890.25,51.1225,47524.0,4758.325,145079.0,1
7.2,1733.7,0.0,0.0,0.0,3.4,281.82,803.42,844.8,False,True,False,True,False,False,False,False,True,0,0,0,3.4,0.0,281.82,0.0,803.42,0.0,844.8,0.0,0.0,0.0,7.2,0.0,0.0,0.0,0.0,335,645483.6963999999,0.0,51.84,0.0,5784.624,1
19.7,0.0,50.8,0.0,23.368,171.7,30.6,718.2,806.1,False,True,False,False,True,False,False,False,True,0,1,0,171.7,0.0,30.6,0.0,718.2,0.0,806.1,0.0,23.368,0.0,19.7,0.0,0.4599909450601366,23367.999999999996,0.0,361,515811.24000000005,546.0634239999999,388.09,16782.8976,14148.54,1
30.7,3258.4,0.0,65.2,7.172,45.6,15.1,713.4,875.4,True,False,False,False,False,False,True,False,True,1,0,0,0.0,45.6,0.0,15.1,0.0,713.4,0.0,875.4,0.0,7.172,0.0,30.7,7172.0,0.002201079609293024,65.2,6,508939.55999999994,51.437583999999994,942.49,5116.5048,21901.379999999997,1
0.1,0.0,0.0,0.0,0.0,90.0,34.4,928.6,1105.0,False,True,True,False,False,False,False,False,True,0,0,0,90.0,0.0,34.4,0.0,928.6,0.0,1105.0,0.0,0.0,0.0,0.1,0.0,0.0,0.0,0.0,345,862297.9600000001,0.0,0.010000000000000002,0.0,92.86000000000001,0
0.2,0.0,0.0,0.0,0.0,46.4,138.4,908.6,1105.0,False,True,True,False,False,False,False,False,True,0,0,0,46.4,0.0,138.4,0.0,908.6,0.0,1105.0,0.0,0.0,0.0,0.2,0.0,0.0,0.0,0.0,349,825553.9600000001,0.0,0.04000000000000001,0.0,181.72000000000003,0
